image_path,image_label,pred_image_label,act_label,pred_label,cleaned_pred_label,top5_similar_labels_with_scores
D:\ZSL\CNN\Test_TRIAL_DATASET_1-CLASS_1\seal\seal_10001.jpg,seal,walrus,27,17,walrus,"(['humpback whale', 'pig', 'seal', 'hippopotamus', 'giant panda'], [49.61, 33.32, 21.44, 14.39, 6.44])"
D:\ZSL\CNN\Test_TRIAL_DATASET_1-CLASS_1\seal\seal_10002.jpg,seal,walrus,27,17,walrus,"(['humpback whale', 'pig', 'seal', 'hippopotamus', 'giant panda'], [49.61, 33.32, 21.44, 14.39, 6.44])"
D:\ZSL\CNN\Test_TRIAL_DATASET_1-CLASS_1\seal\seal_10003.jpg,seal,rhinoceros,27,12,rhinoceros,"(['hippopotamus', 'humpback whale', 'raccoon', 'persian cat', 'seal'], [48.51, 40.93, 28.97, 23.56, 11.96])"
D:\ZSL\CNN\Test_TRIAL_DATASET_1-CLASS_1\seal\seal_10004.jpg,seal,dolphin,27,4,dolphin,"(['humpback whale', 'seal', 'leopard', 'rat', 'chimpanzee'], [72.35, 51.32, 7.29, -5.12, -8.04])"
D:\ZSL\CNN\Test_TRIAL_DATASET_1-CLASS_1\seal\seal_10005.jpg,seal,walrus,27,17,walrus,"(['humpback whale', 'pig', 'seal', 'hippopotamus', 'giant panda'], [49.61, 33.32, 21.44, 14.39, 6.44])"
D:\ZSL\CNN\Test_TRIAL_DATASET_1-CLASS_1\seal\seal_10006.jpg,seal,rhinoceros,27,12,rhinoceros,"(['hippopotamus', 'humpback whale', 'raccoon', 'persian cat', 'seal'], [48.51, 40.93, 28.97, 23.56, 11.96])"
D:\ZSL\CNN\Test_TRIAL_DATASET_1-CLASS_1\seal\seal_10007.jpg,seal,walrus,27,17,walrus,"(['humpback whale', 'pig', 'seal', 'hippopotamus', 'giant panda'], [49.61, 33.32, 21.44, 14.39, 6.44])"
D:\ZSL\CNN\Test_TRIAL_DATASET_1-CLASS_1\seal\seal_10008.jpg,seal,walrus,27,17,walrus,"(['humpback whale', 'pig', 'seal', 'hippopotamus', 'giant panda'], [49.61, 33.32, 21.44, 14.39, 6.44])"
D:\ZSL\CNN\Test_TRIAL_DATASET_1-CLASS_1\seal\seal_10009.jpg,seal,walrus,27,17,walrus,"(['humpback whale', 'pig', 'seal', 'hippopotamus', 'giant panda'], [49.61, 33.32, 21.44, 14.39, 6.44])"
D:\ZSL\CNN\Test_TRIAL_DATASET_1-CLASS_1\seal\seal_10010.jpg,seal,walrus,27,17,walrus,"(['humpback whale', 'pig', 'seal', 'hippopotamus', 'giant panda'], [49.61, 33.32, 21.44, 14.39, 6.44])"
D:\ZSL\CNN\Test_TRIAL_DATASET_1-CLASS_1\seal\seal_10011.jpg,seal,walrus,27,17,walrus,"(['humpback whale', 'pig', 'seal', 'hippopotamus', 'giant panda'], [49.61, 33.32, 21.44, 14.39, 6.44])"
D:\ZSL\CNN\Test_TRIAL_DATASET_1-CLASS_1\seal\seal_10012.jpg,seal,walrus,27,17,walrus,"(['humpback whale', 'pig', 'seal', 'hippopotamus', 'giant panda'], [49.61, 33.32, 21.44, 14.39, 6.44])"
D:\ZSL\CNN\Test_TRIAL_DATASET_1-CLASS_1\seal\seal_10013.jpg,seal,rhinoceros,27,12,rhinoceros,"(['hippopotamus', 'humpback whale', 'raccoon', 'persian cat', 'seal'], [48.51, 40.93, 28.97, 23.56, 11.96])"
D:\ZSL\CNN\Test_TRIAL_DATASET_1-CLASS_1\seal\seal_10014.jpg,seal,walrus,27,17,walrus,"(['humpback whale', 'pig', 'seal', 'hippopotamus', 'giant panda'], [49.61, 33.32, 21.44, 14.39, 6.44])"
D:\ZSL\CNN\Test_TRIAL_DATASET_1-CLASS_1\seal\seal_10015.jpg,seal,walrus,27,17,walrus,"(['humpback whale', 'pig', 'seal', 'hippopotamus', 'giant panda'], [49.61, 33.32, 21.44, 14.39, 6.44])"
D:\ZSL\CNN\Test_TRIAL_DATASET_1-CLASS_1\seal\seal_10016.jpg,seal,walrus,27,17,walrus,"(['humpback whale', 'pig', 'seal', 'hippopotamus', 'giant panda'], [49.61, 33.32, 21.44, 14.39, 6.44])"
D:\ZSL\CNN\Test_TRIAL_DATASET_1-CLASS_1\seal\seal_10017.jpg,seal,rhinoceros,27,12,rhinoceros,"(['hippopotamus', 'humpback whale', 'raccoon', 'persian cat', 'seal'], [48.51, 40.93, 28.97, 23.56, 11.96])"
D:\ZSL\CNN\Test_TRIAL_DATASET_1-CLASS_1\seal\seal_10018.jpg,seal,walrus,27,17,walrus,"(['humpback whale', 'pig', 'seal', 'hippopotamus', 'giant panda'], [49.61, 33.32, 21.44, 14.39, 6.44])"
D:\ZSL\CNN\Test_TRIAL_DATASET_1-CLASS_1\seal\seal_10019.jpg,seal,walrus,27,17,walrus,"(['humpback whale', 'pig', 'seal', 'hippopotamus', 'giant panda'], [49.61, 33.32, 21.44, 14.39, 6.44])"
D:\ZSL\CNN\Test_TRIAL_DATASET_1-CLASS_1\seal\seal_10020.jpg,seal,walrus,27,17,walrus,"(['humpback whale', 'pig', 'seal', 'hippopotamus', 'giant panda'], [49.61, 33.32, 21.44, 14.39, 6.44])"
D:\ZSL\CNN\Test_TRIAL_DATASET_1-CLASS_1\seal\seal_10021.jpg,seal,walrus,27,17,walrus,"(['humpback whale', 'pig', 'seal', 'hippopotamus', 'giant panda'], [49.61, 33.32, 21.44, 14.39, 6.44])"
D:\ZSL\CNN\Test_TRIAL_DATASET_1-CLASS_1\seal\seal_10022.jpg,seal,walrus,27,17,walrus,"(['humpback whale', 'pig', 'seal', 'hippopotamus', 'giant panda'], [49.61, 33.32, 21.44, 14.39, 6.44])"
D:\ZSL\CNN\Test_TRIAL_DATASET_1-CLASS_1\seal\seal_10023.jpg,seal,walrus,27,17,walrus,"(['humpback whale', 'pig', 'seal', 'hippopotamus', 'giant panda'], [49.61, 33.32, 21.44, 14.39, 6.44])"
D:\ZSL\CNN\Test_TRIAL_DATASET_1-CLASS_1\seal\seal_10024.jpg,seal,walrus,27,17,walrus,"(['humpback whale', 'pig', 'seal', 'hippopotamus', 'giant panda'], [49.61, 33.32, 21.44, 14.39, 6.44])"
D:\ZSL\CNN\Test_TRIAL_DATASET_1-CLASS_1\seal\seal_10025.jpg,seal,walrus,27,17,walrus,"(['humpback whale', 'pig', 'seal', 'hippopotamus', 'giant panda'], [49.61, 33.32, 21.44, 14.39, 6.44])"
D:\ZSL\CNN\Test_TRIAL_DATASET_1-CLASS_1\seal\seal_10026.jpg,seal,walrus,27,17,walrus,"(['humpback whale', 'pig', 'seal', 'hippopotamus', 'giant panda'], [49.61, 33.32, 21.44, 14.39, 6.44])"
D:\ZSL\CNN\Test_TRIAL_DATASET_1-CLASS_1\seal\seal_10027.jpg,seal,walrus,27,17,walrus,"(['humpback whale', 'pig', 'seal', 'hippopotamus', 'giant panda'], [49.61, 33.32, 21.44, 14.39, 6.44])"
D:\ZSL\CNN\Test_TRIAL_DATASET_1-CLASS_1\seal\seal_10028.jpg,seal,walrus,27,17,walrus,"(['humpback whale', 'pig', 'seal', 'hippopotamus', 'giant panda'], [49.61, 33.32, 21.44, 14.39, 6.44])"
D:\ZSL\CNN\Test_TRIAL_DATASET_1-CLASS_1\seal\seal_10029.jpg,seal,walrus,27,17,walrus,"(['humpback whale', 'pig', 'seal', 'hippopotamus', 'giant panda'], [49.61, 33.32, 21.44, 14.39, 6.44])"
D:\ZSL\CNN\Test_TRIAL_DATASET_1-CLASS_1\seal\seal_10030.jpg,seal,walrus,27,17,walrus,"(['humpback whale', 'pig', 'seal', 'hippopotamus', 'giant panda'], [49.61, 33.32, 21.44, 14.39, 6.44])"
D:\ZSL\CNN\Test_TRIAL_DATASET_1-CLASS_1\seal\seal_10031.jpg,seal,walrus,27,17,walrus,"(['humpback whale', 'pig', 'seal', 'hippopotamus', 'giant panda'], [49.61, 33.32, 21.44, 14.39, 6.44])"
D:\ZSL\CNN\Test_TRIAL_DATASET_1-CLASS_1\seal\seal_10032.jpg,seal,walrus,27,17,walrus,"(['humpback whale', 'pig', 'seal', 'hippopotamus', 'giant panda'], [49.61, 33.32, 21.44, 14.39, 6.44])"
D:\ZSL\CNN\Test_TRIAL_DATASET_1-CLASS_1\seal\seal_10033.jpg,seal,walrus,27,17,walrus,"(['humpback whale', 'pig', 'seal', 'hippopotamus', 'giant panda'], [49.61, 33.32, 21.44, 14.39, 6.44])"
D:\ZSL\CNN\Test_TRIAL_DATASET_1-CLASS_1\seal\seal_10034.jpg,seal,walrus,27,17,walrus,"(['humpback whale', 'pig', 'seal', 'hippopotamus', 'giant panda'], [49.61, 33.32, 21.44, 14.39, 6.44])"
D:\ZSL\CNN\Test_TRIAL_DATASET_1-CLASS_1\seal\seal_10035.jpg,seal,walrus,27,17,walrus,"(['humpback whale', 'pig', 'seal', 'hippopotamus', 'giant panda'], [49.61, 33.32, 21.44, 14.39, 6.44])"
D:\ZSL\CNN\Test_TRIAL_DATASET_1-CLASS_1\seal\seal_10036.jpg,seal,walrus,27,17,walrus,"(['humpback whale', 'pig', 'seal', 'hippopotamus', 'giant panda'], [49.61, 33.32, 21.44, 14.39, 6.44])"
D:\ZSL\CNN\Test_TRIAL_DATASET_1-CLASS_1\seal\seal_10037.jpg,seal,walrus,27,17,walrus,"(['humpback whale', 'pig', 'seal', 'hippopotamus', 'giant panda'], [49.61, 33.32, 21.44, 14.39, 6.44])"
D:\ZSL\CNN\Test_TRIAL_DATASET_1-CLASS_1\seal\seal_10038.jpg,seal,walrus,27,17,walrus,"(['humpback whale', 'pig', 'seal', 'hippopotamus', 'giant panda'], [49.61, 33.32, 21.44, 14.39, 6.44])"
D:\ZSL\CNN\Test_TRIAL_DATASET_1-CLASS_1\seal\seal_10039.jpg,seal,walrus,27,17,walrus,"(['humpback whale', 'pig', 'seal', 'hippopotamus', 'giant panda'], [49.61, 33.32, 21.44, 14.39, 6.44])"
D:\ZSL\CNN\Test_TRIAL_DATASET_1-CLASS_1\seal\seal_10040.jpg,seal,walrus,27,17,walrus,"(['humpback whale', 'pig', 'seal', 'hippopotamus', 'giant panda'], [49.61, 33.32, 21.44, 14.39, 6.44])"
D:\ZSL\CNN\Test_TRIAL_DATASET_1-CLASS_1\seal\seal_10041.jpg,seal,rhinoceros,27,12,rhinoceros,"(['hippopotamus', 'humpback whale', 'raccoon', 'persian cat', 'seal'], [48.51, 40.93, 28.97, 23.56, 11.96])"
D:\ZSL\CNN\Test_TRIAL_DATASET_1-CLASS_1\seal\seal_10042.jpg,seal,walrus,27,17,walrus,"(['humpback whale', 'pig', 'seal', 'hippopotamus', 'giant panda'], [49.61, 33.32, 21.44, 14.39, 6.44])"
D:\ZSL\CNN\Test_TRIAL_DATASET_1-CLASS_1\seal\seal_10043.jpg,seal,walrus,27,17,walrus,"(['humpback whale', 'pig', 'seal', 'hippopotamus', 'giant panda'], [49.61, 33.32, 21.44, 14.39, 6.44])"
D:\ZSL\CNN\Test_TRIAL_DATASET_1-CLASS_1\seal\seal_10044.jpg,seal,walrus,27,17,walrus,"(['humpback whale', 'pig', 'seal', 'hippopotamus', 'giant panda'], [49.61, 33.32, 21.44, 14.39, 6.44])"
D:\ZSL\CNN\Test_TRIAL_DATASET_1-CLASS_1\seal\seal_10045.jpg,seal,walrus,27,17,walrus,"(['humpback whale', 'pig', 'seal', 'hippopotamus', 'giant panda'], [49.61, 33.32, 21.44, 14.39, 6.44])"
D:\ZSL\CNN\Test_TRIAL_DATASET_1-CLASS_1\seal\seal_10046.jpg,seal,walrus,27,17,walrus,"(['humpback whale', 'pig', 'seal', 'hippopotamus', 'giant panda'], [49.61, 33.32, 21.44, 14.39, 6.44])"
D:\ZSL\CNN\Test_TRIAL_DATASET_1-CLASS_1\seal\seal_10047.jpg,seal,walrus,27,17,walrus,"(['humpback whale', 'pig', 'seal', 'hippopotamus', 'giant panda'], [49.61, 33.32, 21.44, 14.39, 6.44])"
D:\ZSL\CNN\Test_TRIAL_DATASET_1-CLASS_1\seal\seal_10048.jpg,seal,walrus,27,17,walrus,"(['humpback whale', 'pig', 'seal', 'hippopotamus', 'giant panda'], [49.61, 33.32, 21.44, 14.39, 6.44])"
D:\ZSL\CNN\Test_TRIAL_DATASET_1-CLASS_1\seal\seal_10049.jpg,seal,walrus,27,17,walrus,"(['humpback whale', 'pig', 'seal', 'hippopotamus', 'giant panda'], [49.61, 33.32, 21.44, 14.39, 6.44])"
D:\ZSL\CNN\Test_TRIAL_DATASET_1-CLASS_1\seal\seal_10050.jpg,seal,walrus,27,17,walrus,"(['humpback whale', 'pig', 'seal', 'hippopotamus', 'giant panda'], [49.61, 33.32, 21.44, 14.39, 6.44])"
D:\ZSL\CNN\Test_TRIAL_DATASET_1-CLASS_1\seal\seal_10051.jpg,seal,walrus,27,17,walrus,"(['humpback whale', 'pig', 'seal', 'hippopotamus', 'giant panda'], [49.61, 33.32, 21.44, 14.39, 6.44])"
D:\ZSL\CNN\Test_TRIAL_DATASET_1-CLASS_1\seal\seal_10052.jpg,seal,walrus,27,17,walrus,"(['humpback whale', 'pig', 'seal', 'hippopotamus', 'giant panda'], [49.61, 33.32, 21.44, 14.39, 6.44])"
D:\ZSL\CNN\Test_TRIAL_DATASET_1-CLASS_1\seal\seal_10053.jpg,seal,rhinoceros,27,12,rhinoceros,"(['hippopotamus', 'humpback whale', 'raccoon', 'persian cat', 'seal'], [48.51, 40.93, 28.97, 23.56, 11.96])"
D:\ZSL\CNN\Test_TRIAL_DATASET_1-CLASS_1\seal\seal_10054.jpg,seal,walrus,27,17,walrus,"(['humpback whale', 'pig', 'seal', 'hippopotamus', 'giant panda'], [49.61, 33.32, 21.44, 14.39, 6.44])"
D:\ZSL\CNN\Test_TRIAL_DATASET_1-CLASS_1\seal\seal_10055.jpg,seal,walrus,27,17,walrus,"(['humpback whale', 'pig', 'seal', 'hippopotamus', 'giant panda'], [49.61, 33.32, 21.44, 14.39, 6.44])"
D:\ZSL\CNN\Test_TRIAL_DATASET_1-CLASS_1\seal\seal_10056.jpg,seal,dolphin,27,4,dolphin,"(['humpback whale', 'seal', 'leopard', 'rat', 'chimpanzee'], [72.35, 51.32, 7.29, -5.12, -8.04])"
D:\ZSL\CNN\Test_TRIAL_DATASET_1-CLASS_1\seal\seal_10057.jpg,seal,walrus,27,17,walrus,"(['humpback whale', 'pig', 'seal', 'hippopotamus', 'giant panda'], [49.61, 33.32, 21.44, 14.39, 6.44])"
D:\ZSL\CNN\Test_TRIAL_DATASET_1-CLASS_1\seal\seal_10058.jpg,seal,walrus,27,17,walrus,"(['humpback whale', 'pig', 'seal', 'hippopotamus', 'giant panda'], [49.61, 33.32, 21.44, 14.39, 6.44])"
D:\ZSL\CNN\Test_TRIAL_DATASET_1-CLASS_1\seal\seal_10059.jpg,seal,walrus,27,17,walrus,"(['humpback whale', 'pig', 'seal', 'hippopotamus', 'giant panda'], [49.61, 33.32, 21.44, 14.39, 6.44])"
D:\ZSL\CNN\Test_TRIAL_DATASET_1-CLASS_1\seal\seal_10060.jpg,seal,walrus,27,17,walrus,"(['humpback whale', 'pig', 'seal', 'hippopotamus', 'giant panda'], [49.61, 33.32, 21.44, 14.39, 6.44])"
D:\ZSL\CNN\Test_TRIAL_DATASET_1-CLASS_1\seal\seal_10061.jpg,seal,walrus,27,17,walrus,"(['humpback whale', 'pig', 'seal', 'hippopotamus', 'giant panda'], [49.61, 33.32, 21.44, 14.39, 6.44])"
D:\ZSL\CNN\Test_TRIAL_DATASET_1-CLASS_1\seal\seal_10062.jpg,seal,walrus,27,17,walrus,"(['humpback whale', 'pig', 'seal', 'hippopotamus', 'giant panda'], [49.61, 33.32, 21.44, 14.39, 6.44])"
D:\ZSL\CNN\Test_TRIAL_DATASET_1-CLASS_1\seal\seal_10063.jpg,seal,walrus,27,17,walrus,"(['humpback whale', 'pig', 'seal', 'hippopotamus', 'giant panda'], [49.61, 33.32, 21.44, 14.39, 6.44])"
D:\ZSL\CNN\Test_TRIAL_DATASET_1-CLASS_1\seal\seal_10064.jpg,seal,walrus,27,17,walrus,"(['humpback whale', 'pig', 'seal', 'hippopotamus', 'giant panda'], [49.61, 33.32, 21.44, 14.39, 6.44])"
D:\ZSL\CNN\Test_TRIAL_DATASET_1-CLASS_1\seal\seal_10065.jpg,seal,bear,27,0,bear,"(['giant panda', 'raccoon', 'seal', 'pig', 'humpback whale'], [49.72, 40.56, 19.3, 8.36, 0.21])"
D:\ZSL\CNN\Test_TRIAL_DATASET_1-CLASS_1\seal\seal_10066.jpg,seal,walrus,27,17,walrus,"(['humpback whale', 'pig', 'seal', 'hippopotamus', 'giant panda'], [49.61, 33.32, 21.44, 14.39, 6.44])"
D:\ZSL\CNN\Test_TRIAL_DATASET_1-CLASS_1\seal\seal_10067.jpg,seal,killer_whale,27,6,killer whale,"(['humpback whale', 'seal', 'giant panda', 'hippopotamus', 'chimpanzee'], [95.35, 19.41, 19.04, 8.86, -6.86])"
D:\ZSL\CNN\Test_TRIAL_DATASET_1-CLASS_1\seal\seal_10068.jpg,seal,walrus,27,17,walrus,"(['humpback whale', 'pig', 'seal', 'hippopotamus', 'giant panda'], [49.61, 33.32, 21.44, 14.39, 6.44])"
D:\ZSL\CNN\Test_TRIAL_DATASET_1-CLASS_1\seal\seal_10069.jpg,seal,walrus,27,17,walrus,"(['humpback whale', 'pig', 'seal', 'hippopotamus', 'giant panda'], [49.61, 33.32, 21.44, 14.39, 6.44])"
D:\ZSL\CNN\Test_TRIAL_DATASET_1-CLASS_1\seal\seal_10070.jpg,seal,walrus,27,17,walrus,"(['humpback whale', 'pig', 'seal', 'hippopotamus', 'giant panda'], [49.61, 33.32, 21.44, 14.39, 6.44])"
D:\ZSL\CNN\Test_TRIAL_DATASET_1-CLASS_1\seal\seal_10071.jpg,seal,rhinoceros,27,12,rhinoceros,"(['hippopotamus', 'humpback whale', 'raccoon', 'persian cat', 'seal'], [48.51, 40.93, 28.97, 23.56, 11.96])"
D:\ZSL\CNN\Test_TRIAL_DATASET_1-CLASS_1\seal\seal_10072.jpg,seal,walrus,27,17,walrus,"(['humpback whale', 'pig', 'seal', 'hippopotamus', 'giant panda'], [49.61, 33.32, 21.44, 14.39, 6.44])"
D:\ZSL\CNN\Test_TRIAL_DATASET_1-CLASS_1\seal\seal_10073.jpg,seal,walrus,27,17,walrus,"(['humpback whale', 'pig', 'seal', 'hippopotamus', 'giant panda'], [49.61, 33.32, 21.44, 14.39, 6.44])"
D:\ZSL\CNN\Test_TRIAL_DATASET_1-CLASS_1\seal\seal_10074.jpg,seal,walrus,27,17,walrus,"(['humpback whale', 'pig', 'seal', 'hippopotamus', 'giant panda'], [49.61, 33.32, 21.44, 14.39, 6.44])"
D:\ZSL\CNN\Test_TRIAL_DATASET_1-CLASS_1\seal\seal_10075.jpg,seal,walrus,27,17,walrus,"(['humpback whale', 'pig', 'seal', 'hippopotamus', 'giant panda'], [49.61, 33.32, 21.44, 14.39, 6.44])"
D:\ZSL\CNN\Test_TRIAL_DATASET_1-CLASS_1\seal\seal_10076.jpg,seal,walrus,27,17,walrus,"(['humpback whale', 'pig', 'seal', 'hippopotamus', 'giant panda'], [49.61, 33.32, 21.44, 14.39, 6.44])"
D:\ZSL\CNN\Test_TRIAL_DATASET_1-CLASS_1\seal\seal_10077.jpg,seal,walrus,27,17,walrus,"(['humpback whale', 'pig', 'seal', 'hippopotamus', 'giant panda'], [49.61, 33.32, 21.44, 14.39, 6.44])"
D:\ZSL\CNN\Test_TRIAL_DATASET_1-CLASS_1\seal\seal_10078.jpg,seal,walrus,27,17,walrus,"(['humpback whale', 'pig', 'seal', 'hippopotamus', 'giant panda'], [49.61, 33.32, 21.44, 14.39, 6.44])"
D:\ZSL\CNN\Test_TRIAL_DATASET_1-CLASS_1\seal\seal_10079.jpg,seal,walrus,27,17,walrus,"(['humpback whale', 'pig', 'seal', 'hippopotamus', 'giant panda'], [49.61, 33.32, 21.44, 14.39, 6.44])"
D:\ZSL\CNN\Test_TRIAL_DATASET_1-CLASS_1\seal\seal_10080.jpg,seal,dolphin,27,4,dolphin,"(['humpback whale', 'seal', 'leopard', 'rat', 'chimpanzee'], [72.35, 51.32, 7.29, -5.12, -8.04])"
D:\ZSL\CNN\Test_TRIAL_DATASET_1-CLASS_1\seal\seal_10081.jpg,seal,walrus,27,17,walrus,"(['humpback whale', 'pig', 'seal', 'hippopotamus', 'giant panda'], [49.61, 33.32, 21.44, 14.39, 6.44])"
D:\ZSL\CNN\Test_TRIAL_DATASET_1-CLASS_1\seal\seal_10082.jpg,seal,walrus,27,17,walrus,"(['humpback whale', 'pig', 'seal', 'hippopotamus', 'giant panda'], [49.61, 33.32, 21.44, 14.39, 6.44])"
D:\ZSL\CNN\Test_TRIAL_DATASET_1-CLASS_1\seal\seal_10083.jpg,seal,walrus,27,17,walrus,"(['humpback whale', 'pig', 'seal', 'hippopotamus', 'giant panda'], [49.61, 33.32, 21.44, 14.39, 6.44])"
D:\ZSL\CNN\Test_TRIAL_DATASET_1-CLASS_1\seal\seal_10084.jpg,seal,walrus,27,17,walrus,"(['humpback whale', 'pig', 'seal', 'hippopotamus', 'giant panda'], [49.61, 33.32, 21.44, 14.39, 6.44])"
D:\ZSL\CNN\Test_TRIAL_DATASET_1-CLASS_1\seal\seal_10085.jpg,seal,walrus,27,17,walrus,"(['humpback whale', 'pig', 'seal', 'hippopotamus', 'giant panda'], [49.61, 33.32, 21.44, 14.39, 6.44])"
D:\ZSL\CNN\Test_TRIAL_DATASET_1-CLASS_1\seal\seal_10086.jpg,seal,walrus,27,17,walrus,"(['humpback whale', 'pig', 'seal', 'hippopotamus', 'giant panda'], [49.61, 33.32, 21.44, 14.39, 6.44])"
D:\ZSL\CNN\Test_TRIAL_DATASET_1-CLASS_1\seal\seal_10087.jpg,seal,walrus,27,17,walrus,"(['humpback whale', 'pig', 'seal', 'hippopotamus', 'giant panda'], [49.61, 33.32, 21.44, 14.39, 6.44])"
D:\ZSL\CNN\Test_TRIAL_DATASET_1-CLASS_1\seal\seal_10088.jpg,seal,walrus,27,17,walrus,"(['humpback whale', 'pig', 'seal', 'hippopotamus', 'giant panda'], [49.61, 33.32, 21.44, 14.39, 6.44])"
D:\ZSL\CNN\Test_TRIAL_DATASET_1-CLASS_1\seal\seal_10089.jpg,seal,walrus,27,17,walrus,"(['humpback whale', 'pig', 'seal', 'hippopotamus', 'giant panda'], [49.61, 33.32, 21.44, 14.39, 6.44])"
D:\ZSL\CNN\Test_TRIAL_DATASET_1-CLASS_1\seal\seal_10090.jpg,seal,rhinoceros,27,12,rhinoceros,"(['hippopotamus', 'humpback whale', 'raccoon', 'persian cat', 'seal'], [48.51, 40.93, 28.97, 23.56, 11.96])"
D:\ZSL\CNN\Test_TRIAL_DATASET_1-CLASS_1\seal\seal_10091.jpg,seal,walrus,27,17,walrus,"(['humpback whale', 'pig', 'seal', 'hippopotamus', 'giant panda'], [49.61, 33.32, 21.44, 14.39, 6.44])"
D:\ZSL\CNN\Test_TRIAL_DATASET_1-CLASS_1\seal\seal_10092.jpg,seal,walrus,27,17,walrus,"(['humpback whale', 'pig', 'seal', 'hippopotamus', 'giant panda'], [49.61, 33.32, 21.44, 14.39, 6.44])"
D:\ZSL\CNN\Test_TRIAL_DATASET_1-CLASS_1\seal\seal_10093.jpg,seal,walrus,27,17,walrus,"(['humpback whale', 'pig', 'seal', 'hippopotamus', 'giant panda'], [49.61, 33.32, 21.44, 14.39, 6.44])"
D:\ZSL\CNN\Test_TRIAL_DATASET_1-CLASS_1\seal\seal_10094.jpg,seal,dolphin,27,4,dolphin,"(['humpback whale', 'seal', 'leopard', 'rat', 'chimpanzee'], [72.35, 51.32, 7.29, -5.12, -8.04])"
D:\ZSL\CNN\Test_TRIAL_DATASET_1-CLASS_1\seal\seal_10095.jpg,seal,dolphin,27,4,dolphin,"(['humpback whale', 'seal', 'leopard', 'rat', 'chimpanzee'], [72.35, 51.32, 7.29, -5.12, -8.04])"
D:\ZSL\CNN\Test_TRIAL_DATASET_1-CLASS_1\seal\seal_10096.jpg,seal,walrus,27,17,walrus,"(['humpback whale', 'pig', 'seal', 'hippopotamus', 'giant panda'], [49.61, 33.32, 21.44, 14.39, 6.44])"
D:\ZSL\CNN\Test_TRIAL_DATASET_1-CLASS_1\seal\seal_10097.jpg,seal,walrus,27,17,walrus,"(['humpback whale', 'pig', 'seal', 'hippopotamus', 'giant panda'], [49.61, 33.32, 21.44, 14.39, 6.44])"
D:\ZSL\CNN\Test_TRIAL_DATASET_1-CLASS_1\seal\seal_10098.jpg,seal,walrus,27,17,walrus,"(['humpback whale', 'pig', 'seal', 'hippopotamus', 'giant panda'], [49.61, 33.32, 21.44, 14.39, 6.44])"
D:\ZSL\CNN\Test_TRIAL_DATASET_1-CLASS_1\seal\seal_10099.jpg,seal,rhinoceros,27,12,rhinoceros,"(['hippopotamus', 'humpback whale', 'raccoon', 'persian cat', 'seal'], [48.51, 40.93, 28.97, 23.56, 11.96])"
D:\ZSL\CNN\Test_TRIAL_DATASET_1-CLASS_1\seal\seal_10100.jpg,seal,siamese_cat,27,13,siamese cat,"(['persian cat', 'leopard', 'giant panda', 'raccoon', 'seal'], [95.16, 17.06, 6.12, -5.49, -8.13])"
D:\ZSL\CNN\Test_TRIAL_DATASET_1-CLASS_1\seal\seal_10101.jpg,seal,walrus,27,17,walrus,"(['humpback whale', 'pig', 'seal', 'hippopotamus', 'giant panda'], [49.61, 33.32, 21.44, 14.39, 6.44])"
D:\ZSL\CNN\Test_TRIAL_DATASET_1-CLASS_1\seal\seal_10102.jpg,seal,walrus,27,17,walrus,"(['humpback whale', 'pig', 'seal', 'hippopotamus', 'giant panda'], [49.61, 33.32, 21.44, 14.39, 6.44])"
D:\ZSL\CNN\Test_TRIAL_DATASET_1-CLASS_1\seal\seal_10103.jpg,seal,rhinoceros,27,12,rhinoceros,"(['hippopotamus', 'humpback whale', 'raccoon', 'persian cat', 'seal'], [48.51, 40.93, 28.97, 23.56, 11.96])"
D:\ZSL\CNN\Test_TRIAL_DATASET_1-CLASS_1\seal\seal_10104.jpg,seal,walrus,27,17,walrus,"(['humpback whale', 'pig', 'seal', 'hippopotamus', 'giant panda'], [49.61, 33.32, 21.44, 14.39, 6.44])"
D:\ZSL\CNN\Test_TRIAL_DATASET_1-CLASS_1\seal\seal_10105.jpg,seal,walrus,27,17,walrus,"(['humpback whale', 'pig', 'seal', 'hippopotamus', 'giant panda'], [49.61, 33.32, 21.44, 14.39, 6.44])"
D:\ZSL\CNN\Test_TRIAL_DATASET_1-CLASS_1\seal\seal_10106.jpg,seal,walrus,27,17,walrus,"(['humpback whale', 'pig', 'seal', 'hippopotamus', 'giant panda'], [49.61, 33.32, 21.44, 14.39, 6.44])"
D:\ZSL\CNN\Test_TRIAL_DATASET_1-CLASS_1\seal\seal_10107.jpg,seal,walrus,27,17,walrus,"(['humpback whale', 'pig', 'seal', 'hippopotamus', 'giant panda'], [49.61, 33.32, 21.44, 14.39, 6.44])"
D:\ZSL\CNN\Test_TRIAL_DATASET_1-CLASS_1\seal\seal_10108.jpg,seal,walrus,27,17,walrus,"(['humpback whale', 'pig', 'seal', 'hippopotamus', 'giant panda'], [49.61, 33.32, 21.44, 14.39, 6.44])"
D:\ZSL\CNN\Test_TRIAL_DATASET_1-CLASS_1\seal\seal_10109.jpg,seal,walrus,27,17,walrus,"(['humpback whale', 'pig', 'seal', 'hippopotamus', 'giant panda'], [49.61, 33.32, 21.44, 14.39, 6.44])"
D:\ZSL\CNN\Test_TRIAL_DATASET_1-CLASS_1\seal\seal_10110.jpg,seal,walrus,27,17,walrus,"(['humpback whale', 'pig', 'seal', 'hippopotamus', 'giant panda'], [49.61, 33.32, 21.44, 14.39, 6.44])"
D:\ZSL\CNN\Test_TRIAL_DATASET_1-CLASS_1\seal\seal_10111.jpg,seal,mouse,27,9,mouse,"(['rat', 'leopard', 'pig', 'raccoon', 'persian cat'], [84.74, 53.94, 16.24, -3.35, -10.14])"
D:\ZSL\CNN\Test_TRIAL_DATASET_1-CLASS_1\seal\seal_10112.jpg,seal,walrus,27,17,walrus,"(['humpback whale', 'pig', 'seal', 'hippopotamus', 'giant panda'], [49.61, 33.32, 21.44, 14.39, 6.44])"
D:\ZSL\CNN\Test_TRIAL_DATASET_1-CLASS_1\seal\seal_10113.jpg,seal,walrus,27,17,walrus,"(['humpback whale', 'pig', 'seal', 'hippopotamus', 'giant panda'], [49.61, 33.32, 21.44, 14.39, 6.44])"
D:\ZSL\CNN\Test_TRIAL_DATASET_1-CLASS_1\seal\seal_10114.jpg,seal,walrus,27,17,walrus,"(['humpback whale', 'pig', 'seal', 'hippopotamus', 'giant panda'], [49.61, 33.32, 21.44, 14.39, 6.44])"
D:\ZSL\CNN\Test_TRIAL_DATASET_1-CLASS_1\seal\seal_10115.jpg,seal,walrus,27,17,walrus,"(['humpback whale', 'pig', 'seal', 'hippopotamus', 'giant panda'], [49.61, 33.32, 21.44, 14.39, 6.44])"
D:\ZSL\CNN\Test_TRIAL_DATASET_1-CLASS_1\seal\seal_10116.jpg,seal,walrus,27,17,walrus,"(['humpback whale', 'pig', 'seal', 'hippopotamus', 'giant panda'], [49.61, 33.32, 21.44, 14.39, 6.44])"
D:\ZSL\CNN\Test_TRIAL_DATASET_1-CLASS_1\seal\seal_10117.jpg,seal,walrus,27,17,walrus,"(['humpback whale', 'pig', 'seal', 'hippopotamus', 'giant panda'], [49.61, 33.32, 21.44, 14.39, 6.44])"
D:\ZSL\CNN\Test_TRIAL_DATASET_1-CLASS_1\seal\seal_10118.jpg,seal,walrus,27,17,walrus,"(['humpback whale', 'pig', 'seal', 'hippopotamus', 'giant panda'], [49.61, 33.32, 21.44, 14.39, 6.44])"
D:\ZSL\CNN\Test_TRIAL_DATASET_1-CLASS_1\seal\seal_10119.jpg,seal,bear,27,0,bear,"(['giant panda', 'raccoon', 'seal', 'pig', 'humpback whale'], [49.72, 40.56, 19.3, 8.36, 0.21])"
D:\ZSL\CNN\Test_TRIAL_DATASET_1-CLASS_1\seal\seal_10120.jpg,seal,walrus,27,17,walrus,"(['humpback whale', 'pig', 'seal', 'hippopotamus', 'giant panda'], [49.61, 33.32, 21.44, 14.39, 6.44])"
D:\ZSL\CNN\Test_TRIAL_DATASET_1-CLASS_1\seal\seal_10121.jpg,seal,walrus,27,17,walrus,"(['humpback whale', 'pig', 'seal', 'hippopotamus', 'giant panda'], [49.61, 33.32, 21.44, 14.39, 6.44])"
D:\ZSL\CNN\Test_TRIAL_DATASET_1-CLASS_1\seal\seal_10122.jpg,seal,bear,27,0,bear,"(['giant panda', 'raccoon', 'seal', 'pig', 'humpback whale'], [49.72, 40.56, 19.3, 8.36, 0.21])"
D:\ZSL\CNN\Test_TRIAL_DATASET_1-CLASS_1\seal\seal_10123.jpg,seal,walrus,27,17,walrus,"(['humpback whale', 'pig', 'seal', 'hippopotamus', 'giant panda'], [49.61, 33.32, 21.44, 14.39, 6.44])"
D:\ZSL\CNN\Test_TRIAL_DATASET_1-CLASS_1\seal\seal_10124.jpg,seal,walrus,27,17,walrus,"(['humpback whale', 'pig', 'seal', 'hippopotamus', 'giant panda'], [49.61, 33.32, 21.44, 14.39, 6.44])"
D:\ZSL\CNN\Test_TRIAL_DATASET_1-CLASS_1\seal\seal_10125.jpg,seal,rhinoceros,27,12,rhinoceros,"(['hippopotamus', 'humpback whale', 'raccoon', 'persian cat', 'seal'], [48.51, 40.93, 28.97, 23.56, 11.96])"
D:\ZSL\CNN\Test_TRIAL_DATASET_1-CLASS_1\seal\seal_10126.jpg,seal,walrus,27,17,walrus,"(['humpback whale', 'pig', 'seal', 'hippopotamus', 'giant panda'], [49.61, 33.32, 21.44, 14.39, 6.44])"
D:\ZSL\CNN\Test_TRIAL_DATASET_1-CLASS_1\seal\seal_10127.jpg,seal,walrus,27,17,walrus,"(['humpback whale', 'pig', 'seal', 'hippopotamus', 'giant panda'], [49.61, 33.32, 21.44, 14.39, 6.44])"
D:\ZSL\CNN\Test_TRIAL_DATASET_1-CLASS_1\seal\seal_10128.jpg,seal,walrus,27,17,walrus,"(['humpback whale', 'pig', 'seal', 'hippopotamus', 'giant panda'], [49.61, 33.32, 21.44, 14.39, 6.44])"
D:\ZSL\CNN\Test_TRIAL_DATASET_1-CLASS_1\seal\seal_10129.jpg,seal,walrus,27,17,walrus,"(['humpback whale', 'pig', 'seal', 'hippopotamus', 'giant panda'], [49.61, 33.32, 21.44, 14.39, 6.44])"
D:\ZSL\CNN\Test_TRIAL_DATASET_1-CLASS_1\seal\seal_10130.jpg,seal,rhinoceros,27,12,rhinoceros,"(['hippopotamus', 'humpback whale', 'raccoon', 'persian cat', 'seal'], [48.51, 40.93, 28.97, 23.56, 11.96])"
D:\ZSL\CNN\Test_TRIAL_DATASET_1-CLASS_1\seal\seal_10131.jpg,seal,walrus,27,17,walrus,"(['humpback whale', 'pig', 'seal', 'hippopotamus', 'giant panda'], [49.61, 33.32, 21.44, 14.39, 6.44])"
D:\ZSL\CNN\Test_TRIAL_DATASET_1-CLASS_1\seal\seal_10132.jpg,seal,walrus,27,17,walrus,"(['humpback whale', 'pig', 'seal', 'hippopotamus', 'giant panda'], [49.61, 33.32, 21.44, 14.39, 6.44])"
D:\ZSL\CNN\Test_TRIAL_DATASET_1-CLASS_1\seal\seal_10133.jpg,seal,walrus,27,17,walrus,"(['humpback whale', 'pig', 'seal', 'hippopotamus', 'giant panda'], [49.61, 33.32, 21.44, 14.39, 6.44])"
D:\ZSL\CNN\Test_TRIAL_DATASET_1-CLASS_1\seal\seal_10134.jpg,seal,walrus,27,17,walrus,"(['humpback whale', 'pig', 'seal', 'hippopotamus', 'giant panda'], [49.61, 33.32, 21.44, 14.39, 6.44])"
D:\ZSL\CNN\Test_TRIAL_DATASET_1-CLASS_1\seal\seal_10135.jpg,seal,walrus,27,17,walrus,"(['humpback whale', 'pig', 'seal', 'hippopotamus', 'giant panda'], [49.61, 33.32, 21.44, 14.39, 6.44])"
D:\ZSL\CNN\Test_TRIAL_DATASET_1-CLASS_1\seal\seal_10136.jpg,seal,walrus,27,17,walrus,"(['humpback whale', 'pig', 'seal', 'hippopotamus', 'giant panda'], [49.61, 33.32, 21.44, 14.39, 6.44])"
D:\ZSL\CNN\Test_TRIAL_DATASET_1-CLASS_1\seal\seal_10137.jpg,seal,dolphin,27,4,dolphin,"(['humpback whale', 'seal', 'leopard', 'rat', 'chimpanzee'], [72.35, 51.32, 7.29, -5.12, -8.04])"
D:\ZSL\CNN\Test_TRIAL_DATASET_1-CLASS_1\seal\seal_10138.jpg,seal,walrus,27,17,walrus,"(['humpback whale', 'pig', 'seal', 'hippopotamus', 'giant panda'], [49.61, 33.32, 21.44, 14.39, 6.44])"
D:\ZSL\CNN\Test_TRIAL_DATASET_1-CLASS_1\seal\seal_10139.jpg,seal,bear,27,0,bear,"(['giant panda', 'raccoon', 'seal', 'pig', 'humpback whale'], [49.72, 40.56, 19.3, 8.36, 0.21])"
D:\ZSL\CNN\Test_TRIAL_DATASET_1-CLASS_1\seal\seal_10140.jpg,seal,walrus,27,17,walrus,"(['humpback whale', 'pig', 'seal', 'hippopotamus', 'giant panda'], [49.61, 33.32, 21.44, 14.39, 6.44])"
D:\ZSL\CNN\Test_TRIAL_DATASET_1-CLASS_1\seal\seal_10141.jpg,seal,walrus,27,17,walrus,"(['humpback whale', 'pig', 'seal', 'hippopotamus', 'giant panda'], [49.61, 33.32, 21.44, 14.39, 6.44])"
D:\ZSL\CNN\Test_TRIAL_DATASET_1-CLASS_1\seal\seal_10142.jpg,seal,bear,27,0,bear,"(['giant panda', 'raccoon', 'seal', 'pig', 'humpback whale'], [49.72, 40.56, 19.3, 8.36, 0.21])"
D:\ZSL\CNN\Test_TRIAL_DATASET_1-CLASS_1\seal\seal_10143.jpg,seal,rhinoceros,27,12,rhinoceros,"(['hippopotamus', 'humpback whale', 'raccoon', 'persian cat', 'seal'], [48.51, 40.93, 28.97, 23.56, 11.96])"
D:\ZSL\CNN\Test_TRIAL_DATASET_1-CLASS_1\seal\seal_10144.jpg,seal,walrus,27,17,walrus,"(['humpback whale', 'pig', 'seal', 'hippopotamus', 'giant panda'], [49.61, 33.32, 21.44, 14.39, 6.44])"
D:\ZSL\CNN\Test_TRIAL_DATASET_1-CLASS_1\seal\seal_10145.jpg,seal,bear,27,0,bear,"(['giant panda', 'raccoon', 'seal', 'pig', 'humpback whale'], [49.72, 40.56, 19.3, 8.36, 0.21])"
D:\ZSL\CNN\Test_TRIAL_DATASET_1-CLASS_1\seal\seal_10146.jpg,seal,dolphin,27,4,dolphin,"(['humpback whale', 'seal', 'leopard', 'rat', 'chimpanzee'], [72.35, 51.32, 7.29, -5.12, -8.04])"
D:\ZSL\CNN\Test_TRIAL_DATASET_1-CLASS_1\seal\seal_10147.jpg,seal,walrus,27,17,walrus,"(['humpback whale', 'pig', 'seal', 'hippopotamus', 'giant panda'], [49.61, 33.32, 21.44, 14.39, 6.44])"
D:\ZSL\CNN\Test_TRIAL_DATASET_1-CLASS_1\seal\seal_10148.jpg,seal,rhinoceros,27,12,rhinoceros,"(['hippopotamus', 'humpback whale', 'raccoon', 'persian cat', 'seal'], [48.51, 40.93, 28.97, 23.56, 11.96])"
D:\ZSL\CNN\Test_TRIAL_DATASET_1-CLASS_1\seal\seal_10149.jpg,seal,walrus,27,17,walrus,"(['humpback whale', 'pig', 'seal', 'hippopotamus', 'giant panda'], [49.61, 33.32, 21.44, 14.39, 6.44])"
D:\ZSL\CNN\Test_TRIAL_DATASET_1-CLASS_1\seal\seal_10150.jpg,seal,walrus,27,17,walrus,"(['humpback whale', 'pig', 'seal', 'hippopotamus', 'giant panda'], [49.61, 33.32, 21.44, 14.39, 6.44])"
D:\ZSL\CNN\Test_TRIAL_DATASET_1-CLASS_1\seal\seal_10151.jpg,seal,walrus,27,17,walrus,"(['humpback whale', 'pig', 'seal', 'hippopotamus', 'giant panda'], [49.61, 33.32, 21.44, 14.39, 6.44])"
D:\ZSL\CNN\Test_TRIAL_DATASET_1-CLASS_1\seal\seal_10152.jpg,seal,walrus,27,17,walrus,"(['humpback whale', 'pig', 'seal', 'hippopotamus', 'giant panda'], [49.61, 33.32, 21.44, 14.39, 6.44])"
D:\ZSL\CNN\Test_TRIAL_DATASET_1-CLASS_1\seal\seal_10153.jpg,seal,dolphin,27,4,dolphin,"(['humpback whale', 'seal', 'leopard', 'rat', 'chimpanzee'], [72.35, 51.32, 7.29, -5.12, -8.04])"
D:\ZSL\CNN\Test_TRIAL_DATASET_1-CLASS_1\seal\seal_10154.jpg,seal,walrus,27,17,walrus,"(['humpback whale', 'pig', 'seal', 'hippopotamus', 'giant panda'], [49.61, 33.32, 21.44, 14.39, 6.44])"
D:\ZSL\CNN\Test_TRIAL_DATASET_1-CLASS_1\seal\seal_10155.jpg,seal,walrus,27,17,walrus,"(['humpback whale', 'pig', 'seal', 'hippopotamus', 'giant panda'], [49.61, 33.32, 21.44, 14.39, 6.44])"
D:\ZSL\CNN\Test_TRIAL_DATASET_1-CLASS_1\seal\seal_10156.jpg,seal,walrus,27,17,walrus,"(['humpback whale', 'pig', 'seal', 'hippopotamus', 'giant panda'], [49.61, 33.32, 21.44, 14.39, 6.44])"
D:\ZSL\CNN\Test_TRIAL_DATASET_1-CLASS_1\seal\seal_10157.jpg,seal,walrus,27,17,walrus,"(['humpback whale', 'pig', 'seal', 'hippopotamus', 'giant panda'], [49.61, 33.32, 21.44, 14.39, 6.44])"
D:\ZSL\CNN\Test_TRIAL_DATASET_1-CLASS_1\seal\seal_10158.jpg,seal,walrus,27,17,walrus,"(['humpback whale', 'pig', 'seal', 'hippopotamus', 'giant panda'], [49.61, 33.32, 21.44, 14.39, 6.44])"
D:\ZSL\CNN\Test_TRIAL_DATASET_1-CLASS_1\seal\seal_10159.jpg,seal,walrus,27,17,walrus,"(['humpback whale', 'pig', 'seal', 'hippopotamus', 'giant panda'], [49.61, 33.32, 21.44, 14.39, 6.44])"
D:\ZSL\CNN\Test_TRIAL_DATASET_1-CLASS_1\seal\seal_10160.jpg,seal,walrus,27,17,walrus,"(['humpback whale', 'pig', 'seal', 'hippopotamus', 'giant panda'], [49.61, 33.32, 21.44, 14.39, 6.44])"
D:\ZSL\CNN\Test_TRIAL_DATASET_1-CLASS_1\seal\seal_10161.jpg,seal,walrus,27,17,walrus,"(['humpback whale', 'pig', 'seal', 'hippopotamus', 'giant panda'], [49.61, 33.32, 21.44, 14.39, 6.44])"
D:\ZSL\CNN\Test_TRIAL_DATASET_1-CLASS_1\seal\seal_10162.jpg,seal,walrus,27,17,walrus,"(['humpback whale', 'pig', 'seal', 'hippopotamus', 'giant panda'], [49.61, 33.32, 21.44, 14.39, 6.44])"
D:\ZSL\CNN\Test_TRIAL_DATASET_1-CLASS_1\seal\seal_10163.jpg,seal,rhinoceros,27,12,rhinoceros,"(['hippopotamus', 'humpback whale', 'raccoon', 'persian cat', 'seal'], [48.51, 40.93, 28.97, 23.56, 11.96])"
D:\ZSL\CNN\Test_TRIAL_DATASET_1-CLASS_1\seal\seal_10164.jpg,seal,walrus,27,17,walrus,"(['humpback whale', 'pig', 'seal', 'hippopotamus', 'giant panda'], [49.61, 33.32, 21.44, 14.39, 6.44])"
D:\ZSL\CNN\Test_TRIAL_DATASET_1-CLASS_1\seal\seal_10165.jpg,seal,walrus,27,17,walrus,"(['humpback whale', 'pig', 'seal', 'hippopotamus', 'giant panda'], [49.61, 33.32, 21.44, 14.39, 6.44])"
D:\ZSL\CNN\Test_TRIAL_DATASET_1-CLASS_1\seal\seal_10166.jpg,seal,walrus,27,17,walrus,"(['humpback whale', 'pig', 'seal', 'hippopotamus', 'giant panda'], [49.61, 33.32, 21.44, 14.39, 6.44])"
D:\ZSL\CNN\Test_TRIAL_DATASET_1-CLASS_1\seal\seal_10167.jpg,seal,walrus,27,17,walrus,"(['humpback whale', 'pig', 'seal', 'hippopotamus', 'giant panda'], [49.61, 33.32, 21.44, 14.39, 6.44])"
D:\ZSL\CNN\Test_TRIAL_DATASET_1-CLASS_1\seal\seal_10168.jpg,seal,walrus,27,17,walrus,"(['humpback whale', 'pig', 'seal', 'hippopotamus', 'giant panda'], [49.61, 33.32, 21.44, 14.39, 6.44])"
D:\ZSL\CNN\Test_TRIAL_DATASET_1-CLASS_1\seal\seal_10169.jpg,seal,walrus,27,17,walrus,"(['humpback whale', 'pig', 'seal', 'hippopotamus', 'giant panda'], [49.61, 33.32, 21.44, 14.39, 6.44])"
D:\ZSL\CNN\Test_TRIAL_DATASET_1-CLASS_1\seal\seal_10170.jpg,seal,walrus,27,17,walrus,"(['humpback whale', 'pig', 'seal', 'hippopotamus', 'giant panda'], [49.61, 33.32, 21.44, 14.39, 6.44])"
D:\ZSL\CNN\Test_TRIAL_DATASET_1-CLASS_1\seal\seal_10171.jpg,seal,walrus,27,17,walrus,"(['humpback whale', 'pig', 'seal', 'hippopotamus', 'giant panda'], [49.61, 33.32, 21.44, 14.39, 6.44])"
D:\ZSL\CNN\Test_TRIAL_DATASET_1-CLASS_1\seal\seal_10172.jpg,seal,walrus,27,17,walrus,"(['humpback whale', 'pig', 'seal', 'hippopotamus', 'giant panda'], [49.61, 33.32, 21.44, 14.39, 6.44])"
D:\ZSL\CNN\Test_TRIAL_DATASET_1-CLASS_1\seal\seal_10173.jpg,seal,walrus,27,17,walrus,"(['humpback whale', 'pig', 'seal', 'hippopotamus', 'giant panda'], [49.61, 33.32, 21.44, 14.39, 6.44])"
D:\ZSL\CNN\Test_TRIAL_DATASET_1-CLASS_1\seal\seal_10174.jpg,seal,walrus,27,17,walrus,"(['humpback whale', 'pig', 'seal', 'hippopotamus', 'giant panda'], [49.61, 33.32, 21.44, 14.39, 6.44])"
D:\ZSL\CNN\Test_TRIAL_DATASET_1-CLASS_1\seal\seal_10175.jpg,seal,walrus,27,17,walrus,"(['humpback whale', 'pig', 'seal', 'hippopotamus', 'giant panda'], [49.61, 33.32, 21.44, 14.39, 6.44])"
D:\ZSL\CNN\Test_TRIAL_DATASET_1-CLASS_1\seal\seal_10176.jpg,seal,walrus,27,17,walrus,"(['humpback whale', 'pig', 'seal', 'hippopotamus', 'giant panda'], [49.61, 33.32, 21.44, 14.39, 6.44])"
D:\ZSL\CNN\Test_TRIAL_DATASET_1-CLASS_1\seal\seal_10177.jpg,seal,walrus,27,17,walrus,"(['humpback whale', 'pig', 'seal', 'hippopotamus', 'giant panda'], [49.61, 33.32, 21.44, 14.39, 6.44])"
D:\ZSL\CNN\Test_TRIAL_DATASET_1-CLASS_1\seal\seal_10178.jpg,seal,walrus,27,17,walrus,"(['humpback whale', 'pig', 'seal', 'hippopotamus', 'giant panda'], [49.61, 33.32, 21.44, 14.39, 6.44])"
D:\ZSL\CNN\Test_TRIAL_DATASET_1-CLASS_1\seal\seal_10179.jpg,seal,walrus,27,17,walrus,"(['humpback whale', 'pig', 'seal', 'hippopotamus', 'giant panda'], [49.61, 33.32, 21.44, 14.39, 6.44])"
D:\ZSL\CNN\Test_TRIAL_DATASET_1-CLASS_1\seal\seal_10180.jpg,seal,walrus,27,17,walrus,"(['humpback whale', 'pig', 'seal', 'hippopotamus', 'giant panda'], [49.61, 33.32, 21.44, 14.39, 6.44])"
D:\ZSL\CNN\Test_TRIAL_DATASET_1-CLASS_1\seal\seal_10181.jpg,seal,walrus,27,17,walrus,"(['humpback whale', 'pig', 'seal', 'hippopotamus', 'giant panda'], [49.61, 33.32, 21.44, 14.39, 6.44])"
D:\ZSL\CNN\Test_TRIAL_DATASET_1-CLASS_1\seal\seal_10182.jpg,seal,walrus,27,17,walrus,"(['humpback whale', 'pig', 'seal', 'hippopotamus', 'giant panda'], [49.61, 33.32, 21.44, 14.39, 6.44])"
D:\ZSL\CNN\Test_TRIAL_DATASET_1-CLASS_1\seal\seal_10183.jpg,seal,walrus,27,17,walrus,"(['humpback whale', 'pig', 'seal', 'hippopotamus', 'giant panda'], [49.61, 33.32, 21.44, 14.39, 6.44])"
D:\ZSL\CNN\Test_TRIAL_DATASET_1-CLASS_1\seal\seal_10184.jpg,seal,walrus,27,17,walrus,"(['humpback whale', 'pig', 'seal', 'hippopotamus', 'giant panda'], [49.61, 33.32, 21.44, 14.39, 6.44])"
D:\ZSL\CNN\Test_TRIAL_DATASET_1-CLASS_1\seal\seal_10185.jpg,seal,dolphin,27,4,dolphin,"(['humpback whale', 'seal', 'leopard', 'rat', 'chimpanzee'], [72.35, 51.32, 7.29, -5.12, -8.04])"
D:\ZSL\CNN\Test_TRIAL_DATASET_1-CLASS_1\seal\seal_10186.jpg,seal,walrus,27,17,walrus,"(['humpback whale', 'pig', 'seal', 'hippopotamus', 'giant panda'], [49.61, 33.32, 21.44, 14.39, 6.44])"
D:\ZSL\CNN\Test_TRIAL_DATASET_1-CLASS_1\seal\seal_10187.jpg,seal,rhinoceros,27,12,rhinoceros,"(['hippopotamus', 'humpback whale', 'raccoon', 'persian cat', 'seal'], [48.51, 40.93, 28.97, 23.56, 11.96])"
D:\ZSL\CNN\Test_TRIAL_DATASET_1-CLASS_1\seal\seal_10188.jpg,seal,walrus,27,17,walrus,"(['humpback whale', 'pig', 'seal', 'hippopotamus', 'giant panda'], [49.61, 33.32, 21.44, 14.39, 6.44])"
D:\ZSL\CNN\Test_TRIAL_DATASET_1-CLASS_1\seal\seal_10189.jpg,seal,walrus,27,17,walrus,"(['humpback whale', 'pig', 'seal', 'hippopotamus', 'giant panda'], [49.61, 33.32, 21.44, 14.39, 6.44])"
D:\ZSL\CNN\Test_TRIAL_DATASET_1-CLASS_1\seal\seal_10190.jpg,seal,walrus,27,17,walrus,"(['humpback whale', 'pig', 'seal', 'hippopotamus', 'giant panda'], [49.61, 33.32, 21.44, 14.39, 6.44])"
D:\ZSL\CNN\Test_TRIAL_DATASET_1-CLASS_1\seal\seal_10191.jpg,seal,walrus,27,17,walrus,"(['humpback whale', 'pig', 'seal', 'hippopotamus', 'giant panda'], [49.61, 33.32, 21.44, 14.39, 6.44])"
D:\ZSL\CNN\Test_TRIAL_DATASET_1-CLASS_1\seal\seal_10192.jpg,seal,walrus,27,17,walrus,"(['humpback whale', 'pig', 'seal', 'hippopotamus', 'giant panda'], [49.61, 33.32, 21.44, 14.39, 6.44])"
D:\ZSL\CNN\Test_TRIAL_DATASET_1-CLASS_1\seal\seal_10193.jpg,seal,rhinoceros,27,12,rhinoceros,"(['hippopotamus', 'humpback whale', 'raccoon', 'persian cat', 'seal'], [48.51, 40.93, 28.97, 23.56, 11.96])"
D:\ZSL\CNN\Test_TRIAL_DATASET_1-CLASS_1\seal\seal_10194.jpg,seal,dolphin,27,4,dolphin,"(['humpback whale', 'seal', 'leopard', 'rat', 'chimpanzee'], [72.35, 51.32, 7.29, -5.12, -8.04])"
D:\ZSL\CNN\Test_TRIAL_DATASET_1-CLASS_1\seal\seal_10195.jpg,seal,walrus,27,17,walrus,"(['humpback whale', 'pig', 'seal', 'hippopotamus', 'giant panda'], [49.61, 33.32, 21.44, 14.39, 6.44])"
D:\ZSL\CNN\Test_TRIAL_DATASET_1-CLASS_1\seal\seal_10196.jpg,seal,walrus,27,17,walrus,"(['humpback whale', 'pig', 'seal', 'hippopotamus', 'giant panda'], [49.61, 33.32, 21.44, 14.39, 6.44])"
D:\ZSL\CNN\Test_TRIAL_DATASET_1-CLASS_1\seal\seal_10197.jpg,seal,walrus,27,17,walrus,"(['humpback whale', 'pig', 'seal', 'hippopotamus', 'giant panda'], [49.61, 33.32, 21.44, 14.39, 6.44])"
D:\ZSL\CNN\Test_TRIAL_DATASET_1-CLASS_1\seal\seal_10198.jpg,seal,walrus,27,17,walrus,"(['humpback whale', 'pig', 'seal', 'hippopotamus', 'giant panda'], [49.61, 33.32, 21.44, 14.39, 6.44])"
D:\ZSL\CNN\Test_TRIAL_DATASET_1-CLASS_1\seal\seal_10199.jpg,seal,walrus,27,17,walrus,"(['humpback whale', 'pig', 'seal', 'hippopotamus', 'giant panda'], [49.61, 33.32, 21.44, 14.39, 6.44])"
D:\ZSL\CNN\Test_TRIAL_DATASET_1-CLASS_1\seal\seal_10200.jpg,seal,dolphin,27,4,dolphin,"(['humpback whale', 'seal', 'leopard', 'rat', 'chimpanzee'], [72.35, 51.32, 7.29, -5.12, -8.04])"
D:\ZSL\CNN\Test_TRIAL_DATASET_1-CLASS_1\seal\seal_10201.jpg,seal,walrus,27,17,walrus,"(['humpback whale', 'pig', 'seal', 'hippopotamus', 'giant panda'], [49.61, 33.32, 21.44, 14.39, 6.44])"
D:\ZSL\CNN\Test_TRIAL_DATASET_1-CLASS_1\seal\seal_10202.jpg,seal,walrus,27,17,walrus,"(['humpback whale', 'pig', 'seal', 'hippopotamus', 'giant panda'], [49.61, 33.32, 21.44, 14.39, 6.44])"
D:\ZSL\CNN\Test_TRIAL_DATASET_1-CLASS_1\seal\seal_10203.jpg,seal,dolphin,27,4,dolphin,"(['humpback whale', 'seal', 'leopard', 'rat', 'chimpanzee'], [72.35, 51.32, 7.29, -5.12, -8.04])"
D:\ZSL\CNN\Test_TRIAL_DATASET_1-CLASS_1\seal\seal_10204.jpg,seal,walrus,27,17,walrus,"(['humpback whale', 'pig', 'seal', 'hippopotamus', 'giant panda'], [49.61, 33.32, 21.44, 14.39, 6.44])"
D:\ZSL\CNN\Test_TRIAL_DATASET_1-CLASS_1\seal\seal_10205.jpg,seal,walrus,27,17,walrus,"(['humpback whale', 'pig', 'seal', 'hippopotamus', 'giant panda'], [49.61, 33.32, 21.44, 14.39, 6.44])"
D:\ZSL\CNN\Test_TRIAL_DATASET_1-CLASS_1\seal\seal_10206.jpg,seal,walrus,27,17,walrus,"(['humpback whale', 'pig', 'seal', 'hippopotamus', 'giant panda'], [49.61, 33.32, 21.44, 14.39, 6.44])"
D:\ZSL\CNN\Test_TRIAL_DATASET_1-CLASS_1\seal\seal_10207.jpg,seal,walrus,27,17,walrus,"(['humpback whale', 'pig', 'seal', 'hippopotamus', 'giant panda'], [49.61, 33.32, 21.44, 14.39, 6.44])"
D:\ZSL\CNN\Test_TRIAL_DATASET_1-CLASS_1\seal\seal_10208.jpg,seal,walrus,27,17,walrus,"(['humpback whale', 'pig', 'seal', 'hippopotamus', 'giant panda'], [49.61, 33.32, 21.44, 14.39, 6.44])"
D:\ZSL\CNN\Test_TRIAL_DATASET_1-CLASS_1\seal\seal_10209.jpg,seal,walrus,27,17,walrus,"(['humpback whale', 'pig', 'seal', 'hippopotamus', 'giant panda'], [49.61, 33.32, 21.44, 14.39, 6.44])"
D:\ZSL\CNN\Test_TRIAL_DATASET_1-CLASS_1\seal\seal_10210.jpg,seal,walrus,27,17,walrus,"(['humpback whale', 'pig', 'seal', 'hippopotamus', 'giant panda'], [49.61, 33.32, 21.44, 14.39, 6.44])"
D:\ZSL\CNN\Test_TRIAL_DATASET_1-CLASS_1\seal\seal_10211.jpg,seal,walrus,27,17,walrus,"(['humpback whale', 'pig', 'seal', 'hippopotamus', 'giant panda'], [49.61, 33.32, 21.44, 14.39, 6.44])"
D:\ZSL\CNN\Test_TRIAL_DATASET_1-CLASS_1\seal\seal_10212.jpg,seal,walrus,27,17,walrus,"(['humpback whale', 'pig', 'seal', 'hippopotamus', 'giant panda'], [49.61, 33.32, 21.44, 14.39, 6.44])"
D:\ZSL\CNN\Test_TRIAL_DATASET_1-CLASS_1\seal\seal_10213.jpg,seal,walrus,27,17,walrus,"(['humpback whale', 'pig', 'seal', 'hippopotamus', 'giant panda'], [49.61, 33.32, 21.44, 14.39, 6.44])"
D:\ZSL\CNN\Test_TRIAL_DATASET_1-CLASS_1\seal\seal_10214.jpg,seal,rhinoceros,27,12,rhinoceros,"(['hippopotamus', 'humpback whale', 'raccoon', 'persian cat', 'seal'], [48.51, 40.93, 28.97, 23.56, 11.96])"
D:\ZSL\CNN\Test_TRIAL_DATASET_1-CLASS_1\seal\seal_10215.jpg,seal,dolphin,27,4,dolphin,"(['humpback whale', 'seal', 'leopard', 'rat', 'chimpanzee'], [72.35, 51.32, 7.29, -5.12, -8.04])"
D:\ZSL\CNN\Test_TRIAL_DATASET_1-CLASS_1\seal\seal_10216.jpg,seal,rhinoceros,27,12,rhinoceros,"(['hippopotamus', 'humpback whale', 'raccoon', 'persian cat', 'seal'], [48.51, 40.93, 28.97, 23.56, 11.96])"
D:\ZSL\CNN\Test_TRIAL_DATASET_1-CLASS_1\seal\seal_10217.jpg,seal,walrus,27,17,walrus,"(['humpback whale', 'pig', 'seal', 'hippopotamus', 'giant panda'], [49.61, 33.32, 21.44, 14.39, 6.44])"
D:\ZSL\CNN\Test_TRIAL_DATASET_1-CLASS_1\seal\seal_10218.jpg,seal,walrus,27,17,walrus,"(['humpback whale', 'pig', 'seal', 'hippopotamus', 'giant panda'], [49.61, 33.32, 21.44, 14.39, 6.44])"
D:\ZSL\CNN\Test_TRIAL_DATASET_1-CLASS_1\seal\seal_10219.jpg,seal,walrus,27,17,walrus,"(['humpback whale', 'pig', 'seal', 'hippopotamus', 'giant panda'], [49.61, 33.32, 21.44, 14.39, 6.44])"
D:\ZSL\CNN\Test_TRIAL_DATASET_1-CLASS_1\seal\seal_10220.jpg,seal,rhinoceros,27,12,rhinoceros,"(['hippopotamus', 'humpback whale', 'raccoon', 'persian cat', 'seal'], [48.51, 40.93, 28.97, 23.56, 11.96])"
D:\ZSL\CNN\Test_TRIAL_DATASET_1-CLASS_1\seal\seal_10221.jpg,seal,walrus,27,17,walrus,"(['humpback whale', 'pig', 'seal', 'hippopotamus', 'giant panda'], [49.61, 33.32, 21.44, 14.39, 6.44])"
D:\ZSL\CNN\Test_TRIAL_DATASET_1-CLASS_1\seal\seal_10222.jpg,seal,walrus,27,17,walrus,"(['humpback whale', 'pig', 'seal', 'hippopotamus', 'giant panda'], [49.61, 33.32, 21.44, 14.39, 6.44])"
D:\ZSL\CNN\Test_TRIAL_DATASET_1-CLASS_1\seal\seal_10223.jpg,seal,rhinoceros,27,12,rhinoceros,"(['hippopotamus', 'humpback whale', 'raccoon', 'persian cat', 'seal'], [48.51, 40.93, 28.97, 23.56, 11.96])"
D:\ZSL\CNN\Test_TRIAL_DATASET_1-CLASS_1\seal\seal_10224.jpg,seal,walrus,27,17,walrus,"(['humpback whale', 'pig', 'seal', 'hippopotamus', 'giant panda'], [49.61, 33.32, 21.44, 14.39, 6.44])"
D:\ZSL\CNN\Test_TRIAL_DATASET_1-CLASS_1\seal\seal_10225.jpg,seal,walrus,27,17,walrus,"(['humpback whale', 'pig', 'seal', 'hippopotamus', 'giant panda'], [49.61, 33.32, 21.44, 14.39, 6.44])"
D:\ZSL\CNN\Test_TRIAL_DATASET_1-CLASS_1\seal\seal_10226.jpg,seal,walrus,27,17,walrus,"(['humpback whale', 'pig', 'seal', 'hippopotamus', 'giant panda'], [49.61, 33.32, 21.44, 14.39, 6.44])"
D:\ZSL\CNN\Test_TRIAL_DATASET_1-CLASS_1\seal\seal_10227.jpg,seal,walrus,27,17,walrus,"(['humpback whale', 'pig', 'seal', 'hippopotamus', 'giant panda'], [49.61, 33.32, 21.44, 14.39, 6.44])"
D:\ZSL\CNN\Test_TRIAL_DATASET_1-CLASS_1\seal\seal_10228.jpg,seal,walrus,27,17,walrus,"(['humpback whale', 'pig', 'seal', 'hippopotamus', 'giant panda'], [49.61, 33.32, 21.44, 14.39, 6.44])"
D:\ZSL\CNN\Test_TRIAL_DATASET_1-CLASS_1\seal\seal_10229.jpg,seal,walrus,27,17,walrus,"(['humpback whale', 'pig', 'seal', 'hippopotamus', 'giant panda'], [49.61, 33.32, 21.44, 14.39, 6.44])"
D:\ZSL\CNN\Test_TRIAL_DATASET_1-CLASS_1\seal\seal_10230.jpg,seal,walrus,27,17,walrus,"(['humpback whale', 'pig', 'seal', 'hippopotamus', 'giant panda'], [49.61, 33.32, 21.44, 14.39, 6.44])"
D:\ZSL\CNN\Test_TRIAL_DATASET_1-CLASS_1\seal\seal_10231.jpg,seal,rhinoceros,27,12,rhinoceros,"(['hippopotamus', 'humpback whale', 'raccoon', 'persian cat', 'seal'], [48.51, 40.93, 28.97, 23.56, 11.96])"
D:\ZSL\CNN\Test_TRIAL_DATASET_1-CLASS_1\seal\seal_10232.jpg,seal,walrus,27,17,walrus,"(['humpback whale', 'pig', 'seal', 'hippopotamus', 'giant panda'], [49.61, 33.32, 21.44, 14.39, 6.44])"
D:\ZSL\CNN\Test_TRIAL_DATASET_1-CLASS_1\seal\seal_10233.jpg,seal,rhinoceros,27,12,rhinoceros,"(['hippopotamus', 'humpback whale', 'raccoon', 'persian cat', 'seal'], [48.51, 40.93, 28.97, 23.56, 11.96])"
D:\ZSL\CNN\Test_TRIAL_DATASET_1-CLASS_1\seal\seal_10234.jpg,seal,dolphin,27,4,dolphin,"(['humpback whale', 'seal', 'leopard', 'rat', 'chimpanzee'], [72.35, 51.32, 7.29, -5.12, -8.04])"
D:\ZSL\CNN\Test_TRIAL_DATASET_1-CLASS_1\seal\seal_10235.jpg,seal,walrus,27,17,walrus,"(['humpback whale', 'pig', 'seal', 'hippopotamus', 'giant panda'], [49.61, 33.32, 21.44, 14.39, 6.44])"
D:\ZSL\CNN\Test_TRIAL_DATASET_1-CLASS_1\seal\seal_10236.jpg,seal,walrus,27,17,walrus,"(['humpback whale', 'pig', 'seal', 'hippopotamus', 'giant panda'], [49.61, 33.32, 21.44, 14.39, 6.44])"
D:\ZSL\CNN\Test_TRIAL_DATASET_1-CLASS_1\seal\seal_10237.jpg,seal,walrus,27,17,walrus,"(['humpback whale', 'pig', 'seal', 'hippopotamus', 'giant panda'], [49.61, 33.32, 21.44, 14.39, 6.44])"
D:\ZSL\CNN\Test_TRIAL_DATASET_1-CLASS_1\seal\seal_10238.jpg,seal,walrus,27,17,walrus,"(['humpback whale', 'pig', 'seal', 'hippopotamus', 'giant panda'], [49.61, 33.32, 21.44, 14.39, 6.44])"
D:\ZSL\CNN\Test_TRIAL_DATASET_1-CLASS_1\seal\seal_10239.jpg,seal,walrus,27,17,walrus,"(['humpback whale', 'pig', 'seal', 'hippopotamus', 'giant panda'], [49.61, 33.32, 21.44, 14.39, 6.44])"
D:\ZSL\CNN\Test_TRIAL_DATASET_1-CLASS_1\seal\seal_10240.jpg,seal,walrus,27,17,walrus,"(['humpback whale', 'pig', 'seal', 'hippopotamus', 'giant panda'], [49.61, 33.32, 21.44, 14.39, 6.44])"
D:\ZSL\CNN\Test_TRIAL_DATASET_1-CLASS_1\seal\seal_10241.jpg,seal,walrus,27,17,walrus,"(['humpback whale', 'pig', 'seal', 'hippopotamus', 'giant panda'], [49.61, 33.32, 21.44, 14.39, 6.44])"
D:\ZSL\CNN\Test_TRIAL_DATASET_1-CLASS_1\seal\seal_10242.jpg,seal,walrus,27,17,walrus,"(['humpback whale', 'pig', 'seal', 'hippopotamus', 'giant panda'], [49.61, 33.32, 21.44, 14.39, 6.44])"
D:\ZSL\CNN\Test_TRIAL_DATASET_1-CLASS_1\seal\seal_10243.jpg,seal,dolphin,27,4,dolphin,"(['humpback whale', 'seal', 'leopard', 'rat', 'chimpanzee'], [72.35, 51.32, 7.29, -5.12, -8.04])"
D:\ZSL\CNN\Test_TRIAL_DATASET_1-CLASS_1\seal\seal_10244.jpg,seal,walrus,27,17,walrus,"(['humpback whale', 'pig', 'seal', 'hippopotamus', 'giant panda'], [49.61, 33.32, 21.44, 14.39, 6.44])"
D:\ZSL\CNN\Test_TRIAL_DATASET_1-CLASS_1\seal\seal_10245.jpg,seal,walrus,27,17,walrus,"(['humpback whale', 'pig', 'seal', 'hippopotamus', 'giant panda'], [49.61, 33.32, 21.44, 14.39, 6.44])"
D:\ZSL\CNN\Test_TRIAL_DATASET_1-CLASS_1\seal\seal_10246.jpg,seal,walrus,27,17,walrus,"(['humpback whale', 'pig', 'seal', 'hippopotamus', 'giant panda'], [49.61, 33.32, 21.44, 14.39, 6.44])"
D:\ZSL\CNN\Test_TRIAL_DATASET_1-CLASS_1\seal\seal_10247.jpg,seal,rhinoceros,27,12,rhinoceros,"(['hippopotamus', 'humpback whale', 'raccoon', 'persian cat', 'seal'], [48.51, 40.93, 28.97, 23.56, 11.96])"
D:\ZSL\CNN\Test_TRIAL_DATASET_1-CLASS_1\seal\seal_10248.jpg,seal,walrus,27,17,walrus,"(['humpback whale', 'pig', 'seal', 'hippopotamus', 'giant panda'], [49.61, 33.32, 21.44, 14.39, 6.44])"
D:\ZSL\CNN\Test_TRIAL_DATASET_1-CLASS_1\seal\seal_10249.jpg,seal,walrus,27,17,walrus,"(['humpback whale', 'pig', 'seal', 'hippopotamus', 'giant panda'], [49.61, 33.32, 21.44, 14.39, 6.44])"
D:\ZSL\CNN\Test_TRIAL_DATASET_1-CLASS_1\seal\seal_10250.jpg,seal,walrus,27,17,walrus,"(['humpback whale', 'pig', 'seal', 'hippopotamus', 'giant panda'], [49.61, 33.32, 21.44, 14.39, 6.44])"
D:\ZSL\CNN\Test_TRIAL_DATASET_1-CLASS_1\seal\seal_10251.jpg,seal,rhinoceros,27,12,rhinoceros,"(['hippopotamus', 'humpback whale', 'raccoon', 'persian cat', 'seal'], [48.51, 40.93, 28.97, 23.56, 11.96])"
D:\ZSL\CNN\Test_TRIAL_DATASET_1-CLASS_1\seal\seal_10252.jpg,seal,dolphin,27,4,dolphin,"(['humpback whale', 'seal', 'leopard', 'rat', 'chimpanzee'], [72.35, 51.32, 7.29, -5.12, -8.04])"
D:\ZSL\CNN\Test_TRIAL_DATASET_1-CLASS_1\seal\seal_10253.jpg,seal,walrus,27,17,walrus,"(['humpback whale', 'pig', 'seal', 'hippopotamus', 'giant panda'], [49.61, 33.32, 21.44, 14.39, 6.44])"
D:\ZSL\CNN\Test_TRIAL_DATASET_1-CLASS_1\seal\seal_10254.jpg,seal,walrus,27,17,walrus,"(['humpback whale', 'pig', 'seal', 'hippopotamus', 'giant panda'], [49.61, 33.32, 21.44, 14.39, 6.44])"
D:\ZSL\CNN\Test_TRIAL_DATASET_1-CLASS_1\seal\seal_10255.jpg,seal,walrus,27,17,walrus,"(['humpback whale', 'pig', 'seal', 'hippopotamus', 'giant panda'], [49.61, 33.32, 21.44, 14.39, 6.44])"
D:\ZSL\CNN\Test_TRIAL_DATASET_1-CLASS_1\seal\seal_10256.jpg,seal,walrus,27,17,walrus,"(['humpback whale', 'pig', 'seal', 'hippopotamus', 'giant panda'], [49.61, 33.32, 21.44, 14.39, 6.44])"
D:\ZSL\CNN\Test_TRIAL_DATASET_1-CLASS_1\seal\seal_10257.jpg,seal,walrus,27,17,walrus,"(['humpback whale', 'pig', 'seal', 'hippopotamus', 'giant panda'], [49.61, 33.32, 21.44, 14.39, 6.44])"
D:\ZSL\CNN\Test_TRIAL_DATASET_1-CLASS_1\seal\seal_10258.jpg,seal,walrus,27,17,walrus,"(['humpback whale', 'pig', 'seal', 'hippopotamus', 'giant panda'], [49.61, 33.32, 21.44, 14.39, 6.44])"
D:\ZSL\CNN\Test_TRIAL_DATASET_1-CLASS_1\seal\seal_10259.jpg,seal,walrus,27,17,walrus,"(['humpback whale', 'pig', 'seal', 'hippopotamus', 'giant panda'], [49.61, 33.32, 21.44, 14.39, 6.44])"
D:\ZSL\CNN\Test_TRIAL_DATASET_1-CLASS_1\seal\seal_10260.jpg,seal,walrus,27,17,walrus,"(['humpback whale', 'pig', 'seal', 'hippopotamus', 'giant panda'], [49.61, 33.32, 21.44, 14.39, 6.44])"
D:\ZSL\CNN\Test_TRIAL_DATASET_1-CLASS_1\seal\seal_10261.jpg,seal,walrus,27,17,walrus,"(['humpback whale', 'pig', 'seal', 'hippopotamus', 'giant panda'], [49.61, 33.32, 21.44, 14.39, 6.44])"
D:\ZSL\CNN\Test_TRIAL_DATASET_1-CLASS_1\seal\seal_10262.jpg,seal,walrus,27,17,walrus,"(['humpback whale', 'pig', 'seal', 'hippopotamus', 'giant panda'], [49.61, 33.32, 21.44, 14.39, 6.44])"
D:\ZSL\CNN\Test_TRIAL_DATASET_1-CLASS_1\seal\seal_10263.jpg,seal,walrus,27,17,walrus,"(['humpback whale', 'pig', 'seal', 'hippopotamus', 'giant panda'], [49.61, 33.32, 21.44, 14.39, 6.44])"
D:\ZSL\CNN\Test_TRIAL_DATASET_1-CLASS_1\seal\seal_10264.jpg,seal,walrus,27,17,walrus,"(['humpback whale', 'pig', 'seal', 'hippopotamus', 'giant panda'], [49.61, 33.32, 21.44, 14.39, 6.44])"
D:\ZSL\CNN\Test_TRIAL_DATASET_1-CLASS_1\seal\seal_10265.jpg,seal,walrus,27,17,walrus,"(['humpback whale', 'pig', 'seal', 'hippopotamus', 'giant panda'], [49.61, 33.32, 21.44, 14.39, 6.44])"
D:\ZSL\CNN\Test_TRIAL_DATASET_1-CLASS_1\seal\seal_10266.jpg,seal,dolphin,27,4,dolphin,"(['humpback whale', 'seal', 'leopard', 'rat', 'chimpanzee'], [72.35, 51.32, 7.29, -5.12, -8.04])"
D:\ZSL\CNN\Test_TRIAL_DATASET_1-CLASS_1\seal\seal_10267.jpg,seal,rhinoceros,27,12,rhinoceros,"(['hippopotamus', 'humpback whale', 'raccoon', 'persian cat', 'seal'], [48.51, 40.93, 28.97, 23.56, 11.96])"
D:\ZSL\CNN\Test_TRIAL_DATASET_1-CLASS_1\seal\seal_10268.jpg,seal,walrus,27,17,walrus,"(['humpback whale', 'pig', 'seal', 'hippopotamus', 'giant panda'], [49.61, 33.32, 21.44, 14.39, 6.44])"
D:\ZSL\CNN\Test_TRIAL_DATASET_1-CLASS_1\seal\seal_10269.jpg,seal,walrus,27,17,walrus,"(['humpback whale', 'pig', 'seal', 'hippopotamus', 'giant panda'], [49.61, 33.32, 21.44, 14.39, 6.44])"
D:\ZSL\CNN\Test_TRIAL_DATASET_1-CLASS_1\seal\seal_10270.jpg,seal,walrus,27,17,walrus,"(['humpback whale', 'pig', 'seal', 'hippopotamus', 'giant panda'], [49.61, 33.32, 21.44, 14.39, 6.44])"
D:\ZSL\CNN\Test_TRIAL_DATASET_1-CLASS_1\seal\seal_10271.jpg,seal,dolphin,27,4,dolphin,"(['humpback whale', 'seal', 'leopard', 'rat', 'chimpanzee'], [72.35, 51.32, 7.29, -5.12, -8.04])"
D:\ZSL\CNN\Test_TRIAL_DATASET_1-CLASS_1\seal\seal_10272.jpg,seal,walrus,27,17,walrus,"(['humpback whale', 'pig', 'seal', 'hippopotamus', 'giant panda'], [49.61, 33.32, 21.44, 14.39, 6.44])"
D:\ZSL\CNN\Test_TRIAL_DATASET_1-CLASS_1\seal\seal_10273.jpg,seal,dolphin,27,4,dolphin,"(['humpback whale', 'seal', 'leopard', 'rat', 'chimpanzee'], [72.35, 51.32, 7.29, -5.12, -8.04])"
D:\ZSL\CNN\Test_TRIAL_DATASET_1-CLASS_1\seal\seal_10274.jpg,seal,dolphin,27,4,dolphin,"(['humpback whale', 'seal', 'leopard', 'rat', 'chimpanzee'], [72.35, 51.32, 7.29, -5.12, -8.04])"
D:\ZSL\CNN\Test_TRIAL_DATASET_1-CLASS_1\seal\seal_10275.jpg,seal,walrus,27,17,walrus,"(['humpback whale', 'pig', 'seal', 'hippopotamus', 'giant panda'], [49.61, 33.32, 21.44, 14.39, 6.44])"
D:\ZSL\CNN\Test_TRIAL_DATASET_1-CLASS_1\seal\seal_10276.jpg,seal,dolphin,27,4,dolphin,"(['humpback whale', 'seal', 'leopard', 'rat', 'chimpanzee'], [72.35, 51.32, 7.29, -5.12, -8.04])"
D:\ZSL\CNN\Test_TRIAL_DATASET_1-CLASS_1\seal\seal_10277.jpg,seal,dolphin,27,4,dolphin,"(['humpback whale', 'seal', 'leopard', 'rat', 'chimpanzee'], [72.35, 51.32, 7.29, -5.12, -8.04])"
D:\ZSL\CNN\Test_TRIAL_DATASET_1-CLASS_1\seal\seal_10278.jpg,seal,rhinoceros,27,12,rhinoceros,"(['hippopotamus', 'humpback whale', 'raccoon', 'persian cat', 'seal'], [48.51, 40.93, 28.97, 23.56, 11.96])"
D:\ZSL\CNN\Test_TRIAL_DATASET_1-CLASS_1\seal\seal_10279.jpg,seal,walrus,27,17,walrus,"(['humpback whale', 'pig', 'seal', 'hippopotamus', 'giant panda'], [49.61, 33.32, 21.44, 14.39, 6.44])"
D:\ZSL\CNN\Test_TRIAL_DATASET_1-CLASS_1\seal\seal_10280.jpg,seal,walrus,27,17,walrus,"(['humpback whale', 'pig', 'seal', 'hippopotamus', 'giant panda'], [49.61, 33.32, 21.44, 14.39, 6.44])"
D:\ZSL\CNN\Test_TRIAL_DATASET_1-CLASS_1\seal\seal_10281.jpg,seal,walrus,27,17,walrus,"(['humpback whale', 'pig', 'seal', 'hippopotamus', 'giant panda'], [49.61, 33.32, 21.44, 14.39, 6.44])"
D:\ZSL\CNN\Test_TRIAL_DATASET_1-CLASS_1\seal\seal_10282.jpg,seal,dolphin,27,4,dolphin,"(['humpback whale', 'seal', 'leopard', 'rat', 'chimpanzee'], [72.35, 51.32, 7.29, -5.12, -8.04])"
D:\ZSL\CNN\Test_TRIAL_DATASET_1-CLASS_1\seal\seal_10283.jpg,seal,rhinoceros,27,12,rhinoceros,"(['hippopotamus', 'humpback whale', 'raccoon', 'persian cat', 'seal'], [48.51, 40.93, 28.97, 23.56, 11.96])"
D:\ZSL\CNN\Test_TRIAL_DATASET_1-CLASS_1\seal\seal_10284.jpg,seal,walrus,27,17,walrus,"(['humpback whale', 'pig', 'seal', 'hippopotamus', 'giant panda'], [49.61, 33.32, 21.44, 14.39, 6.44])"
D:\ZSL\CNN\Test_TRIAL_DATASET_1-CLASS_1\seal\seal_10285.jpg,seal,walrus,27,17,walrus,"(['humpback whale', 'pig', 'seal', 'hippopotamus', 'giant panda'], [49.61, 33.32, 21.44, 14.39, 6.44])"
D:\ZSL\CNN\Test_TRIAL_DATASET_1-CLASS_1\seal\seal_10286.jpg,seal,walrus,27,17,walrus,"(['humpback whale', 'pig', 'seal', 'hippopotamus', 'giant panda'], [49.61, 33.32, 21.44, 14.39, 6.44])"
D:\ZSL\CNN\Test_TRIAL_DATASET_1-CLASS_1\seal\seal_10287.jpg,seal,dolphin,27,4,dolphin,"(['humpback whale', 'seal', 'leopard', 'rat', 'chimpanzee'], [72.35, 51.32, 7.29, -5.12, -8.04])"
D:\ZSL\CNN\Test_TRIAL_DATASET_1-CLASS_1\seal\seal_10288.jpg,seal,dolphin,27,4,dolphin,"(['humpback whale', 'seal', 'leopard', 'rat', 'chimpanzee'], [72.35, 51.32, 7.29, -5.12, -8.04])"
D:\ZSL\CNN\Test_TRIAL_DATASET_1-CLASS_1\seal\seal_10289.jpg,seal,walrus,27,17,walrus,"(['humpback whale', 'pig', 'seal', 'hippopotamus', 'giant panda'], [49.61, 33.32, 21.44, 14.39, 6.44])"
D:\ZSL\CNN\Test_TRIAL_DATASET_1-CLASS_1\seal\seal_10290.jpg,seal,walrus,27,17,walrus,"(['humpback whale', 'pig', 'seal', 'hippopotamus', 'giant panda'], [49.61, 33.32, 21.44, 14.39, 6.44])"
D:\ZSL\CNN\Test_TRIAL_DATASET_1-CLASS_1\seal\seal_10291.jpg,seal,walrus,27,17,walrus,"(['humpback whale', 'pig', 'seal', 'hippopotamus', 'giant panda'], [49.61, 33.32, 21.44, 14.39, 6.44])"
D:\ZSL\CNN\Test_TRIAL_DATASET_1-CLASS_1\seal\seal_10292.jpg,seal,walrus,27,17,walrus,"(['humpback whale', 'pig', 'seal', 'hippopotamus', 'giant panda'], [49.61, 33.32, 21.44, 14.39, 6.44])"
D:\ZSL\CNN\Test_TRIAL_DATASET_1-CLASS_1\seal\seal_10293.jpg,seal,dolphin,27,4,dolphin,"(['humpback whale', 'seal', 'leopard', 'rat', 'chimpanzee'], [72.35, 51.32, 7.29, -5.12, -8.04])"
D:\ZSL\CNN\Test_TRIAL_DATASET_1-CLASS_1\seal\seal_10294.jpg,seal,rhinoceros,27,12,rhinoceros,"(['hippopotamus', 'humpback whale', 'raccoon', 'persian cat', 'seal'], [48.51, 40.93, 28.97, 23.56, 11.96])"
D:\ZSL\CNN\Test_TRIAL_DATASET_1-CLASS_1\seal\seal_10295.jpg,seal,walrus,27,17,walrus,"(['humpback whale', 'pig', 'seal', 'hippopotamus', 'giant panda'], [49.61, 33.32, 21.44, 14.39, 6.44])"
D:\ZSL\CNN\Test_TRIAL_DATASET_1-CLASS_1\seal\seal_10296.jpg,seal,walrus,27,17,walrus,"(['humpback whale', 'pig', 'seal', 'hippopotamus', 'giant panda'], [49.61, 33.32, 21.44, 14.39, 6.44])"
D:\ZSL\CNN\Test_TRIAL_DATASET_1-CLASS_1\seal\seal_10297.jpg,seal,dolphin,27,4,dolphin,"(['humpback whale', 'seal', 'leopard', 'rat', 'chimpanzee'], [72.35, 51.32, 7.29, -5.12, -8.04])"
D:\ZSL\CNN\Test_TRIAL_DATASET_1-CLASS_1\seal\seal_10298.jpg,seal,walrus,27,17,walrus,"(['humpback whale', 'pig', 'seal', 'hippopotamus', 'giant panda'], [49.61, 33.32, 21.44, 14.39, 6.44])"
D:\ZSL\CNN\Test_TRIAL_DATASET_1-CLASS_1\seal\seal_10299.jpg,seal,walrus,27,17,walrus,"(['humpback whale', 'pig', 'seal', 'hippopotamus', 'giant panda'], [49.61, 33.32, 21.44, 14.39, 6.44])"
D:\ZSL\CNN\Test_TRIAL_DATASET_1-CLASS_1\seal\seal_10300.jpg,seal,walrus,27,17,walrus,"(['humpback whale', 'pig', 'seal', 'hippopotamus', 'giant panda'], [49.61, 33.32, 21.44, 14.39, 6.44])"
D:\ZSL\CNN\Test_TRIAL_DATASET_1-CLASS_1\seal\seal_10301.jpg,seal,walrus,27,17,walrus,"(['humpback whale', 'pig', 'seal', 'hippopotamus', 'giant panda'], [49.61, 33.32, 21.44, 14.39, 6.44])"
D:\ZSL\CNN\Test_TRIAL_DATASET_1-CLASS_1\seal\seal_10302.jpg,seal,walrus,27,17,walrus,"(['humpback whale', 'pig', 'seal', 'hippopotamus', 'giant panda'], [49.61, 33.32, 21.44, 14.39, 6.44])"
D:\ZSL\CNN\Test_TRIAL_DATASET_1-CLASS_1\seal\seal_10303.jpg,seal,walrus,27,17,walrus,"(['humpback whale', 'pig', 'seal', 'hippopotamus', 'giant panda'], [49.61, 33.32, 21.44, 14.39, 6.44])"
D:\ZSL\CNN\Test_TRIAL_DATASET_1-CLASS_1\seal\seal_10304.jpg,seal,walrus,27,17,walrus,"(['humpback whale', 'pig', 'seal', 'hippopotamus', 'giant panda'], [49.61, 33.32, 21.44, 14.39, 6.44])"
D:\ZSL\CNN\Test_TRIAL_DATASET_1-CLASS_1\seal\seal_10305.jpg,seal,walrus,27,17,walrus,"(['humpback whale', 'pig', 'seal', 'hippopotamus', 'giant panda'], [49.61, 33.32, 21.44, 14.39, 6.44])"
D:\ZSL\CNN\Test_TRIAL_DATASET_1-CLASS_1\seal\seal_10306.jpg,seal,walrus,27,17,walrus,"(['humpback whale', 'pig', 'seal', 'hippopotamus', 'giant panda'], [49.61, 33.32, 21.44, 14.39, 6.44])"
D:\ZSL\CNN\Test_TRIAL_DATASET_1-CLASS_1\seal\seal_10307.jpg,seal,walrus,27,17,walrus,"(['humpback whale', 'pig', 'seal', 'hippopotamus', 'giant panda'], [49.61, 33.32, 21.44, 14.39, 6.44])"
D:\ZSL\CNN\Test_TRIAL_DATASET_1-CLASS_1\seal\seal_10308.jpg,seal,walrus,27,17,walrus,"(['humpback whale', 'pig', 'seal', 'hippopotamus', 'giant panda'], [49.61, 33.32, 21.44, 14.39, 6.44])"
D:\ZSL\CNN\Test_TRIAL_DATASET_1-CLASS_1\seal\seal_10309.jpg,seal,walrus,27,17,walrus,"(['humpback whale', 'pig', 'seal', 'hippopotamus', 'giant panda'], [49.61, 33.32, 21.44, 14.39, 6.44])"
D:\ZSL\CNN\Test_TRIAL_DATASET_1-CLASS_1\seal\seal_10310.jpg,seal,dolphin,27,4,dolphin,"(['humpback whale', 'seal', 'leopard', 'rat', 'chimpanzee'], [72.35, 51.32, 7.29, -5.12, -8.04])"
D:\ZSL\CNN\Test_TRIAL_DATASET_1-CLASS_1\seal\seal_10311.jpg,seal,walrus,27,17,walrus,"(['humpback whale', 'pig', 'seal', 'hippopotamus', 'giant panda'], [49.61, 33.32, 21.44, 14.39, 6.44])"
D:\ZSL\CNN\Test_TRIAL_DATASET_1-CLASS_1\seal\seal_10312.jpg,seal,walrus,27,17,walrus,"(['humpback whale', 'pig', 'seal', 'hippopotamus', 'giant panda'], [49.61, 33.32, 21.44, 14.39, 6.44])"
D:\ZSL\CNN\Test_TRIAL_DATASET_1-CLASS_1\seal\seal_10313.jpg,seal,walrus,27,17,walrus,"(['humpback whale', 'pig', 'seal', 'hippopotamus', 'giant panda'], [49.61, 33.32, 21.44, 14.39, 6.44])"
D:\ZSL\CNN\Test_TRIAL_DATASET_1-CLASS_1\seal\seal_10314.jpg,seal,walrus,27,17,walrus,"(['humpback whale', 'pig', 'seal', 'hippopotamus', 'giant panda'], [49.61, 33.32, 21.44, 14.39, 6.44])"
D:\ZSL\CNN\Test_TRIAL_DATASET_1-CLASS_1\seal\seal_10315.jpg,seal,rhinoceros,27,12,rhinoceros,"(['hippopotamus', 'humpback whale', 'raccoon', 'persian cat', 'seal'], [48.51, 40.93, 28.97, 23.56, 11.96])"
D:\ZSL\CNN\Test_TRIAL_DATASET_1-CLASS_1\seal\seal_10316.jpg,seal,walrus,27,17,walrus,"(['humpback whale', 'pig', 'seal', 'hippopotamus', 'giant panda'], [49.61, 33.32, 21.44, 14.39, 6.44])"
D:\ZSL\CNN\Test_TRIAL_DATASET_1-CLASS_1\seal\seal_10317.jpg,seal,walrus,27,17,walrus,"(['humpback whale', 'pig', 'seal', 'hippopotamus', 'giant panda'], [49.61, 33.32, 21.44, 14.39, 6.44])"
D:\ZSL\CNN\Test_TRIAL_DATASET_1-CLASS_1\seal\seal_10318.jpg,seal,walrus,27,17,walrus,"(['humpback whale', 'pig', 'seal', 'hippopotamus', 'giant panda'], [49.61, 33.32, 21.44, 14.39, 6.44])"
D:\ZSL\CNN\Test_TRIAL_DATASET_1-CLASS_1\seal\seal_10319.jpg,seal,walrus,27,17,walrus,"(['humpback whale', 'pig', 'seal', 'hippopotamus', 'giant panda'], [49.61, 33.32, 21.44, 14.39, 6.44])"
D:\ZSL\CNN\Test_TRIAL_DATASET_1-CLASS_1\seal\seal_10320.jpg,seal,rhinoceros,27,12,rhinoceros,"(['hippopotamus', 'humpback whale', 'raccoon', 'persian cat', 'seal'], [48.51, 40.93, 28.97, 23.56, 11.96])"
D:\ZSL\CNN\Test_TRIAL_DATASET_1-CLASS_1\seal\seal_10321.jpg,seal,walrus,27,17,walrus,"(['humpback whale', 'pig', 'seal', 'hippopotamus', 'giant panda'], [49.61, 33.32, 21.44, 14.39, 6.44])"
D:\ZSL\CNN\Test_TRIAL_DATASET_1-CLASS_1\seal\seal_10322.jpg,seal,walrus,27,17,walrus,"(['humpback whale', 'pig', 'seal', 'hippopotamus', 'giant panda'], [49.61, 33.32, 21.44, 14.39, 6.44])"
D:\ZSL\CNN\Test_TRIAL_DATASET_1-CLASS_1\seal\seal_10323.jpg,seal,walrus,27,17,walrus,"(['humpback whale', 'pig', 'seal', 'hippopotamus', 'giant panda'], [49.61, 33.32, 21.44, 14.39, 6.44])"
D:\ZSL\CNN\Test_TRIAL_DATASET_1-CLASS_1\seal\seal_10324.jpg,seal,walrus,27,17,walrus,"(['humpback whale', 'pig', 'seal', 'hippopotamus', 'giant panda'], [49.61, 33.32, 21.44, 14.39, 6.44])"
D:\ZSL\CNN\Test_TRIAL_DATASET_1-CLASS_1\seal\seal_10325.jpg,seal,walrus,27,17,walrus,"(['humpback whale', 'pig', 'seal', 'hippopotamus', 'giant panda'], [49.61, 33.32, 21.44, 14.39, 6.44])"
D:\ZSL\CNN\Test_TRIAL_DATASET_1-CLASS_1\seal\seal_10326.jpg,seal,walrus,27,17,walrus,"(['humpback whale', 'pig', 'seal', 'hippopotamus', 'giant panda'], [49.61, 33.32, 21.44, 14.39, 6.44])"
D:\ZSL\CNN\Test_TRIAL_DATASET_1-CLASS_1\seal\seal_10327.jpg,seal,walrus,27,17,walrus,"(['humpback whale', 'pig', 'seal', 'hippopotamus', 'giant panda'], [49.61, 33.32, 21.44, 14.39, 6.44])"
D:\ZSL\CNN\Test_TRIAL_DATASET_1-CLASS_1\seal\seal_10328.jpg,seal,walrus,27,17,walrus,"(['humpback whale', 'pig', 'seal', 'hippopotamus', 'giant panda'], [49.61, 33.32, 21.44, 14.39, 6.44])"
D:\ZSL\CNN\Test_TRIAL_DATASET_1-CLASS_1\seal\seal_10329.jpg,seal,walrus,27,17,walrus,"(['humpback whale', 'pig', 'seal', 'hippopotamus', 'giant panda'], [49.61, 33.32, 21.44, 14.39, 6.44])"
D:\ZSL\CNN\Test_TRIAL_DATASET_1-CLASS_1\seal\seal_10330.jpg,seal,walrus,27,17,walrus,"(['humpback whale', 'pig', 'seal', 'hippopotamus', 'giant panda'], [49.61, 33.32, 21.44, 14.39, 6.44])"
D:\ZSL\CNN\Test_TRIAL_DATASET_1-CLASS_1\seal\seal_10331.jpg,seal,walrus,27,17,walrus,"(['humpback whale', 'pig', 'seal', 'hippopotamus', 'giant panda'], [49.61, 33.32, 21.44, 14.39, 6.44])"
D:\ZSL\CNN\Test_TRIAL_DATASET_1-CLASS_1\seal\seal_10332.jpg,seal,rhinoceros,27,12,rhinoceros,"(['hippopotamus', 'humpback whale', 'raccoon', 'persian cat', 'seal'], [48.51, 40.93, 28.97, 23.56, 11.96])"
D:\ZSL\CNN\Test_TRIAL_DATASET_1-CLASS_1\seal\seal_10333.jpg,seal,dolphin,27,4,dolphin,"(['humpback whale', 'seal', 'leopard', 'rat', 'chimpanzee'], [72.35, 51.32, 7.29, -5.12, -8.04])"
D:\ZSL\CNN\Test_TRIAL_DATASET_1-CLASS_1\seal\seal_10334.jpg,seal,walrus,27,17,walrus,"(['humpback whale', 'pig', 'seal', 'hippopotamus', 'giant panda'], [49.61, 33.32, 21.44, 14.39, 6.44])"
D:\ZSL\CNN\Test_TRIAL_DATASET_1-CLASS_1\seal\seal_10335.jpg,seal,walrus,27,17,walrus,"(['humpback whale', 'pig', 'seal', 'hippopotamus', 'giant panda'], [49.61, 33.32, 21.44, 14.39, 6.44])"
D:\ZSL\CNN\Test_TRIAL_DATASET_1-CLASS_1\seal\seal_10336.jpg,seal,walrus,27,17,walrus,"(['humpback whale', 'pig', 'seal', 'hippopotamus', 'giant panda'], [49.61, 33.32, 21.44, 14.39, 6.44])"
D:\ZSL\CNN\Test_TRIAL_DATASET_1-CLASS_1\seal\seal_10337.jpg,seal,walrus,27,17,walrus,"(['humpback whale', 'pig', 'seal', 'hippopotamus', 'giant panda'], [49.61, 33.32, 21.44, 14.39, 6.44])"
D:\ZSL\CNN\Test_TRIAL_DATASET_1-CLASS_1\seal\seal_10338.jpg,seal,walrus,27,17,walrus,"(['humpback whale', 'pig', 'seal', 'hippopotamus', 'giant panda'], [49.61, 33.32, 21.44, 14.39, 6.44])"
D:\ZSL\CNN\Test_TRIAL_DATASET_1-CLASS_1\seal\seal_10339.jpg,seal,walrus,27,17,walrus,"(['humpback whale', 'pig', 'seal', 'hippopotamus', 'giant panda'], [49.61, 33.32, 21.44, 14.39, 6.44])"
D:\ZSL\CNN\Test_TRIAL_DATASET_1-CLASS_1\seal\seal_10340.jpg,seal,walrus,27,17,walrus,"(['humpback whale', 'pig', 'seal', 'hippopotamus', 'giant panda'], [49.61, 33.32, 21.44, 14.39, 6.44])"
D:\ZSL\CNN\Test_TRIAL_DATASET_1-CLASS_1\seal\seal_10341.jpg,seal,walrus,27,17,walrus,"(['humpback whale', 'pig', 'seal', 'hippopotamus', 'giant panda'], [49.61, 33.32, 21.44, 14.39, 6.44])"
D:\ZSL\CNN\Test_TRIAL_DATASET_1-CLASS_1\seal\seal_10342.jpg,seal,walrus,27,17,walrus,"(['humpback whale', 'pig', 'seal', 'hippopotamus', 'giant panda'], [49.61, 33.32, 21.44, 14.39, 6.44])"
D:\ZSL\CNN\Test_TRIAL_DATASET_1-CLASS_1\seal\seal_10343.jpg,seal,walrus,27,17,walrus,"(['humpback whale', 'pig', 'seal', 'hippopotamus', 'giant panda'], [49.61, 33.32, 21.44, 14.39, 6.44])"
D:\ZSL\CNN\Test_TRIAL_DATASET_1-CLASS_1\seal\seal_10344.jpg,seal,bear,27,0,bear,"(['giant panda', 'raccoon', 'seal', 'pig', 'humpback whale'], [49.72, 40.56, 19.3, 8.36, 0.21])"
D:\ZSL\CNN\Test_TRIAL_DATASET_1-CLASS_1\seal\seal_10345.jpg,seal,walrus,27,17,walrus,"(['humpback whale', 'pig', 'seal', 'hippopotamus', 'giant panda'], [49.61, 33.32, 21.44, 14.39, 6.44])"
D:\ZSL\CNN\Test_TRIAL_DATASET_1-CLASS_1\seal\seal_10346.jpg,seal,walrus,27,17,walrus,"(['humpback whale', 'pig', 'seal', 'hippopotamus', 'giant panda'], [49.61, 33.32, 21.44, 14.39, 6.44])"
D:\ZSL\CNN\Test_TRIAL_DATASET_1-CLASS_1\seal\seal_10347.jpg,seal,walrus,27,17,walrus,"(['humpback whale', 'pig', 'seal', 'hippopotamus', 'giant panda'], [49.61, 33.32, 21.44, 14.39, 6.44])"
D:\ZSL\CNN\Test_TRIAL_DATASET_1-CLASS_1\seal\seal_10348.jpg,seal,walrus,27,17,walrus,"(['humpback whale', 'pig', 'seal', 'hippopotamus', 'giant panda'], [49.61, 33.32, 21.44, 14.39, 6.44])"
D:\ZSL\CNN\Test_TRIAL_DATASET_1-CLASS_1\seal\seal_10349.jpg,seal,walrus,27,17,walrus,"(['humpback whale', 'pig', 'seal', 'hippopotamus', 'giant panda'], [49.61, 33.32, 21.44, 14.39, 6.44])"
D:\ZSL\CNN\Test_TRIAL_DATASET_1-CLASS_1\seal\seal_10350.jpg,seal,walrus,27,17,walrus,"(['humpback whale', 'pig', 'seal', 'hippopotamus', 'giant panda'], [49.61, 33.32, 21.44, 14.39, 6.44])"
D:\ZSL\CNN\Test_TRIAL_DATASET_1-CLASS_1\seal\seal_10351.jpg,seal,walrus,27,17,walrus,"(['humpback whale', 'pig', 'seal', 'hippopotamus', 'giant panda'], [49.61, 33.32, 21.44, 14.39, 6.44])"
D:\ZSL\CNN\Test_TRIAL_DATASET_1-CLASS_1\seal\seal_10352.jpg,seal,walrus,27,17,walrus,"(['humpback whale', 'pig', 'seal', 'hippopotamus', 'giant panda'], [49.61, 33.32, 21.44, 14.39, 6.44])"
D:\ZSL\CNN\Test_TRIAL_DATASET_1-CLASS_1\seal\seal_10353.jpg,seal,walrus,27,17,walrus,"(['humpback whale', 'pig', 'seal', 'hippopotamus', 'giant panda'], [49.61, 33.32, 21.44, 14.39, 6.44])"
D:\ZSL\CNN\Test_TRIAL_DATASET_1-CLASS_1\seal\seal_10354.jpg,seal,bear,27,0,bear,"(['giant panda', 'raccoon', 'seal', 'pig', 'humpback whale'], [49.72, 40.56, 19.3, 8.36, 0.21])"
D:\ZSL\CNN\Test_TRIAL_DATASET_1-CLASS_1\seal\seal_10355.jpg,seal,bear,27,0,bear,"(['giant panda', 'raccoon', 'seal', 'pig', 'humpback whale'], [49.72, 40.56, 19.3, 8.36, 0.21])"
D:\ZSL\CNN\Test_TRIAL_DATASET_1-CLASS_1\seal\seal_10356.jpg,seal,walrus,27,17,walrus,"(['humpback whale', 'pig', 'seal', 'hippopotamus', 'giant panda'], [49.61, 33.32, 21.44, 14.39, 6.44])"
D:\ZSL\CNN\Test_TRIAL_DATASET_1-CLASS_1\seal\seal_10357.jpg,seal,walrus,27,17,walrus,"(['humpback whale', 'pig', 'seal', 'hippopotamus', 'giant panda'], [49.61, 33.32, 21.44, 14.39, 6.44])"
D:\ZSL\CNN\Test_TRIAL_DATASET_1-CLASS_1\seal\seal_10358.jpg,seal,walrus,27,17,walrus,"(['humpback whale', 'pig', 'seal', 'hippopotamus', 'giant panda'], [49.61, 33.32, 21.44, 14.39, 6.44])"
D:\ZSL\CNN\Test_TRIAL_DATASET_1-CLASS_1\seal\seal_10359.jpg,seal,walrus,27,17,walrus,"(['humpback whale', 'pig', 'seal', 'hippopotamus', 'giant panda'], [49.61, 33.32, 21.44, 14.39, 6.44])"
D:\ZSL\CNN\Test_TRIAL_DATASET_1-CLASS_1\seal\seal_10360.jpg,seal,walrus,27,17,walrus,"(['humpback whale', 'pig', 'seal', 'hippopotamus', 'giant panda'], [49.61, 33.32, 21.44, 14.39, 6.44])"
D:\ZSL\CNN\Test_TRIAL_DATASET_1-CLASS_1\seal\seal_10361.jpg,seal,walrus,27,17,walrus,"(['humpback whale', 'pig', 'seal', 'hippopotamus', 'giant panda'], [49.61, 33.32, 21.44, 14.39, 6.44])"
D:\ZSL\CNN\Test_TRIAL_DATASET_1-CLASS_1\seal\seal_10362.jpg,seal,walrus,27,17,walrus,"(['humpback whale', 'pig', 'seal', 'hippopotamus', 'giant panda'], [49.61, 33.32, 21.44, 14.39, 6.44])"
D:\ZSL\CNN\Test_TRIAL_DATASET_1-CLASS_1\seal\seal_10363.jpg,seal,walrus,27,17,walrus,"(['humpback whale', 'pig', 'seal', 'hippopotamus', 'giant panda'], [49.61, 33.32, 21.44, 14.39, 6.44])"
D:\ZSL\CNN\Test_TRIAL_DATASET_1-CLASS_1\seal\seal_10364.jpg,seal,walrus,27,17,walrus,"(['humpback whale', 'pig', 'seal', 'hippopotamus', 'giant panda'], [49.61, 33.32, 21.44, 14.39, 6.44])"
D:\ZSL\CNN\Test_TRIAL_DATASET_1-CLASS_1\seal\seal_10365.jpg,seal,walrus,27,17,walrus,"(['humpback whale', 'pig', 'seal', 'hippopotamus', 'giant panda'], [49.61, 33.32, 21.44, 14.39, 6.44])"
D:\ZSL\CNN\Test_TRIAL_DATASET_1-CLASS_1\seal\seal_10366.jpg,seal,walrus,27,17,walrus,"(['humpback whale', 'pig', 'seal', 'hippopotamus', 'giant panda'], [49.61, 33.32, 21.44, 14.39, 6.44])"
D:\ZSL\CNN\Test_TRIAL_DATASET_1-CLASS_1\seal\seal_10367.jpg,seal,walrus,27,17,walrus,"(['humpback whale', 'pig', 'seal', 'hippopotamus', 'giant panda'], [49.61, 33.32, 21.44, 14.39, 6.44])"
D:\ZSL\CNN\Test_TRIAL_DATASET_1-CLASS_1\seal\seal_10368.jpg,seal,walrus,27,17,walrus,"(['humpback whale', 'pig', 'seal', 'hippopotamus', 'giant panda'], [49.61, 33.32, 21.44, 14.39, 6.44])"
D:\ZSL\CNN\Test_TRIAL_DATASET_1-CLASS_1\seal\seal_10369.jpg,seal,bear,27,0,bear,"(['giant panda', 'raccoon', 'seal', 'pig', 'humpback whale'], [49.72, 40.56, 19.3, 8.36, 0.21])"
D:\ZSL\CNN\Test_TRIAL_DATASET_1-CLASS_1\seal\seal_10370.jpg,seal,walrus,27,17,walrus,"(['humpback whale', 'pig', 'seal', 'hippopotamus', 'giant panda'], [49.61, 33.32, 21.44, 14.39, 6.44])"
D:\ZSL\CNN\Test_TRIAL_DATASET_1-CLASS_1\seal\seal_10371.jpg,seal,walrus,27,17,walrus,"(['humpback whale', 'pig', 'seal', 'hippopotamus', 'giant panda'], [49.61, 33.32, 21.44, 14.39, 6.44])"
D:\ZSL\CNN\Test_TRIAL_DATASET_1-CLASS_1\seal\seal_10372.jpg,seal,walrus,27,17,walrus,"(['humpback whale', 'pig', 'seal', 'hippopotamus', 'giant panda'], [49.61, 33.32, 21.44, 14.39, 6.44])"
D:\ZSL\CNN\Test_TRIAL_DATASET_1-CLASS_1\seal\seal_10373.jpg,seal,walrus,27,17,walrus,"(['humpback whale', 'pig', 'seal', 'hippopotamus', 'giant panda'], [49.61, 33.32, 21.44, 14.39, 6.44])"
D:\ZSL\CNN\Test_TRIAL_DATASET_1-CLASS_1\seal\seal_10374.jpg,seal,walrus,27,17,walrus,"(['humpback whale', 'pig', 'seal', 'hippopotamus', 'giant panda'], [49.61, 33.32, 21.44, 14.39, 6.44])"
D:\ZSL\CNN\Test_TRIAL_DATASET_1-CLASS_1\seal\seal_10375.jpg,seal,walrus,27,17,walrus,"(['humpback whale', 'pig', 'seal', 'hippopotamus', 'giant panda'], [49.61, 33.32, 21.44, 14.39, 6.44])"
D:\ZSL\CNN\Test_TRIAL_DATASET_1-CLASS_1\seal\seal_10376.jpg,seal,walrus,27,17,walrus,"(['humpback whale', 'pig', 'seal', 'hippopotamus', 'giant panda'], [49.61, 33.32, 21.44, 14.39, 6.44])"
D:\ZSL\CNN\Test_TRIAL_DATASET_1-CLASS_1\seal\seal_10377.jpg,seal,walrus,27,17,walrus,"(['humpback whale', 'pig', 'seal', 'hippopotamus', 'giant panda'], [49.61, 33.32, 21.44, 14.39, 6.44])"
D:\ZSL\CNN\Test_TRIAL_DATASET_1-CLASS_1\seal\seal_10378.jpg,seal,walrus,27,17,walrus,"(['humpback whale', 'pig', 'seal', 'hippopotamus', 'giant panda'], [49.61, 33.32, 21.44, 14.39, 6.44])"
D:\ZSL\CNN\Test_TRIAL_DATASET_1-CLASS_1\seal\seal_10379.jpg,seal,walrus,27,17,walrus,"(['humpback whale', 'pig', 'seal', 'hippopotamus', 'giant panda'], [49.61, 33.32, 21.44, 14.39, 6.44])"
D:\ZSL\CNN\Test_TRIAL_DATASET_1-CLASS_1\seal\seal_10380.jpg,seal,bear,27,0,bear,"(['giant panda', 'raccoon', 'seal', 'pig', 'humpback whale'], [49.72, 40.56, 19.3, 8.36, 0.21])"
D:\ZSL\CNN\Test_TRIAL_DATASET_1-CLASS_1\seal\seal_10381.jpg,seal,walrus,27,17,walrus,"(['humpback whale', 'pig', 'seal', 'hippopotamus', 'giant panda'], [49.61, 33.32, 21.44, 14.39, 6.44])"
D:\ZSL\CNN\Test_TRIAL_DATASET_1-CLASS_1\seal\seal_10382.jpg,seal,rhinoceros,27,12,rhinoceros,"(['hippopotamus', 'humpback whale', 'raccoon', 'persian cat', 'seal'], [48.51, 40.93, 28.97, 23.56, 11.96])"
D:\ZSL\CNN\Test_TRIAL_DATASET_1-CLASS_1\seal\seal_10383.jpg,seal,bear,27,0,bear,"(['giant panda', 'raccoon', 'seal', 'pig', 'humpback whale'], [49.72, 40.56, 19.3, 8.36, 0.21])"
D:\ZSL\CNN\Test_TRIAL_DATASET_1-CLASS_1\seal\seal_10384.jpg,seal,walrus,27,17,walrus,"(['humpback whale', 'pig', 'seal', 'hippopotamus', 'giant panda'], [49.61, 33.32, 21.44, 14.39, 6.44])"
D:\ZSL\CNN\Test_TRIAL_DATASET_1-CLASS_1\seal\seal_10385.jpg,seal,walrus,27,17,walrus,"(['humpback whale', 'pig', 'seal', 'hippopotamus', 'giant panda'], [49.61, 33.32, 21.44, 14.39, 6.44])"
D:\ZSL\CNN\Test_TRIAL_DATASET_1-CLASS_1\seal\seal_10386.jpg,seal,walrus,27,17,walrus,"(['humpback whale', 'pig', 'seal', 'hippopotamus', 'giant panda'], [49.61, 33.32, 21.44, 14.39, 6.44])"
D:\ZSL\CNN\Test_TRIAL_DATASET_1-CLASS_1\seal\seal_10387.jpg,seal,walrus,27,17,walrus,"(['humpback whale', 'pig', 'seal', 'hippopotamus', 'giant panda'], [49.61, 33.32, 21.44, 14.39, 6.44])"
D:\ZSL\CNN\Test_TRIAL_DATASET_1-CLASS_1\seal\seal_10388.jpg,seal,walrus,27,17,walrus,"(['humpback whale', 'pig', 'seal', 'hippopotamus', 'giant panda'], [49.61, 33.32, 21.44, 14.39, 6.44])"
D:\ZSL\CNN\Test_TRIAL_DATASET_1-CLASS_1\seal\seal_10389.jpg,seal,walrus,27,17,walrus,"(['humpback whale', 'pig', 'seal', 'hippopotamus', 'giant panda'], [49.61, 33.32, 21.44, 14.39, 6.44])"
D:\ZSL\CNN\Test_TRIAL_DATASET_1-CLASS_1\seal\seal_10390.jpg,seal,walrus,27,17,walrus,"(['humpback whale', 'pig', 'seal', 'hippopotamus', 'giant panda'], [49.61, 33.32, 21.44, 14.39, 6.44])"
D:\ZSL\CNN\Test_TRIAL_DATASET_1-CLASS_1\seal\seal_10391.jpg,seal,walrus,27,17,walrus,"(['humpback whale', 'pig', 'seal', 'hippopotamus', 'giant panda'], [49.61, 33.32, 21.44, 14.39, 6.44])"
D:\ZSL\CNN\Test_TRIAL_DATASET_1-CLASS_1\seal\seal_10392.jpg,seal,bear,27,0,bear,"(['giant panda', 'raccoon', 'seal', 'pig', 'humpback whale'], [49.72, 40.56, 19.3, 8.36, 0.21])"
D:\ZSL\CNN\Test_TRIAL_DATASET_1-CLASS_1\seal\seal_10393.jpg,seal,walrus,27,17,walrus,"(['humpback whale', 'pig', 'seal', 'hippopotamus', 'giant panda'], [49.61, 33.32, 21.44, 14.39, 6.44])"
D:\ZSL\CNN\Test_TRIAL_DATASET_1-CLASS_1\seal\seal_10394.jpg,seal,walrus,27,17,walrus,"(['humpback whale', 'pig', 'seal', 'hippopotamus', 'giant panda'], [49.61, 33.32, 21.44, 14.39, 6.44])"
D:\ZSL\CNN\Test_TRIAL_DATASET_1-CLASS_1\seal\seal_10395.jpg,seal,walrus,27,17,walrus,"(['humpback whale', 'pig', 'seal', 'hippopotamus', 'giant panda'], [49.61, 33.32, 21.44, 14.39, 6.44])"
D:\ZSL\CNN\Test_TRIAL_DATASET_1-CLASS_1\seal\seal_10396.jpg,seal,walrus,27,17,walrus,"(['humpback whale', 'pig', 'seal', 'hippopotamus', 'giant panda'], [49.61, 33.32, 21.44, 14.39, 6.44])"
D:\ZSL\CNN\Test_TRIAL_DATASET_1-CLASS_1\seal\seal_10397.jpg,seal,rhinoceros,27,12,rhinoceros,"(['hippopotamus', 'humpback whale', 'raccoon', 'persian cat', 'seal'], [48.51, 40.93, 28.97, 23.56, 11.96])"
D:\ZSL\CNN\Test_TRIAL_DATASET_1-CLASS_1\seal\seal_10398.jpg,seal,walrus,27,17,walrus,"(['humpback whale', 'pig', 'seal', 'hippopotamus', 'giant panda'], [49.61, 33.32, 21.44, 14.39, 6.44])"
D:\ZSL\CNN\Test_TRIAL_DATASET_1-CLASS_1\seal\seal_10399.jpg,seal,bear,27,0,bear,"(['giant panda', 'raccoon', 'seal', 'pig', 'humpback whale'], [49.72, 40.56, 19.3, 8.36, 0.21])"
D:\ZSL\CNN\Test_TRIAL_DATASET_1-CLASS_1\seal\seal_10400.jpg,seal,walrus,27,17,walrus,"(['humpback whale', 'pig', 'seal', 'hippopotamus', 'giant panda'], [49.61, 33.32, 21.44, 14.39, 6.44])"
D:\ZSL\CNN\Test_TRIAL_DATASET_1-CLASS_1\seal\seal_10401.jpg,seal,walrus,27,17,walrus,"(['humpback whale', 'pig', 'seal', 'hippopotamus', 'giant panda'], [49.61, 33.32, 21.44, 14.39, 6.44])"
D:\ZSL\CNN\Test_TRIAL_DATASET_1-CLASS_1\seal\seal_10402.jpg,seal,walrus,27,17,walrus,"(['humpback whale', 'pig', 'seal', 'hippopotamus', 'giant panda'], [49.61, 33.32, 21.44, 14.39, 6.44])"
D:\ZSL\CNN\Test_TRIAL_DATASET_1-CLASS_1\seal\seal_10403.jpg,seal,walrus,27,17,walrus,"(['humpback whale', 'pig', 'seal', 'hippopotamus', 'giant panda'], [49.61, 33.32, 21.44, 14.39, 6.44])"
D:\ZSL\CNN\Test_TRIAL_DATASET_1-CLASS_1\seal\seal_10404.jpg,seal,walrus,27,17,walrus,"(['humpback whale', 'pig', 'seal', 'hippopotamus', 'giant panda'], [49.61, 33.32, 21.44, 14.39, 6.44])"
D:\ZSL\CNN\Test_TRIAL_DATASET_1-CLASS_1\seal\seal_10405.jpg,seal,rhinoceros,27,12,rhinoceros,"(['hippopotamus', 'humpback whale', 'raccoon', 'persian cat', 'seal'], [48.51, 40.93, 28.97, 23.56, 11.96])"
D:\ZSL\CNN\Test_TRIAL_DATASET_1-CLASS_1\seal\seal_10406.jpg,seal,walrus,27,17,walrus,"(['humpback whale', 'pig', 'seal', 'hippopotamus', 'giant panda'], [49.61, 33.32, 21.44, 14.39, 6.44])"
D:\ZSL\CNN\Test_TRIAL_DATASET_1-CLASS_1\seal\seal_10407.jpg,seal,walrus,27,17,walrus,"(['humpback whale', 'pig', 'seal', 'hippopotamus', 'giant panda'], [49.61, 33.32, 21.44, 14.39, 6.44])"
D:\ZSL\CNN\Test_TRIAL_DATASET_1-CLASS_1\seal\seal_10408.jpg,seal,walrus,27,17,walrus,"(['humpback whale', 'pig', 'seal', 'hippopotamus', 'giant panda'], [49.61, 33.32, 21.44, 14.39, 6.44])"
D:\ZSL\CNN\Test_TRIAL_DATASET_1-CLASS_1\seal\seal_10409.jpg,seal,walrus,27,17,walrus,"(['humpback whale', 'pig', 'seal', 'hippopotamus', 'giant panda'], [49.61, 33.32, 21.44, 14.39, 6.44])"
D:\ZSL\CNN\Test_TRIAL_DATASET_1-CLASS_1\seal\seal_10410.jpg,seal,walrus,27,17,walrus,"(['humpback whale', 'pig', 'seal', 'hippopotamus', 'giant panda'], [49.61, 33.32, 21.44, 14.39, 6.44])"
D:\ZSL\CNN\Test_TRIAL_DATASET_1-CLASS_1\seal\seal_10411.jpg,seal,walrus,27,17,walrus,"(['humpback whale', 'pig', 'seal', 'hippopotamus', 'giant panda'], [49.61, 33.32, 21.44, 14.39, 6.44])"
D:\ZSL\CNN\Test_TRIAL_DATASET_1-CLASS_1\seal\seal_10412.jpg,seal,walrus,27,17,walrus,"(['humpback whale', 'pig', 'seal', 'hippopotamus', 'giant panda'], [49.61, 33.32, 21.44, 14.39, 6.44])"
D:\ZSL\CNN\Test_TRIAL_DATASET_1-CLASS_1\seal\seal_10413.jpg,seal,walrus,27,17,walrus,"(['humpback whale', 'pig', 'seal', 'hippopotamus', 'giant panda'], [49.61, 33.32, 21.44, 14.39, 6.44])"
D:\ZSL\CNN\Test_TRIAL_DATASET_1-CLASS_1\seal\seal_10414.jpg,seal,walrus,27,17,walrus,"(['humpback whale', 'pig', 'seal', 'hippopotamus', 'giant panda'], [49.61, 33.32, 21.44, 14.39, 6.44])"
D:\ZSL\CNN\Test_TRIAL_DATASET_1-CLASS_1\seal\seal_10415.jpg,seal,walrus,27,17,walrus,"(['humpback whale', 'pig', 'seal', 'hippopotamus', 'giant panda'], [49.61, 33.32, 21.44, 14.39, 6.44])"
D:\ZSL\CNN\Test_TRIAL_DATASET_1-CLASS_1\seal\seal_10416.jpg,seal,walrus,27,17,walrus,"(['humpback whale', 'pig', 'seal', 'hippopotamus', 'giant panda'], [49.61, 33.32, 21.44, 14.39, 6.44])"
D:\ZSL\CNN\Test_TRIAL_DATASET_1-CLASS_1\seal\seal_10417.jpg,seal,bear,27,0,bear,"(['giant panda', 'raccoon', 'seal', 'pig', 'humpback whale'], [49.72, 40.56, 19.3, 8.36, 0.21])"
D:\ZSL\CNN\Test_TRIAL_DATASET_1-CLASS_1\seal\seal_10418.jpg,seal,dolphin,27,4,dolphin,"(['humpback whale', 'seal', 'leopard', 'rat', 'chimpanzee'], [72.35, 51.32, 7.29, -5.12, -8.04])"
D:\ZSL\CNN\Test_TRIAL_DATASET_1-CLASS_1\seal\seal_10419.jpg,seal,dolphin,27,4,dolphin,"(['humpback whale', 'seal', 'leopard', 'rat', 'chimpanzee'], [72.35, 51.32, 7.29, -5.12, -8.04])"
D:\ZSL\CNN\Test_TRIAL_DATASET_1-CLASS_1\seal\seal_10420.jpg,seal,walrus,27,17,walrus,"(['humpback whale', 'pig', 'seal', 'hippopotamus', 'giant panda'], [49.61, 33.32, 21.44, 14.39, 6.44])"
D:\ZSL\CNN\Test_TRIAL_DATASET_1-CLASS_1\seal\seal_10421.jpg,seal,walrus,27,17,walrus,"(['humpback whale', 'pig', 'seal', 'hippopotamus', 'giant panda'], [49.61, 33.32, 21.44, 14.39, 6.44])"
D:\ZSL\CNN\Test_TRIAL_DATASET_1-CLASS_1\seal\seal_10422.jpg,seal,walrus,27,17,walrus,"(['humpback whale', 'pig', 'seal', 'hippopotamus', 'giant panda'], [49.61, 33.32, 21.44, 14.39, 6.44])"
D:\ZSL\CNN\Test_TRIAL_DATASET_1-CLASS_1\seal\seal_10423.jpg,seal,walrus,27,17,walrus,"(['humpback whale', 'pig', 'seal', 'hippopotamus', 'giant panda'], [49.61, 33.32, 21.44, 14.39, 6.44])"
D:\ZSL\CNN\Test_TRIAL_DATASET_1-CLASS_1\seal\seal_10424.jpg,seal,walrus,27,17,walrus,"(['humpback whale', 'pig', 'seal', 'hippopotamus', 'giant panda'], [49.61, 33.32, 21.44, 14.39, 6.44])"
D:\ZSL\CNN\Test_TRIAL_DATASET_1-CLASS_1\seal\seal_10425.jpg,seal,walrus,27,17,walrus,"(['humpback whale', 'pig', 'seal', 'hippopotamus', 'giant panda'], [49.61, 33.32, 21.44, 14.39, 6.44])"
D:\ZSL\CNN\Test_TRIAL_DATASET_1-CLASS_1\seal\seal_10426.jpg,seal,walrus,27,17,walrus,"(['humpback whale', 'pig', 'seal', 'hippopotamus', 'giant panda'], [49.61, 33.32, 21.44, 14.39, 6.44])"
D:\ZSL\CNN\Test_TRIAL_DATASET_1-CLASS_1\seal\seal_10427.jpg,seal,walrus,27,17,walrus,"(['humpback whale', 'pig', 'seal', 'hippopotamus', 'giant panda'], [49.61, 33.32, 21.44, 14.39, 6.44])"
D:\ZSL\CNN\Test_TRIAL_DATASET_1-CLASS_1\seal\seal_10428.jpg,seal,walrus,27,17,walrus,"(['humpback whale', 'pig', 'seal', 'hippopotamus', 'giant panda'], [49.61, 33.32, 21.44, 14.39, 6.44])"
D:\ZSL\CNN\Test_TRIAL_DATASET_1-CLASS_1\seal\seal_10429.jpg,seal,walrus,27,17,walrus,"(['humpback whale', 'pig', 'seal', 'hippopotamus', 'giant panda'], [49.61, 33.32, 21.44, 14.39, 6.44])"
D:\ZSL\CNN\Test_TRIAL_DATASET_1-CLASS_1\seal\seal_10430.jpg,seal,dolphin,27,4,dolphin,"(['humpback whale', 'seal', 'leopard', 'rat', 'chimpanzee'], [72.35, 51.32, 7.29, -5.12, -8.04])"
D:\ZSL\CNN\Test_TRIAL_DATASET_1-CLASS_1\seal\seal_10431.jpg,seal,walrus,27,17,walrus,"(['humpback whale', 'pig', 'seal', 'hippopotamus', 'giant panda'], [49.61, 33.32, 21.44, 14.39, 6.44])"
D:\ZSL\CNN\Test_TRIAL_DATASET_1-CLASS_1\seal\seal_10432.jpg,seal,walrus,27,17,walrus,"(['humpback whale', 'pig', 'seal', 'hippopotamus', 'giant panda'], [49.61, 33.32, 21.44, 14.39, 6.44])"
D:\ZSL\CNN\Test_TRIAL_DATASET_1-CLASS_1\seal\seal_10433.jpg,seal,walrus,27,17,walrus,"(['humpback whale', 'pig', 'seal', 'hippopotamus', 'giant panda'], [49.61, 33.32, 21.44, 14.39, 6.44])"
D:\ZSL\CNN\Test_TRIAL_DATASET_1-CLASS_1\seal\seal_10434.jpg,seal,dolphin,27,4,dolphin,"(['humpback whale', 'seal', 'leopard', 'rat', 'chimpanzee'], [72.35, 51.32, 7.29, -5.12, -8.04])"
D:\ZSL\CNN\Test_TRIAL_DATASET_1-CLASS_1\seal\seal_10435.jpg,seal,walrus,27,17,walrus,"(['humpback whale', 'pig', 'seal', 'hippopotamus', 'giant panda'], [49.61, 33.32, 21.44, 14.39, 6.44])"
D:\ZSL\CNN\Test_TRIAL_DATASET_1-CLASS_1\seal\seal_10436.jpg,seal,walrus,27,17,walrus,"(['humpback whale', 'pig', 'seal', 'hippopotamus', 'giant panda'], [49.61, 33.32, 21.44, 14.39, 6.44])"
D:\ZSL\CNN\Test_TRIAL_DATASET_1-CLASS_1\seal\seal_10437.jpg,seal,walrus,27,17,walrus,"(['humpback whale', 'pig', 'seal', 'hippopotamus', 'giant panda'], [49.61, 33.32, 21.44, 14.39, 6.44])"
D:\ZSL\CNN\Test_TRIAL_DATASET_1-CLASS_1\seal\seal_10438.jpg,seal,walrus,27,17,walrus,"(['humpback whale', 'pig', 'seal', 'hippopotamus', 'giant panda'], [49.61, 33.32, 21.44, 14.39, 6.44])"
D:\ZSL\CNN\Test_TRIAL_DATASET_1-CLASS_1\seal\seal_10439.jpg,seal,walrus,27,17,walrus,"(['humpback whale', 'pig', 'seal', 'hippopotamus', 'giant panda'], [49.61, 33.32, 21.44, 14.39, 6.44])"
D:\ZSL\CNN\Test_TRIAL_DATASET_1-CLASS_1\seal\seal_10440.jpg,seal,bear,27,0,bear,"(['giant panda', 'raccoon', 'seal', 'pig', 'humpback whale'], [49.72, 40.56, 19.3, 8.36, 0.21])"
D:\ZSL\CNN\Test_TRIAL_DATASET_1-CLASS_1\seal\seal_10441.jpg,seal,walrus,27,17,walrus,"(['humpback whale', 'pig', 'seal', 'hippopotamus', 'giant panda'], [49.61, 33.32, 21.44, 14.39, 6.44])"
D:\ZSL\CNN\Test_TRIAL_DATASET_1-CLASS_1\seal\seal_10442.jpg,seal,walrus,27,17,walrus,"(['humpback whale', 'pig', 'seal', 'hippopotamus', 'giant panda'], [49.61, 33.32, 21.44, 14.39, 6.44])"
D:\ZSL\CNN\Test_TRIAL_DATASET_1-CLASS_1\seal\seal_10443.jpg,seal,walrus,27,17,walrus,"(['humpback whale', 'pig', 'seal', 'hippopotamus', 'giant panda'], [49.61, 33.32, 21.44, 14.39, 6.44])"
D:\ZSL\CNN\Test_TRIAL_DATASET_1-CLASS_1\seal\seal_10444.jpg,seal,walrus,27,17,walrus,"(['humpback whale', 'pig', 'seal', 'hippopotamus', 'giant panda'], [49.61, 33.32, 21.44, 14.39, 6.44])"
D:\ZSL\CNN\Test_TRIAL_DATASET_1-CLASS_1\seal\seal_10445.jpg,seal,walrus,27,17,walrus,"(['humpback whale', 'pig', 'seal', 'hippopotamus', 'giant panda'], [49.61, 33.32, 21.44, 14.39, 6.44])"
D:\ZSL\CNN\Test_TRIAL_DATASET_1-CLASS_1\seal\seal_10446.jpg,seal,walrus,27,17,walrus,"(['humpback whale', 'pig', 'seal', 'hippopotamus', 'giant panda'], [49.61, 33.32, 21.44, 14.39, 6.44])"
D:\ZSL\CNN\Test_TRIAL_DATASET_1-CLASS_1\seal\seal_10447.jpg,seal,rhinoceros,27,12,rhinoceros,"(['hippopotamus', 'humpback whale', 'raccoon', 'persian cat', 'seal'], [48.51, 40.93, 28.97, 23.56, 11.96])"
D:\ZSL\CNN\Test_TRIAL_DATASET_1-CLASS_1\seal\seal_10448.jpg,seal,walrus,27,17,walrus,"(['humpback whale', 'pig', 'seal', 'hippopotamus', 'giant panda'], [49.61, 33.32, 21.44, 14.39, 6.44])"
D:\ZSL\CNN\Test_TRIAL_DATASET_1-CLASS_1\seal\seal_10449.jpg,seal,walrus,27,17,walrus,"(['humpback whale', 'pig', 'seal', 'hippopotamus', 'giant panda'], [49.61, 33.32, 21.44, 14.39, 6.44])"
D:\ZSL\CNN\Test_TRIAL_DATASET_1-CLASS_1\seal\seal_10450.jpg,seal,walrus,27,17,walrus,"(['humpback whale', 'pig', 'seal', 'hippopotamus', 'giant panda'], [49.61, 33.32, 21.44, 14.39, 6.44])"
D:\ZSL\CNN\Test_TRIAL_DATASET_1-CLASS_1\seal\seal_10451.jpg,seal,walrus,27,17,walrus,"(['humpback whale', 'pig', 'seal', 'hippopotamus', 'giant panda'], [49.61, 33.32, 21.44, 14.39, 6.44])"
D:\ZSL\CNN\Test_TRIAL_DATASET_1-CLASS_1\seal\seal_10452.jpg,seal,walrus,27,17,walrus,"(['humpback whale', 'pig', 'seal', 'hippopotamus', 'giant panda'], [49.61, 33.32, 21.44, 14.39, 6.44])"
D:\ZSL\CNN\Test_TRIAL_DATASET_1-CLASS_1\seal\seal_10453.jpg,seal,bear,27,0,bear,"(['giant panda', 'raccoon', 'seal', 'pig', 'humpback whale'], [49.72, 40.56, 19.3, 8.36, 0.21])"
D:\ZSL\CNN\Test_TRIAL_DATASET_1-CLASS_1\seal\seal_10454.jpg,seal,walrus,27,17,walrus,"(['humpback whale', 'pig', 'seal', 'hippopotamus', 'giant panda'], [49.61, 33.32, 21.44, 14.39, 6.44])"
D:\ZSL\CNN\Test_TRIAL_DATASET_1-CLASS_1\seal\seal_10455.jpg,seal,walrus,27,17,walrus,"(['humpback whale', 'pig', 'seal', 'hippopotamus', 'giant panda'], [49.61, 33.32, 21.44, 14.39, 6.44])"
D:\ZSL\CNN\Test_TRIAL_DATASET_1-CLASS_1\seal\seal_10456.jpg,seal,walrus,27,17,walrus,"(['humpback whale', 'pig', 'seal', 'hippopotamus', 'giant panda'], [49.61, 33.32, 21.44, 14.39, 6.44])"
D:\ZSL\CNN\Test_TRIAL_DATASET_1-CLASS_1\seal\seal_10457.jpg,seal,walrus,27,17,walrus,"(['humpback whale', 'pig', 'seal', 'hippopotamus', 'giant panda'], [49.61, 33.32, 21.44, 14.39, 6.44])"
D:\ZSL\CNN\Test_TRIAL_DATASET_1-CLASS_1\seal\seal_10458.jpg,seal,dolphin,27,4,dolphin,"(['humpback whale', 'seal', 'leopard', 'rat', 'chimpanzee'], [72.35, 51.32, 7.29, -5.12, -8.04])"
D:\ZSL\CNN\Test_TRIAL_DATASET_1-CLASS_1\seal\seal_10459.jpg,seal,walrus,27,17,walrus,"(['humpback whale', 'pig', 'seal', 'hippopotamus', 'giant panda'], [49.61, 33.32, 21.44, 14.39, 6.44])"
D:\ZSL\CNN\Test_TRIAL_DATASET_1-CLASS_1\seal\seal_10460.jpg,seal,walrus,27,17,walrus,"(['humpback whale', 'pig', 'seal', 'hippopotamus', 'giant panda'], [49.61, 33.32, 21.44, 14.39, 6.44])"
D:\ZSL\CNN\Test_TRIAL_DATASET_1-CLASS_1\seal\seal_10461.jpg,seal,walrus,27,17,walrus,"(['humpback whale', 'pig', 'seal', 'hippopotamus', 'giant panda'], [49.61, 33.32, 21.44, 14.39, 6.44])"
D:\ZSL\CNN\Test_TRIAL_DATASET_1-CLASS_1\seal\seal_10462.jpg,seal,walrus,27,17,walrus,"(['humpback whale', 'pig', 'seal', 'hippopotamus', 'giant panda'], [49.61, 33.32, 21.44, 14.39, 6.44])"
D:\ZSL\CNN\Test_TRIAL_DATASET_1-CLASS_1\seal\seal_10463.jpg,seal,walrus,27,17,walrus,"(['humpback whale', 'pig', 'seal', 'hippopotamus', 'giant panda'], [49.61, 33.32, 21.44, 14.39, 6.44])"
D:\ZSL\CNN\Test_TRIAL_DATASET_1-CLASS_1\seal\seal_10464.jpg,seal,walrus,27,17,walrus,"(['humpback whale', 'pig', 'seal', 'hippopotamus', 'giant panda'], [49.61, 33.32, 21.44, 14.39, 6.44])"
D:\ZSL\CNN\Test_TRIAL_DATASET_1-CLASS_1\seal\seal_10465.jpg,seal,walrus,27,17,walrus,"(['humpback whale', 'pig', 'seal', 'hippopotamus', 'giant panda'], [49.61, 33.32, 21.44, 14.39, 6.44])"
D:\ZSL\CNN\Test_TRIAL_DATASET_1-CLASS_1\seal\seal_10466.jpg,seal,walrus,27,17,walrus,"(['humpback whale', 'pig', 'seal', 'hippopotamus', 'giant panda'], [49.61, 33.32, 21.44, 14.39, 6.44])"
D:\ZSL\CNN\Test_TRIAL_DATASET_1-CLASS_1\seal\seal_10467.jpg,seal,walrus,27,17,walrus,"(['humpback whale', 'pig', 'seal', 'hippopotamus', 'giant panda'], [49.61, 33.32, 21.44, 14.39, 6.44])"
D:\ZSL\CNN\Test_TRIAL_DATASET_1-CLASS_1\seal\seal_10468.jpg,seal,bear,27,0,bear,"(['giant panda', 'raccoon', 'seal', 'pig', 'humpback whale'], [49.72, 40.56, 19.3, 8.36, 0.21])"
D:\ZSL\CNN\Test_TRIAL_DATASET_1-CLASS_1\seal\seal_10469.jpg,seal,dolphin,27,4,dolphin,"(['humpback whale', 'seal', 'leopard', 'rat', 'chimpanzee'], [72.35, 51.32, 7.29, -5.12, -8.04])"
D:\ZSL\CNN\Test_TRIAL_DATASET_1-CLASS_1\seal\seal_10470.jpg,seal,walrus,27,17,walrus,"(['humpback whale', 'pig', 'seal', 'hippopotamus', 'giant panda'], [49.61, 33.32, 21.44, 14.39, 6.44])"
D:\ZSL\CNN\Test_TRIAL_DATASET_1-CLASS_1\seal\seal_10471.jpg,seal,bear,27,0,bear,"(['giant panda', 'raccoon', 'seal', 'pig', 'humpback whale'], [49.72, 40.56, 19.3, 8.36, 0.21])"
D:\ZSL\CNN\Test_TRIAL_DATASET_1-CLASS_1\seal\seal_10472.jpg,seal,walrus,27,17,walrus,"(['humpback whale', 'pig', 'seal', 'hippopotamus', 'giant panda'], [49.61, 33.32, 21.44, 14.39, 6.44])"
D:\ZSL\CNN\Test_TRIAL_DATASET_1-CLASS_1\seal\seal_10473.jpg,seal,walrus,27,17,walrus,"(['humpback whale', 'pig', 'seal', 'hippopotamus', 'giant panda'], [49.61, 33.32, 21.44, 14.39, 6.44])"
D:\ZSL\CNN\Test_TRIAL_DATASET_1-CLASS_1\seal\seal_10474.jpg,seal,dolphin,27,4,dolphin,"(['humpback whale', 'seal', 'leopard', 'rat', 'chimpanzee'], [72.35, 51.32, 7.29, -5.12, -8.04])"
D:\ZSL\CNN\Test_TRIAL_DATASET_1-CLASS_1\seal\seal_10475.jpg,seal,walrus,27,17,walrus,"(['humpback whale', 'pig', 'seal', 'hippopotamus', 'giant panda'], [49.61, 33.32, 21.44, 14.39, 6.44])"
D:\ZSL\CNN\Test_TRIAL_DATASET_1-CLASS_1\seal\seal_10476.jpg,seal,dolphin,27,4,dolphin,"(['humpback whale', 'seal', 'leopard', 'rat', 'chimpanzee'], [72.35, 51.32, 7.29, -5.12, -8.04])"
D:\ZSL\CNN\Test_TRIAL_DATASET_1-CLASS_1\seal\seal_10477.jpg,seal,walrus,27,17,walrus,"(['humpback whale', 'pig', 'seal', 'hippopotamus', 'giant panda'], [49.61, 33.32, 21.44, 14.39, 6.44])"
D:\ZSL\CNN\Test_TRIAL_DATASET_1-CLASS_1\seal\seal_10478.jpg,seal,walrus,27,17,walrus,"(['humpback whale', 'pig', 'seal', 'hippopotamus', 'giant panda'], [49.61, 33.32, 21.44, 14.39, 6.44])"
D:\ZSL\CNN\Test_TRIAL_DATASET_1-CLASS_1\seal\seal_10479.jpg,seal,walrus,27,17,walrus,"(['humpback whale', 'pig', 'seal', 'hippopotamus', 'giant panda'], [49.61, 33.32, 21.44, 14.39, 6.44])"
D:\ZSL\CNN\Test_TRIAL_DATASET_1-CLASS_1\seal\seal_10480.jpg,seal,walrus,27,17,walrus,"(['humpback whale', 'pig', 'seal', 'hippopotamus', 'giant panda'], [49.61, 33.32, 21.44, 14.39, 6.44])"
D:\ZSL\CNN\Test_TRIAL_DATASET_1-CLASS_1\seal\seal_10481.jpg,seal,walrus,27,17,walrus,"(['humpback whale', 'pig', 'seal', 'hippopotamus', 'giant panda'], [49.61, 33.32, 21.44, 14.39, 6.44])"
D:\ZSL\CNN\Test_TRIAL_DATASET_1-CLASS_1\seal\seal_10482.jpg,seal,walrus,27,17,walrus,"(['humpback whale', 'pig', 'seal', 'hippopotamus', 'giant panda'], [49.61, 33.32, 21.44, 14.39, 6.44])"
D:\ZSL\CNN\Test_TRIAL_DATASET_1-CLASS_1\seal\seal_10483.jpg,seal,walrus,27,17,walrus,"(['humpback whale', 'pig', 'seal', 'hippopotamus', 'giant panda'], [49.61, 33.32, 21.44, 14.39, 6.44])"
D:\ZSL\CNN\Test_TRIAL_DATASET_1-CLASS_1\seal\seal_10484.jpg,seal,walrus,27,17,walrus,"(['humpback whale', 'pig', 'seal', 'hippopotamus', 'giant panda'], [49.61, 33.32, 21.44, 14.39, 6.44])"
D:\ZSL\CNN\Test_TRIAL_DATASET_1-CLASS_1\seal\seal_10485.jpg,seal,rhinoceros,27,12,rhinoceros,"(['hippopotamus', 'humpback whale', 'raccoon', 'persian cat', 'seal'], [48.51, 40.93, 28.97, 23.56, 11.96])"
D:\ZSL\CNN\Test_TRIAL_DATASET_1-CLASS_1\seal\seal_10486.jpg,seal,walrus,27,17,walrus,"(['humpback whale', 'pig', 'seal', 'hippopotamus', 'giant panda'], [49.61, 33.32, 21.44, 14.39, 6.44])"
D:\ZSL\CNN\Test_TRIAL_DATASET_1-CLASS_1\seal\seal_10487.jpg,seal,rhinoceros,27,12,rhinoceros,"(['hippopotamus', 'humpback whale', 'raccoon', 'persian cat', 'seal'], [48.51, 40.93, 28.97, 23.56, 11.96])"
D:\ZSL\CNN\Test_TRIAL_DATASET_1-CLASS_1\seal\seal_10488.jpg,seal,walrus,27,17,walrus,"(['humpback whale', 'pig', 'seal', 'hippopotamus', 'giant panda'], [49.61, 33.32, 21.44, 14.39, 6.44])"
D:\ZSL\CNN\Test_TRIAL_DATASET_1-CLASS_1\seal\seal_10489.jpg,seal,walrus,27,17,walrus,"(['humpback whale', 'pig', 'seal', 'hippopotamus', 'giant panda'], [49.61, 33.32, 21.44, 14.39, 6.44])"
D:\ZSL\CNN\Test_TRIAL_DATASET_1-CLASS_1\seal\seal_10490.jpg,seal,walrus,27,17,walrus,"(['humpback whale', 'pig', 'seal', 'hippopotamus', 'giant panda'], [49.61, 33.32, 21.44, 14.39, 6.44])"
D:\ZSL\CNN\Test_TRIAL_DATASET_1-CLASS_1\seal\seal_10491.jpg,seal,walrus,27,17,walrus,"(['humpback whale', 'pig', 'seal', 'hippopotamus', 'giant panda'], [49.61, 33.32, 21.44, 14.39, 6.44])"
D:\ZSL\CNN\Test_TRIAL_DATASET_1-CLASS_1\seal\seal_10492.jpg,seal,walrus,27,17,walrus,"(['humpback whale', 'pig', 'seal', 'hippopotamus', 'giant panda'], [49.61, 33.32, 21.44, 14.39, 6.44])"
D:\ZSL\CNN\Test_TRIAL_DATASET_1-CLASS_1\seal\seal_10493.jpg,seal,walrus,27,17,walrus,"(['humpback whale', 'pig', 'seal', 'hippopotamus', 'giant panda'], [49.61, 33.32, 21.44, 14.39, 6.44])"
D:\ZSL\CNN\Test_TRIAL_DATASET_1-CLASS_1\seal\seal_10494.jpg,seal,dolphin,27,4,dolphin,"(['humpback whale', 'seal', 'leopard', 'rat', 'chimpanzee'], [72.35, 51.32, 7.29, -5.12, -8.04])"
D:\ZSL\CNN\Test_TRIAL_DATASET_1-CLASS_1\seal\seal_10495.jpg,seal,walrus,27,17,walrus,"(['humpback whale', 'pig', 'seal', 'hippopotamus', 'giant panda'], [49.61, 33.32, 21.44, 14.39, 6.44])"
D:\ZSL\CNN\Test_TRIAL_DATASET_1-CLASS_1\seal\seal_10496.jpg,seal,walrus,27,17,walrus,"(['humpback whale', 'pig', 'seal', 'hippopotamus', 'giant panda'], [49.61, 33.32, 21.44, 14.39, 6.44])"
D:\ZSL\CNN\Test_TRIAL_DATASET_1-CLASS_1\seal\seal_10497.jpg,seal,walrus,27,17,walrus,"(['humpback whale', 'pig', 'seal', 'hippopotamus', 'giant panda'], [49.61, 33.32, 21.44, 14.39, 6.44])"
D:\ZSL\CNN\Test_TRIAL_DATASET_1-CLASS_1\seal\seal_10498.jpg,seal,walrus,27,17,walrus,"(['humpback whale', 'pig', 'seal', 'hippopotamus', 'giant panda'], [49.61, 33.32, 21.44, 14.39, 6.44])"
D:\ZSL\CNN\Test_TRIAL_DATASET_1-CLASS_1\seal\seal_10499.jpg,seal,walrus,27,17,walrus,"(['humpback whale', 'pig', 'seal', 'hippopotamus', 'giant panda'], [49.61, 33.32, 21.44, 14.39, 6.44])"
D:\ZSL\CNN\Test_TRIAL_DATASET_1-CLASS_1\seal\seal_10500.jpg,seal,walrus,27,17,walrus,"(['humpback whale', 'pig', 'seal', 'hippopotamus', 'giant panda'], [49.61, 33.32, 21.44, 14.39, 6.44])"
D:\ZSL\CNN\Test_TRIAL_DATASET_1-CLASS_1\seal\seal_10501.jpg,seal,walrus,27,17,walrus,"(['humpback whale', 'pig', 'seal', 'hippopotamus', 'giant panda'], [49.61, 33.32, 21.44, 14.39, 6.44])"
D:\ZSL\CNN\Test_TRIAL_DATASET_1-CLASS_1\seal\seal_10502.jpg,seal,dolphin,27,4,dolphin,"(['humpback whale', 'seal', 'leopard', 'rat', 'chimpanzee'], [72.35, 51.32, 7.29, -5.12, -8.04])"
D:\ZSL\CNN\Test_TRIAL_DATASET_1-CLASS_1\seal\seal_10503.jpg,seal,walrus,27,17,walrus,"(['humpback whale', 'pig', 'seal', 'hippopotamus', 'giant panda'], [49.61, 33.32, 21.44, 14.39, 6.44])"
D:\ZSL\CNN\Test_TRIAL_DATASET_1-CLASS_1\seal\seal_10504.jpg,seal,walrus,27,17,walrus,"(['humpback whale', 'pig', 'seal', 'hippopotamus', 'giant panda'], [49.61, 33.32, 21.44, 14.39, 6.44])"
D:\ZSL\CNN\Test_TRIAL_DATASET_1-CLASS_1\seal\seal_10505.jpg,seal,walrus,27,17,walrus,"(['humpback whale', 'pig', 'seal', 'hippopotamus', 'giant panda'], [49.61, 33.32, 21.44, 14.39, 6.44])"
D:\ZSL\CNN\Test_TRIAL_DATASET_1-CLASS_1\seal\seal_10506.jpg,seal,bear,27,0,bear,"(['giant panda', 'raccoon', 'seal', 'pig', 'humpback whale'], [49.72, 40.56, 19.3, 8.36, 0.21])"
D:\ZSL\CNN\Test_TRIAL_DATASET_1-CLASS_1\seal\seal_10507.jpg,seal,rhinoceros,27,12,rhinoceros,"(['hippopotamus', 'humpback whale', 'raccoon', 'persian cat', 'seal'], [48.51, 40.93, 28.97, 23.56, 11.96])"
D:\ZSL\CNN\Test_TRIAL_DATASET_1-CLASS_1\seal\seal_10508.jpg,seal,walrus,27,17,walrus,"(['humpback whale', 'pig', 'seal', 'hippopotamus', 'giant panda'], [49.61, 33.32, 21.44, 14.39, 6.44])"
D:\ZSL\CNN\Test_TRIAL_DATASET_1-CLASS_1\seal\seal_10509.jpg,seal,walrus,27,17,walrus,"(['humpback whale', 'pig', 'seal', 'hippopotamus', 'giant panda'], [49.61, 33.32, 21.44, 14.39, 6.44])"
D:\ZSL\CNN\Test_TRIAL_DATASET_1-CLASS_1\seal\seal_10510.jpg,seal,walrus,27,17,walrus,"(['humpback whale', 'pig', 'seal', 'hippopotamus', 'giant panda'], [49.61, 33.32, 21.44, 14.39, 6.44])"
D:\ZSL\CNN\Test_TRIAL_DATASET_1-CLASS_1\seal\seal_10511.jpg,seal,walrus,27,17,walrus,"(['humpback whale', 'pig', 'seal', 'hippopotamus', 'giant panda'], [49.61, 33.32, 21.44, 14.39, 6.44])"
D:\ZSL\CNN\Test_TRIAL_DATASET_1-CLASS_1\seal\seal_10512.jpg,seal,walrus,27,17,walrus,"(['humpback whale', 'pig', 'seal', 'hippopotamus', 'giant panda'], [49.61, 33.32, 21.44, 14.39, 6.44])"
D:\ZSL\CNN\Test_TRIAL_DATASET_1-CLASS_1\seal\seal_10513.jpg,seal,rhinoceros,27,12,rhinoceros,"(['hippopotamus', 'humpback whale', 'raccoon', 'persian cat', 'seal'], [48.51, 40.93, 28.97, 23.56, 11.96])"
D:\ZSL\CNN\Test_TRIAL_DATASET_1-CLASS_1\seal\seal_10514.jpg,seal,walrus,27,17,walrus,"(['humpback whale', 'pig', 'seal', 'hippopotamus', 'giant panda'], [49.61, 33.32, 21.44, 14.39, 6.44])"
D:\ZSL\CNN\Test_TRIAL_DATASET_1-CLASS_1\seal\seal_10515.jpg,seal,walrus,27,17,walrus,"(['humpback whale', 'pig', 'seal', 'hippopotamus', 'giant panda'], [49.61, 33.32, 21.44, 14.39, 6.44])"
D:\ZSL\CNN\Test_TRIAL_DATASET_1-CLASS_1\seal\seal_10516.jpg,seal,walrus,27,17,walrus,"(['humpback whale', 'pig', 'seal', 'hippopotamus', 'giant panda'], [49.61, 33.32, 21.44, 14.39, 6.44])"
D:\ZSL\CNN\Test_TRIAL_DATASET_1-CLASS_1\seal\seal_10517.jpg,seal,walrus,27,17,walrus,"(['humpback whale', 'pig', 'seal', 'hippopotamus', 'giant panda'], [49.61, 33.32, 21.44, 14.39, 6.44])"
D:\ZSL\CNN\Test_TRIAL_DATASET_1-CLASS_1\seal\seal_10518.jpg,seal,walrus,27,17,walrus,"(['humpback whale', 'pig', 'seal', 'hippopotamus', 'giant panda'], [49.61, 33.32, 21.44, 14.39, 6.44])"
D:\ZSL\CNN\Test_TRIAL_DATASET_1-CLASS_1\seal\seal_10519.jpg,seal,walrus,27,17,walrus,"(['humpback whale', 'pig', 'seal', 'hippopotamus', 'giant panda'], [49.61, 33.32, 21.44, 14.39, 6.44])"
D:\ZSL\CNN\Test_TRIAL_DATASET_1-CLASS_1\seal\seal_10520.jpg,seal,rhinoceros,27,12,rhinoceros,"(['hippopotamus', 'humpback whale', 'raccoon', 'persian cat', 'seal'], [48.51, 40.93, 28.97, 23.56, 11.96])"
D:\ZSL\CNN\Test_TRIAL_DATASET_1-CLASS_1\seal\seal_10521.jpg,seal,walrus,27,17,walrus,"(['humpback whale', 'pig', 'seal', 'hippopotamus', 'giant panda'], [49.61, 33.32, 21.44, 14.39, 6.44])"
D:\ZSL\CNN\Test_TRIAL_DATASET_1-CLASS_1\seal\seal_10522.jpg,seal,walrus,27,17,walrus,"(['humpback whale', 'pig', 'seal', 'hippopotamus', 'giant panda'], [49.61, 33.32, 21.44, 14.39, 6.44])"
D:\ZSL\CNN\Test_TRIAL_DATASET_1-CLASS_1\seal\seal_10523.jpg,seal,walrus,27,17,walrus,"(['humpback whale', 'pig', 'seal', 'hippopotamus', 'giant panda'], [49.61, 33.32, 21.44, 14.39, 6.44])"
D:\ZSL\CNN\Test_TRIAL_DATASET_1-CLASS_1\seal\seal_10524.jpg,seal,walrus,27,17,walrus,"(['humpback whale', 'pig', 'seal', 'hippopotamus', 'giant panda'], [49.61, 33.32, 21.44, 14.39, 6.44])"
D:\ZSL\CNN\Test_TRIAL_DATASET_1-CLASS_1\seal\seal_10525.jpg,seal,walrus,27,17,walrus,"(['humpback whale', 'pig', 'seal', 'hippopotamus', 'giant panda'], [49.61, 33.32, 21.44, 14.39, 6.44])"
D:\ZSL\CNN\Test_TRIAL_DATASET_1-CLASS_1\seal\seal_10526.jpg,seal,walrus,27,17,walrus,"(['humpback whale', 'pig', 'seal', 'hippopotamus', 'giant panda'], [49.61, 33.32, 21.44, 14.39, 6.44])"
D:\ZSL\CNN\Test_TRIAL_DATASET_1-CLASS_1\seal\seal_10527.jpg,seal,walrus,27,17,walrus,"(['humpback whale', 'pig', 'seal', 'hippopotamus', 'giant panda'], [49.61, 33.32, 21.44, 14.39, 6.44])"
D:\ZSL\CNN\Test_TRIAL_DATASET_1-CLASS_1\seal\seal_10528.jpg,seal,dolphin,27,4,dolphin,"(['humpback whale', 'seal', 'leopard', 'rat', 'chimpanzee'], [72.35, 51.32, 7.29, -5.12, -8.04])"
D:\ZSL\CNN\Test_TRIAL_DATASET_1-CLASS_1\seal\seal_10529.jpg,seal,bear,27,0,bear,"(['giant panda', 'raccoon', 'seal', 'pig', 'humpback whale'], [49.72, 40.56, 19.3, 8.36, 0.21])"
D:\ZSL\CNN\Test_TRIAL_DATASET_1-CLASS_1\seal\seal_10530.jpg,seal,walrus,27,17,walrus,"(['humpback whale', 'pig', 'seal', 'hippopotamus', 'giant panda'], [49.61, 33.32, 21.44, 14.39, 6.44])"
D:\ZSL\CNN\Test_TRIAL_DATASET_1-CLASS_1\seal\seal_10531.jpg,seal,walrus,27,17,walrus,"(['humpback whale', 'pig', 'seal', 'hippopotamus', 'giant panda'], [49.61, 33.32, 21.44, 14.39, 6.44])"
D:\ZSL\CNN\Test_TRIAL_DATASET_1-CLASS_1\seal\seal_10532.jpg,seal,rhinoceros,27,12,rhinoceros,"(['hippopotamus', 'humpback whale', 'raccoon', 'persian cat', 'seal'], [48.51, 40.93, 28.97, 23.56, 11.96])"
D:\ZSL\CNN\Test_TRIAL_DATASET_1-CLASS_1\seal\seal_10533.jpg,seal,walrus,27,17,walrus,"(['humpback whale', 'pig', 'seal', 'hippopotamus', 'giant panda'], [49.61, 33.32, 21.44, 14.39, 6.44])"
D:\ZSL\CNN\Test_TRIAL_DATASET_1-CLASS_1\seal\seal_10534.jpg,seal,walrus,27,17,walrus,"(['humpback whale', 'pig', 'seal', 'hippopotamus', 'giant panda'], [49.61, 33.32, 21.44, 14.39, 6.44])"
D:\ZSL\CNN\Test_TRIAL_DATASET_1-CLASS_1\seal\seal_10535.jpg,seal,walrus,27,17,walrus,"(['humpback whale', 'pig', 'seal', 'hippopotamus', 'giant panda'], [49.61, 33.32, 21.44, 14.39, 6.44])"
D:\ZSL\CNN\Test_TRIAL_DATASET_1-CLASS_1\seal\seal_10536.jpg,seal,walrus,27,17,walrus,"(['humpback whale', 'pig', 'seal', 'hippopotamus', 'giant panda'], [49.61, 33.32, 21.44, 14.39, 6.44])"
D:\ZSL\CNN\Test_TRIAL_DATASET_1-CLASS_1\seal\seal_10537.jpg,seal,dolphin,27,4,dolphin,"(['humpback whale', 'seal', 'leopard', 'rat', 'chimpanzee'], [72.35, 51.32, 7.29, -5.12, -8.04])"
D:\ZSL\CNN\Test_TRIAL_DATASET_1-CLASS_1\seal\seal_10538.jpg,seal,walrus,27,17,walrus,"(['humpback whale', 'pig', 'seal', 'hippopotamus', 'giant panda'], [49.61, 33.32, 21.44, 14.39, 6.44])"
D:\ZSL\CNN\Test_TRIAL_DATASET_1-CLASS_1\seal\seal_10539.jpg,seal,walrus,27,17,walrus,"(['humpback whale', 'pig', 'seal', 'hippopotamus', 'giant panda'], [49.61, 33.32, 21.44, 14.39, 6.44])"
D:\ZSL\CNN\Test_TRIAL_DATASET_1-CLASS_1\seal\seal_10540.jpg,seal,walrus,27,17,walrus,"(['humpback whale', 'pig', 'seal', 'hippopotamus', 'giant panda'], [49.61, 33.32, 21.44, 14.39, 6.44])"
D:\ZSL\CNN\Test_TRIAL_DATASET_1-CLASS_1\seal\seal_10541.jpg,seal,walrus,27,17,walrus,"(['humpback whale', 'pig', 'seal', 'hippopotamus', 'giant panda'], [49.61, 33.32, 21.44, 14.39, 6.44])"
D:\ZSL\CNN\Test_TRIAL_DATASET_1-CLASS_1\seal\seal_10542.jpg,seal,walrus,27,17,walrus,"(['humpback whale', 'pig', 'seal', 'hippopotamus', 'giant panda'], [49.61, 33.32, 21.44, 14.39, 6.44])"
D:\ZSL\CNN\Test_TRIAL_DATASET_1-CLASS_1\seal\seal_10543.jpg,seal,walrus,27,17,walrus,"(['humpback whale', 'pig', 'seal', 'hippopotamus', 'giant panda'], [49.61, 33.32, 21.44, 14.39, 6.44])"
D:\ZSL\CNN\Test_TRIAL_DATASET_1-CLASS_1\seal\seal_10544.jpg,seal,walrus,27,17,walrus,"(['humpback whale', 'pig', 'seal', 'hippopotamus', 'giant panda'], [49.61, 33.32, 21.44, 14.39, 6.44])"
D:\ZSL\CNN\Test_TRIAL_DATASET_1-CLASS_1\seal\seal_10545.jpg,seal,walrus,27,17,walrus,"(['humpback whale', 'pig', 'seal', 'hippopotamus', 'giant panda'], [49.61, 33.32, 21.44, 14.39, 6.44])"
D:\ZSL\CNN\Test_TRIAL_DATASET_1-CLASS_1\seal\seal_10546.jpg,seal,dolphin,27,4,dolphin,"(['humpback whale', 'seal', 'leopard', 'rat', 'chimpanzee'], [72.35, 51.32, 7.29, -5.12, -8.04])"
D:\ZSL\CNN\Test_TRIAL_DATASET_1-CLASS_1\seal\seal_10547.jpg,seal,walrus,27,17,walrus,"(['humpback whale', 'pig', 'seal', 'hippopotamus', 'giant panda'], [49.61, 33.32, 21.44, 14.39, 6.44])"
D:\ZSL\CNN\Test_TRIAL_DATASET_1-CLASS_1\seal\seal_10548.jpg,seal,walrus,27,17,walrus,"(['humpback whale', 'pig', 'seal', 'hippopotamus', 'giant panda'], [49.61, 33.32, 21.44, 14.39, 6.44])"
D:\ZSL\CNN\Test_TRIAL_DATASET_1-CLASS_1\seal\seal_10549.jpg,seal,walrus,27,17,walrus,"(['humpback whale', 'pig', 'seal', 'hippopotamus', 'giant panda'], [49.61, 33.32, 21.44, 14.39, 6.44])"
D:\ZSL\CNN\Test_TRIAL_DATASET_1-CLASS_1\seal\seal_10550.jpg,seal,walrus,27,17,walrus,"(['humpback whale', 'pig', 'seal', 'hippopotamus', 'giant panda'], [49.61, 33.32, 21.44, 14.39, 6.44])"
D:\ZSL\CNN\Test_TRIAL_DATASET_1-CLASS_1\seal\seal_10551.jpg,seal,walrus,27,17,walrus,"(['humpback whale', 'pig', 'seal', 'hippopotamus', 'giant panda'], [49.61, 33.32, 21.44, 14.39, 6.44])"
D:\ZSL\CNN\Test_TRIAL_DATASET_1-CLASS_1\seal\seal_10552.jpg,seal,walrus,27,17,walrus,"(['humpback whale', 'pig', 'seal', 'hippopotamus', 'giant panda'], [49.61, 33.32, 21.44, 14.39, 6.44])"
D:\ZSL\CNN\Test_TRIAL_DATASET_1-CLASS_1\seal\seal_10553.jpg,seal,walrus,27,17,walrus,"(['humpback whale', 'pig', 'seal', 'hippopotamus', 'giant panda'], [49.61, 33.32, 21.44, 14.39, 6.44])"
D:\ZSL\CNN\Test_TRIAL_DATASET_1-CLASS_1\seal\seal_10554.jpg,seal,bear,27,0,bear,"(['giant panda', 'raccoon', 'seal', 'pig', 'humpback whale'], [49.72, 40.56, 19.3, 8.36, 0.21])"
D:\ZSL\CNN\Test_TRIAL_DATASET_1-CLASS_1\seal\seal_10555.jpg,seal,walrus,27,17,walrus,"(['humpback whale', 'pig', 'seal', 'hippopotamus', 'giant panda'], [49.61, 33.32, 21.44, 14.39, 6.44])"
D:\ZSL\CNN\Test_TRIAL_DATASET_1-CLASS_1\seal\seal_10556.jpg,seal,walrus,27,17,walrus,"(['humpback whale', 'pig', 'seal', 'hippopotamus', 'giant panda'], [49.61, 33.32, 21.44, 14.39, 6.44])"
D:\ZSL\CNN\Test_TRIAL_DATASET_1-CLASS_1\seal\seal_10557.jpg,seal,walrus,27,17,walrus,"(['humpback whale', 'pig', 'seal', 'hippopotamus', 'giant panda'], [49.61, 33.32, 21.44, 14.39, 6.44])"
D:\ZSL\CNN\Test_TRIAL_DATASET_1-CLASS_1\seal\seal_10558.jpg,seal,walrus,27,17,walrus,"(['humpback whale', 'pig', 'seal', 'hippopotamus', 'giant panda'], [49.61, 33.32, 21.44, 14.39, 6.44])"
D:\ZSL\CNN\Test_TRIAL_DATASET_1-CLASS_1\seal\seal_10559.jpg,seal,rhinoceros,27,12,rhinoceros,"(['hippopotamus', 'humpback whale', 'raccoon', 'persian cat', 'seal'], [48.51, 40.93, 28.97, 23.56, 11.96])"
D:\ZSL\CNN\Test_TRIAL_DATASET_1-CLASS_1\seal\seal_10560.jpg,seal,walrus,27,17,walrus,"(['humpback whale', 'pig', 'seal', 'hippopotamus', 'giant panda'], [49.61, 33.32, 21.44, 14.39, 6.44])"
D:\ZSL\CNN\Test_TRIAL_DATASET_1-CLASS_1\seal\seal_10561.jpg,seal,walrus,27,17,walrus,"(['humpback whale', 'pig', 'seal', 'hippopotamus', 'giant panda'], [49.61, 33.32, 21.44, 14.39, 6.44])"
D:\ZSL\CNN\Test_TRIAL_DATASET_1-CLASS_1\seal\seal_10562.jpg,seal,walrus,27,17,walrus,"(['humpback whale', 'pig', 'seal', 'hippopotamus', 'giant panda'], [49.61, 33.32, 21.44, 14.39, 6.44])"
D:\ZSL\CNN\Test_TRIAL_DATASET_1-CLASS_1\seal\seal_10563.jpg,seal,rhinoceros,27,12,rhinoceros,"(['hippopotamus', 'humpback whale', 'raccoon', 'persian cat', 'seal'], [48.51, 40.93, 28.97, 23.56, 11.96])"
D:\ZSL\CNN\Test_TRIAL_DATASET_1-CLASS_1\seal\seal_10564.jpg,seal,walrus,27,17,walrus,"(['humpback whale', 'pig', 'seal', 'hippopotamus', 'giant panda'], [49.61, 33.32, 21.44, 14.39, 6.44])"
D:\ZSL\CNN\Test_TRIAL_DATASET_1-CLASS_1\seal\seal_10565.jpg,seal,walrus,27,17,walrus,"(['humpback whale', 'pig', 'seal', 'hippopotamus', 'giant panda'], [49.61, 33.32, 21.44, 14.39, 6.44])"
D:\ZSL\CNN\Test_TRIAL_DATASET_1-CLASS_1\seal\seal_10566.jpg,seal,walrus,27,17,walrus,"(['humpback whale', 'pig', 'seal', 'hippopotamus', 'giant panda'], [49.61, 33.32, 21.44, 14.39, 6.44])"
D:\ZSL\CNN\Test_TRIAL_DATASET_1-CLASS_1\seal\seal_10567.jpg,seal,walrus,27,17,walrus,"(['humpback whale', 'pig', 'seal', 'hippopotamus', 'giant panda'], [49.61, 33.32, 21.44, 14.39, 6.44])"
D:\ZSL\CNN\Test_TRIAL_DATASET_1-CLASS_1\seal\seal_10568.jpg,seal,walrus,27,17,walrus,"(['humpback whale', 'pig', 'seal', 'hippopotamus', 'giant panda'], [49.61, 33.32, 21.44, 14.39, 6.44])"
D:\ZSL\CNN\Test_TRIAL_DATASET_1-CLASS_1\seal\seal_10569.jpg,seal,walrus,27,17,walrus,"(['humpback whale', 'pig', 'seal', 'hippopotamus', 'giant panda'], [49.61, 33.32, 21.44, 14.39, 6.44])"
D:\ZSL\CNN\Test_TRIAL_DATASET_1-CLASS_1\seal\seal_10570.jpg,seal,walrus,27,17,walrus,"(['humpback whale', 'pig', 'seal', 'hippopotamus', 'giant panda'], [49.61, 33.32, 21.44, 14.39, 6.44])"
D:\ZSL\CNN\Test_TRIAL_DATASET_1-CLASS_1\seal\seal_10571.jpg,seal,walrus,27,17,walrus,"(['humpback whale', 'pig', 'seal', 'hippopotamus', 'giant panda'], [49.61, 33.32, 21.44, 14.39, 6.44])"
D:\ZSL\CNN\Test_TRIAL_DATASET_1-CLASS_1\seal\seal_10572.jpg,seal,walrus,27,17,walrus,"(['humpback whale', 'pig', 'seal', 'hippopotamus', 'giant panda'], [49.61, 33.32, 21.44, 14.39, 6.44])"
D:\ZSL\CNN\Test_TRIAL_DATASET_1-CLASS_1\seal\seal_10573.jpg,seal,walrus,27,17,walrus,"(['humpback whale', 'pig', 'seal', 'hippopotamus', 'giant panda'], [49.61, 33.32, 21.44, 14.39, 6.44])"
D:\ZSL\CNN\Test_TRIAL_DATASET_1-CLASS_1\seal\seal_10574.jpg,seal,walrus,27,17,walrus,"(['humpback whale', 'pig', 'seal', 'hippopotamus', 'giant panda'], [49.61, 33.32, 21.44, 14.39, 6.44])"
D:\ZSL\CNN\Test_TRIAL_DATASET_1-CLASS_1\seal\seal_10575.jpg,seal,dolphin,27,4,dolphin,"(['humpback whale', 'seal', 'leopard', 'rat', 'chimpanzee'], [72.35, 51.32, 7.29, -5.12, -8.04])"
D:\ZSL\CNN\Test_TRIAL_DATASET_1-CLASS_1\seal\seal_10576.jpg,seal,walrus,27,17,walrus,"(['humpback whale', 'pig', 'seal', 'hippopotamus', 'giant panda'], [49.61, 33.32, 21.44, 14.39, 6.44])"
D:\ZSL\CNN\Test_TRIAL_DATASET_1-CLASS_1\seal\seal_10577.jpg,seal,rhinoceros,27,12,rhinoceros,"(['hippopotamus', 'humpback whale', 'raccoon', 'persian cat', 'seal'], [48.51, 40.93, 28.97, 23.56, 11.96])"
D:\ZSL\CNN\Test_TRIAL_DATASET_1-CLASS_1\seal\seal_10578.jpg,seal,walrus,27,17,walrus,"(['humpback whale', 'pig', 'seal', 'hippopotamus', 'giant panda'], [49.61, 33.32, 21.44, 14.39, 6.44])"
D:\ZSL\CNN\Test_TRIAL_DATASET_1-CLASS_1\seal\seal_10579.jpg,seal,walrus,27,17,walrus,"(['humpback whale', 'pig', 'seal', 'hippopotamus', 'giant panda'], [49.61, 33.32, 21.44, 14.39, 6.44])"
D:\ZSL\CNN\Test_TRIAL_DATASET_1-CLASS_1\seal\seal_10580.jpg,seal,walrus,27,17,walrus,"(['humpback whale', 'pig', 'seal', 'hippopotamus', 'giant panda'], [49.61, 33.32, 21.44, 14.39, 6.44])"
D:\ZSL\CNN\Test_TRIAL_DATASET_1-CLASS_1\seal\seal_10581.jpg,seal,dolphin,27,4,dolphin,"(['humpback whale', 'seal', 'leopard', 'rat', 'chimpanzee'], [72.35, 51.32, 7.29, -5.12, -8.04])"
D:\ZSL\CNN\Test_TRIAL_DATASET_1-CLASS_1\seal\seal_10582.jpg,seal,dolphin,27,4,dolphin,"(['humpback whale', 'seal', 'leopard', 'rat', 'chimpanzee'], [72.35, 51.32, 7.29, -5.12, -8.04])"
D:\ZSL\CNN\Test_TRIAL_DATASET_1-CLASS_1\seal\seal_10583.jpg,seal,walrus,27,17,walrus,"(['humpback whale', 'pig', 'seal', 'hippopotamus', 'giant panda'], [49.61, 33.32, 21.44, 14.39, 6.44])"
D:\ZSL\CNN\Test_TRIAL_DATASET_1-CLASS_1\seal\seal_10584.jpg,seal,walrus,27,17,walrus,"(['humpback whale', 'pig', 'seal', 'hippopotamus', 'giant panda'], [49.61, 33.32, 21.44, 14.39, 6.44])"
D:\ZSL\CNN\Test_TRIAL_DATASET_1-CLASS_1\seal\seal_10585.jpg,seal,walrus,27,17,walrus,"(['humpback whale', 'pig', 'seal', 'hippopotamus', 'giant panda'], [49.61, 33.32, 21.44, 14.39, 6.44])"
D:\ZSL\CNN\Test_TRIAL_DATASET_1-CLASS_1\seal\seal_10586.jpg,seal,walrus,27,17,walrus,"(['humpback whale', 'pig', 'seal', 'hippopotamus', 'giant panda'], [49.61, 33.32, 21.44, 14.39, 6.44])"
D:\ZSL\CNN\Test_TRIAL_DATASET_1-CLASS_1\seal\seal_10587.jpg,seal,walrus,27,17,walrus,"(['humpback whale', 'pig', 'seal', 'hippopotamus', 'giant panda'], [49.61, 33.32, 21.44, 14.39, 6.44])"
D:\ZSL\CNN\Test_TRIAL_DATASET_1-CLASS_1\seal\seal_10588.jpg,seal,walrus,27,17,walrus,"(['humpback whale', 'pig', 'seal', 'hippopotamus', 'giant panda'], [49.61, 33.32, 21.44, 14.39, 6.44])"
D:\ZSL\CNN\Test_TRIAL_DATASET_1-CLASS_1\seal\seal_10589.jpg,seal,walrus,27,17,walrus,"(['humpback whale', 'pig', 'seal', 'hippopotamus', 'giant panda'], [49.61, 33.32, 21.44, 14.39, 6.44])"
D:\ZSL\CNN\Test_TRIAL_DATASET_1-CLASS_1\seal\seal_10590.jpg,seal,walrus,27,17,walrus,"(['humpback whale', 'pig', 'seal', 'hippopotamus', 'giant panda'], [49.61, 33.32, 21.44, 14.39, 6.44])"
D:\ZSL\CNN\Test_TRIAL_DATASET_1-CLASS_1\seal\seal_10591.jpg,seal,walrus,27,17,walrus,"(['humpback whale', 'pig', 'seal', 'hippopotamus', 'giant panda'], [49.61, 33.32, 21.44, 14.39, 6.44])"
D:\ZSL\CNN\Test_TRIAL_DATASET_1-CLASS_1\seal\seal_10592.jpg,seal,walrus,27,17,walrus,"(['humpback whale', 'pig', 'seal', 'hippopotamus', 'giant panda'], [49.61, 33.32, 21.44, 14.39, 6.44])"
D:\ZSL\CNN\Test_TRIAL_DATASET_1-CLASS_1\seal\seal_10593.jpg,seal,walrus,27,17,walrus,"(['humpback whale', 'pig', 'seal', 'hippopotamus', 'giant panda'], [49.61, 33.32, 21.44, 14.39, 6.44])"
D:\ZSL\CNN\Test_TRIAL_DATASET_1-CLASS_1\seal\seal_10594.jpg,seal,walrus,27,17,walrus,"(['humpback whale', 'pig', 'seal', 'hippopotamus', 'giant panda'], [49.61, 33.32, 21.44, 14.39, 6.44])"
D:\ZSL\CNN\Test_TRIAL_DATASET_1-CLASS_1\seal\seal_10595.jpg,seal,walrus,27,17,walrus,"(['humpback whale', 'pig', 'seal', 'hippopotamus', 'giant panda'], [49.61, 33.32, 21.44, 14.39, 6.44])"
D:\ZSL\CNN\Test_TRIAL_DATASET_1-CLASS_1\seal\seal_10596.jpg,seal,walrus,27,17,walrus,"(['humpback whale', 'pig', 'seal', 'hippopotamus', 'giant panda'], [49.61, 33.32, 21.44, 14.39, 6.44])"
D:\ZSL\CNN\Test_TRIAL_DATASET_1-CLASS_1\seal\seal_10597.jpg,seal,walrus,27,17,walrus,"(['humpback whale', 'pig', 'seal', 'hippopotamus', 'giant panda'], [49.61, 33.32, 21.44, 14.39, 6.44])"
D:\ZSL\CNN\Test_TRIAL_DATASET_1-CLASS_1\seal\seal_10598.jpg,seal,walrus,27,17,walrus,"(['humpback whale', 'pig', 'seal', 'hippopotamus', 'giant panda'], [49.61, 33.32, 21.44, 14.39, 6.44])"
D:\ZSL\CNN\Test_TRIAL_DATASET_1-CLASS_1\seal\seal_10599.jpg,seal,walrus,27,17,walrus,"(['humpback whale', 'pig', 'seal', 'hippopotamus', 'giant panda'], [49.61, 33.32, 21.44, 14.39, 6.44])"
D:\ZSL\CNN\Test_TRIAL_DATASET_1-CLASS_1\seal\seal_10600.jpg,seal,walrus,27,17,walrus,"(['humpback whale', 'pig', 'seal', 'hippopotamus', 'giant panda'], [49.61, 33.32, 21.44, 14.39, 6.44])"
D:\ZSL\CNN\Test_TRIAL_DATASET_1-CLASS_1\seal\seal_10601.jpg,seal,walrus,27,17,walrus,"(['humpback whale', 'pig', 'seal', 'hippopotamus', 'giant panda'], [49.61, 33.32, 21.44, 14.39, 6.44])"
D:\ZSL\CNN\Test_TRIAL_DATASET_1-CLASS_1\seal\seal_10602.jpg,seal,bear,27,0,bear,"(['giant panda', 'raccoon', 'seal', 'pig', 'humpback whale'], [49.72, 40.56, 19.3, 8.36, 0.21])"
D:\ZSL\CNN\Test_TRIAL_DATASET_1-CLASS_1\seal\seal_10603.jpg,seal,walrus,27,17,walrus,"(['humpback whale', 'pig', 'seal', 'hippopotamus', 'giant panda'], [49.61, 33.32, 21.44, 14.39, 6.44])"
D:\ZSL\CNN\Test_TRIAL_DATASET_1-CLASS_1\seal\seal_10604.jpg,seal,walrus,27,17,walrus,"(['humpback whale', 'pig', 'seal', 'hippopotamus', 'giant panda'], [49.61, 33.32, 21.44, 14.39, 6.44])"
D:\ZSL\CNN\Test_TRIAL_DATASET_1-CLASS_1\seal\seal_10605.jpg,seal,walrus,27,17,walrus,"(['humpback whale', 'pig', 'seal', 'hippopotamus', 'giant panda'], [49.61, 33.32, 21.44, 14.39, 6.44])"
D:\ZSL\CNN\Test_TRIAL_DATASET_1-CLASS_1\seal\seal_10606.jpg,seal,rhinoceros,27,12,rhinoceros,"(['hippopotamus', 'humpback whale', 'raccoon', 'persian cat', 'seal'], [48.51, 40.93, 28.97, 23.56, 11.96])"
D:\ZSL\CNN\Test_TRIAL_DATASET_1-CLASS_1\seal\seal_10607.jpg,seal,walrus,27,17,walrus,"(['humpback whale', 'pig', 'seal', 'hippopotamus', 'giant panda'], [49.61, 33.32, 21.44, 14.39, 6.44])"
D:\ZSL\CNN\Test_TRIAL_DATASET_1-CLASS_1\seal\seal_10608.jpg,seal,walrus,27,17,walrus,"(['humpback whale', 'pig', 'seal', 'hippopotamus', 'giant panda'], [49.61, 33.32, 21.44, 14.39, 6.44])"
D:\ZSL\CNN\Test_TRIAL_DATASET_1-CLASS_1\seal\seal_10609.jpg,seal,walrus,27,17,walrus,"(['humpback whale', 'pig', 'seal', 'hippopotamus', 'giant panda'], [49.61, 33.32, 21.44, 14.39, 6.44])"
D:\ZSL\CNN\Test_TRIAL_DATASET_1-CLASS_1\seal\seal_10610.jpg,seal,walrus,27,17,walrus,"(['humpback whale', 'pig', 'seal', 'hippopotamus', 'giant panda'], [49.61, 33.32, 21.44, 14.39, 6.44])"
D:\ZSL\CNN\Test_TRIAL_DATASET_1-CLASS_1\seal\seal_10611.jpg,seal,walrus,27,17,walrus,"(['humpback whale', 'pig', 'seal', 'hippopotamus', 'giant panda'], [49.61, 33.32, 21.44, 14.39, 6.44])"
D:\ZSL\CNN\Test_TRIAL_DATASET_1-CLASS_1\seal\seal_10612.jpg,seal,walrus,27,17,walrus,"(['humpback whale', 'pig', 'seal', 'hippopotamus', 'giant panda'], [49.61, 33.32, 21.44, 14.39, 6.44])"
D:\ZSL\CNN\Test_TRIAL_DATASET_1-CLASS_1\seal\seal_10613.jpg,seal,walrus,27,17,walrus,"(['humpback whale', 'pig', 'seal', 'hippopotamus', 'giant panda'], [49.61, 33.32, 21.44, 14.39, 6.44])"
D:\ZSL\CNN\Test_TRIAL_DATASET_1-CLASS_1\seal\seal_10614.jpg,seal,walrus,27,17,walrus,"(['humpback whale', 'pig', 'seal', 'hippopotamus', 'giant panda'], [49.61, 33.32, 21.44, 14.39, 6.44])"
D:\ZSL\CNN\Test_TRIAL_DATASET_1-CLASS_1\seal\seal_10615.jpg,seal,dolphin,27,4,dolphin,"(['humpback whale', 'seal', 'leopard', 'rat', 'chimpanzee'], [72.35, 51.32, 7.29, -5.12, -8.04])"
D:\ZSL\CNN\Test_TRIAL_DATASET_1-CLASS_1\seal\seal_10616.jpg,seal,walrus,27,17,walrus,"(['humpback whale', 'pig', 'seal', 'hippopotamus', 'giant panda'], [49.61, 33.32, 21.44, 14.39, 6.44])"
D:\ZSL\CNN\Test_TRIAL_DATASET_1-CLASS_1\seal\seal_10617.jpg,seal,walrus,27,17,walrus,"(['humpback whale', 'pig', 'seal', 'hippopotamus', 'giant panda'], [49.61, 33.32, 21.44, 14.39, 6.44])"
D:\ZSL\CNN\Test_TRIAL_DATASET_1-CLASS_1\seal\seal_10618.jpg,seal,rhinoceros,27,12,rhinoceros,"(['hippopotamus', 'humpback whale', 'raccoon', 'persian cat', 'seal'], [48.51, 40.93, 28.97, 23.56, 11.96])"
D:\ZSL\CNN\Test_TRIAL_DATASET_1-CLASS_1\seal\seal_10619.jpg,seal,walrus,27,17,walrus,"(['humpback whale', 'pig', 'seal', 'hippopotamus', 'giant panda'], [49.61, 33.32, 21.44, 14.39, 6.44])"
D:\ZSL\CNN\Test_TRIAL_DATASET_1-CLASS_1\seal\seal_10620.jpg,seal,dolphin,27,4,dolphin,"(['humpback whale', 'seal', 'leopard', 'rat', 'chimpanzee'], [72.35, 51.32, 7.29, -5.12, -8.04])"
D:\ZSL\CNN\Test_TRIAL_DATASET_1-CLASS_1\seal\seal_10621.jpg,seal,walrus,27,17,walrus,"(['humpback whale', 'pig', 'seal', 'hippopotamus', 'giant panda'], [49.61, 33.32, 21.44, 14.39, 6.44])"
D:\ZSL\CNN\Test_TRIAL_DATASET_1-CLASS_1\seal\seal_10622.jpg,seal,dolphin,27,4,dolphin,"(['humpback whale', 'seal', 'leopard', 'rat', 'chimpanzee'], [72.35, 51.32, 7.29, -5.12, -8.04])"
D:\ZSL\CNN\Test_TRIAL_DATASET_1-CLASS_1\seal\seal_10623.jpg,seal,dolphin,27,4,dolphin,"(['humpback whale', 'seal', 'leopard', 'rat', 'chimpanzee'], [72.35, 51.32, 7.29, -5.12, -8.04])"
D:\ZSL\CNN\Test_TRIAL_DATASET_1-CLASS_1\seal\seal_10624.jpg,seal,walrus,27,17,walrus,"(['humpback whale', 'pig', 'seal', 'hippopotamus', 'giant panda'], [49.61, 33.32, 21.44, 14.39, 6.44])"
D:\ZSL\CNN\Test_TRIAL_DATASET_1-CLASS_1\seal\seal_10625.jpg,seal,walrus,27,17,walrus,"(['humpback whale', 'pig', 'seal', 'hippopotamus', 'giant panda'], [49.61, 33.32, 21.44, 14.39, 6.44])"
D:\ZSL\CNN\Test_TRIAL_DATASET_1-CLASS_1\seal\seal_10626.jpg,seal,walrus,27,17,walrus,"(['humpback whale', 'pig', 'seal', 'hippopotamus', 'giant panda'], [49.61, 33.32, 21.44, 14.39, 6.44])"
D:\ZSL\CNN\Test_TRIAL_DATASET_1-CLASS_1\seal\seal_10627.jpg,seal,walrus,27,17,walrus,"(['humpback whale', 'pig', 'seal', 'hippopotamus', 'giant panda'], [49.61, 33.32, 21.44, 14.39, 6.44])"
D:\ZSL\CNN\Test_TRIAL_DATASET_1-CLASS_1\seal\seal_10628.jpg,seal,dolphin,27,4,dolphin,"(['humpback whale', 'seal', 'leopard', 'rat', 'chimpanzee'], [72.35, 51.32, 7.29, -5.12, -8.04])"
D:\ZSL\CNN\Test_TRIAL_DATASET_1-CLASS_1\seal\seal_10629.jpg,seal,walrus,27,17,walrus,"(['humpback whale', 'pig', 'seal', 'hippopotamus', 'giant panda'], [49.61, 33.32, 21.44, 14.39, 6.44])"
D:\ZSL\CNN\Test_TRIAL_DATASET_1-CLASS_1\seal\seal_10630.jpg,seal,walrus,27,17,walrus,"(['humpback whale', 'pig', 'seal', 'hippopotamus', 'giant panda'], [49.61, 33.32, 21.44, 14.39, 6.44])"
D:\ZSL\CNN\Test_TRIAL_DATASET_1-CLASS_1\seal\seal_10631.jpg,seal,walrus,27,17,walrus,"(['humpback whale', 'pig', 'seal', 'hippopotamus', 'giant panda'], [49.61, 33.32, 21.44, 14.39, 6.44])"
D:\ZSL\CNN\Test_TRIAL_DATASET_1-CLASS_1\seal\seal_10632.jpg,seal,dolphin,27,4,dolphin,"(['humpback whale', 'seal', 'leopard', 'rat', 'chimpanzee'], [72.35, 51.32, 7.29, -5.12, -8.04])"
D:\ZSL\CNN\Test_TRIAL_DATASET_1-CLASS_1\seal\seal_10633.jpg,seal,walrus,27,17,walrus,"(['humpback whale', 'pig', 'seal', 'hippopotamus', 'giant panda'], [49.61, 33.32, 21.44, 14.39, 6.44])"
D:\ZSL\CNN\Test_TRIAL_DATASET_1-CLASS_1\seal\seal_10634.jpg,seal,walrus,27,17,walrus,"(['humpback whale', 'pig', 'seal', 'hippopotamus', 'giant panda'], [49.61, 33.32, 21.44, 14.39, 6.44])"
D:\ZSL\CNN\Test_TRIAL_DATASET_1-CLASS_1\seal\seal_10635.jpg,seal,walrus,27,17,walrus,"(['humpback whale', 'pig', 'seal', 'hippopotamus', 'giant panda'], [49.61, 33.32, 21.44, 14.39, 6.44])"
D:\ZSL\CNN\Test_TRIAL_DATASET_1-CLASS_1\seal\seal_10636.jpg,seal,walrus,27,17,walrus,"(['humpback whale', 'pig', 'seal', 'hippopotamus', 'giant panda'], [49.61, 33.32, 21.44, 14.39, 6.44])"
D:\ZSL\CNN\Test_TRIAL_DATASET_1-CLASS_1\seal\seal_10637.jpg,seal,walrus,27,17,walrus,"(['humpback whale', 'pig', 'seal', 'hippopotamus', 'giant panda'], [49.61, 33.32, 21.44, 14.39, 6.44])"
D:\ZSL\CNN\Test_TRIAL_DATASET_1-CLASS_1\seal\seal_10638.jpg,seal,walrus,27,17,walrus,"(['humpback whale', 'pig', 'seal', 'hippopotamus', 'giant panda'], [49.61, 33.32, 21.44, 14.39, 6.44])"
D:\ZSL\CNN\Test_TRIAL_DATASET_1-CLASS_1\seal\seal_10639.jpg,seal,dolphin,27,4,dolphin,"(['humpback whale', 'seal', 'leopard', 'rat', 'chimpanzee'], [72.35, 51.32, 7.29, -5.12, -8.04])"
D:\ZSL\CNN\Test_TRIAL_DATASET_1-CLASS_1\seal\seal_10640.jpg,seal,walrus,27,17,walrus,"(['humpback whale', 'pig', 'seal', 'hippopotamus', 'giant panda'], [49.61, 33.32, 21.44, 14.39, 6.44])"
D:\ZSL\CNN\Test_TRIAL_DATASET_1-CLASS_1\seal\seal_10641.jpg,seal,walrus,27,17,walrus,"(['humpback whale', 'pig', 'seal', 'hippopotamus', 'giant panda'], [49.61, 33.32, 21.44, 14.39, 6.44])"
D:\ZSL\CNN\Test_TRIAL_DATASET_1-CLASS_1\seal\seal_10642.jpg,seal,walrus,27,17,walrus,"(['humpback whale', 'pig', 'seal', 'hippopotamus', 'giant panda'], [49.61, 33.32, 21.44, 14.39, 6.44])"
D:\ZSL\CNN\Test_TRIAL_DATASET_1-CLASS_1\seal\seal_10643.jpg,seal,rhinoceros,27,12,rhinoceros,"(['hippopotamus', 'humpback whale', 'raccoon', 'persian cat', 'seal'], [48.51, 40.93, 28.97, 23.56, 11.96])"
D:\ZSL\CNN\Test_TRIAL_DATASET_1-CLASS_1\seal\seal_10644.jpg,seal,walrus,27,17,walrus,"(['humpback whale', 'pig', 'seal', 'hippopotamus', 'giant panda'], [49.61, 33.32, 21.44, 14.39, 6.44])"
D:\ZSL\CNN\Test_TRIAL_DATASET_1-CLASS_1\seal\seal_10645.jpg,seal,walrus,27,17,walrus,"(['humpback whale', 'pig', 'seal', 'hippopotamus', 'giant panda'], [49.61, 33.32, 21.44, 14.39, 6.44])"
D:\ZSL\CNN\Test_TRIAL_DATASET_1-CLASS_1\seal\seal_10646.jpg,seal,walrus,27,17,walrus,"(['humpback whale', 'pig', 'seal', 'hippopotamus', 'giant panda'], [49.61, 33.32, 21.44, 14.39, 6.44])"
D:\ZSL\CNN\Test_TRIAL_DATASET_1-CLASS_1\seal\seal_10647.jpg,seal,walrus,27,17,walrus,"(['humpback whale', 'pig', 'seal', 'hippopotamus', 'giant panda'], [49.61, 33.32, 21.44, 14.39, 6.44])"
D:\ZSL\CNN\Test_TRIAL_DATASET_1-CLASS_1\seal\seal_10648.jpg,seal,walrus,27,17,walrus,"(['humpback whale', 'pig', 'seal', 'hippopotamus', 'giant panda'], [49.61, 33.32, 21.44, 14.39, 6.44])"
D:\ZSL\CNN\Test_TRIAL_DATASET_1-CLASS_1\seal\seal_10649.jpg,seal,bear,27,0,bear,"(['giant panda', 'raccoon', 'seal', 'pig', 'humpback whale'], [49.72, 40.56, 19.3, 8.36, 0.21])"
D:\ZSL\CNN\Test_TRIAL_DATASET_1-CLASS_1\seal\seal_10650.jpg,seal,dolphin,27,4,dolphin,"(['humpback whale', 'seal', 'leopard', 'rat', 'chimpanzee'], [72.35, 51.32, 7.29, -5.12, -8.04])"
D:\ZSL\CNN\Test_TRIAL_DATASET_1-CLASS_1\seal\seal_10651.jpg,seal,rhinoceros,27,12,rhinoceros,"(['hippopotamus', 'humpback whale', 'raccoon', 'persian cat', 'seal'], [48.51, 40.93, 28.97, 23.56, 11.96])"
D:\ZSL\CNN\Test_TRIAL_DATASET_1-CLASS_1\seal\seal_10652.jpg,seal,walrus,27,17,walrus,"(['humpback whale', 'pig', 'seal', 'hippopotamus', 'giant panda'], [49.61, 33.32, 21.44, 14.39, 6.44])"
D:\ZSL\CNN\Test_TRIAL_DATASET_1-CLASS_1\seal\seal_10653.jpg,seal,walrus,27,17,walrus,"(['humpback whale', 'pig', 'seal', 'hippopotamus', 'giant panda'], [49.61, 33.32, 21.44, 14.39, 6.44])"
D:\ZSL\CNN\Test_TRIAL_DATASET_1-CLASS_1\seal\seal_10654.jpg,seal,walrus,27,17,walrus,"(['humpback whale', 'pig', 'seal', 'hippopotamus', 'giant panda'], [49.61, 33.32, 21.44, 14.39, 6.44])"
D:\ZSL\CNN\Test_TRIAL_DATASET_1-CLASS_1\seal\seal_10655.jpg,seal,bear,27,0,bear,"(['giant panda', 'raccoon', 'seal', 'pig', 'humpback whale'], [49.72, 40.56, 19.3, 8.36, 0.21])"
D:\ZSL\CNN\Test_TRIAL_DATASET_1-CLASS_1\seal\seal_10656.jpg,seal,walrus,27,17,walrus,"(['humpback whale', 'pig', 'seal', 'hippopotamus', 'giant panda'], [49.61, 33.32, 21.44, 14.39, 6.44])"
D:\ZSL\CNN\Test_TRIAL_DATASET_1-CLASS_1\seal\seal_10657.jpg,seal,dolphin,27,4,dolphin,"(['humpback whale', 'seal', 'leopard', 'rat', 'chimpanzee'], [72.35, 51.32, 7.29, -5.12, -8.04])"
D:\ZSL\CNN\Test_TRIAL_DATASET_1-CLASS_1\seal\seal_10658.jpg,seal,rhinoceros,27,12,rhinoceros,"(['hippopotamus', 'humpback whale', 'raccoon', 'persian cat', 'seal'], [48.51, 40.93, 28.97, 23.56, 11.96])"
D:\ZSL\CNN\Test_TRIAL_DATASET_1-CLASS_1\seal\seal_10659.jpg,seal,walrus,27,17,walrus,"(['humpback whale', 'pig', 'seal', 'hippopotamus', 'giant panda'], [49.61, 33.32, 21.44, 14.39, 6.44])"
D:\ZSL\CNN\Test_TRIAL_DATASET_1-CLASS_1\seal\seal_10660.jpg,seal,walrus,27,17,walrus,"(['humpback whale', 'pig', 'seal', 'hippopotamus', 'giant panda'], [49.61, 33.32, 21.44, 14.39, 6.44])"
D:\ZSL\CNN\Test_TRIAL_DATASET_1-CLASS_1\seal\seal_10661.jpg,seal,walrus,27,17,walrus,"(['humpback whale', 'pig', 'seal', 'hippopotamus', 'giant panda'], [49.61, 33.32, 21.44, 14.39, 6.44])"
D:\ZSL\CNN\Test_TRIAL_DATASET_1-CLASS_1\seal\seal_10662.jpg,seal,walrus,27,17,walrus,"(['humpback whale', 'pig', 'seal', 'hippopotamus', 'giant panda'], [49.61, 33.32, 21.44, 14.39, 6.44])"
D:\ZSL\CNN\Test_TRIAL_DATASET_1-CLASS_1\seal\seal_10663.jpg,seal,walrus,27,17,walrus,"(['humpback whale', 'pig', 'seal', 'hippopotamus', 'giant panda'], [49.61, 33.32, 21.44, 14.39, 6.44])"
D:\ZSL\CNN\Test_TRIAL_DATASET_1-CLASS_1\seal\seal_10664.jpg,seal,walrus,27,17,walrus,"(['humpback whale', 'pig', 'seal', 'hippopotamus', 'giant panda'], [49.61, 33.32, 21.44, 14.39, 6.44])"
D:\ZSL\CNN\Test_TRIAL_DATASET_1-CLASS_1\seal\seal_10665.jpg,seal,bear,27,0,bear,"(['giant panda', 'raccoon', 'seal', 'pig', 'humpback whale'], [49.72, 40.56, 19.3, 8.36, 0.21])"
D:\ZSL\CNN\Test_TRIAL_DATASET_1-CLASS_1\seal\seal_10666.jpg,seal,walrus,27,17,walrus,"(['humpback whale', 'pig', 'seal', 'hippopotamus', 'giant panda'], [49.61, 33.32, 21.44, 14.39, 6.44])"
D:\ZSL\CNN\Test_TRIAL_DATASET_1-CLASS_1\seal\seal_10667.jpg,seal,walrus,27,17,walrus,"(['humpback whale', 'pig', 'seal', 'hippopotamus', 'giant panda'], [49.61, 33.32, 21.44, 14.39, 6.44])"
D:\ZSL\CNN\Test_TRIAL_DATASET_1-CLASS_1\seal\seal_10668.jpg,seal,dolphin,27,4,dolphin,"(['humpback whale', 'seal', 'leopard', 'rat', 'chimpanzee'], [72.35, 51.32, 7.29, -5.12, -8.04])"
D:\ZSL\CNN\Test_TRIAL_DATASET_1-CLASS_1\seal\seal_10669.jpg,seal,dolphin,27,4,dolphin,"(['humpback whale', 'seal', 'leopard', 'rat', 'chimpanzee'], [72.35, 51.32, 7.29, -5.12, -8.04])"
D:\ZSL\CNN\Test_TRIAL_DATASET_1-CLASS_1\seal\seal_10670.jpg,seal,walrus,27,17,walrus,"(['humpback whale', 'pig', 'seal', 'hippopotamus', 'giant panda'], [49.61, 33.32, 21.44, 14.39, 6.44])"
D:\ZSL\CNN\Test_TRIAL_DATASET_1-CLASS_1\seal\seal_10671.jpg,seal,walrus,27,17,walrus,"(['humpback whale', 'pig', 'seal', 'hippopotamus', 'giant panda'], [49.61, 33.32, 21.44, 14.39, 6.44])"
D:\ZSL\CNN\Test_TRIAL_DATASET_1-CLASS_1\seal\seal_10672.jpg,seal,bear,27,0,bear,"(['giant panda', 'raccoon', 'seal', 'pig', 'humpback whale'], [49.72, 40.56, 19.3, 8.36, 0.21])"
D:\ZSL\CNN\Test_TRIAL_DATASET_1-CLASS_1\seal\seal_10673.jpg,seal,walrus,27,17,walrus,"(['humpback whale', 'pig', 'seal', 'hippopotamus', 'giant panda'], [49.61, 33.32, 21.44, 14.39, 6.44])"
D:\ZSL\CNN\Test_TRIAL_DATASET_1-CLASS_1\seal\seal_10674.jpg,seal,walrus,27,17,walrus,"(['humpback whale', 'pig', 'seal', 'hippopotamus', 'giant panda'], [49.61, 33.32, 21.44, 14.39, 6.44])"
D:\ZSL\CNN\Test_TRIAL_DATASET_1-CLASS_1\seal\seal_10675.jpg,seal,walrus,27,17,walrus,"(['humpback whale', 'pig', 'seal', 'hippopotamus', 'giant panda'], [49.61, 33.32, 21.44, 14.39, 6.44])"
D:\ZSL\CNN\Test_TRIAL_DATASET_1-CLASS_1\seal\seal_10676.jpg,seal,walrus,27,17,walrus,"(['humpback whale', 'pig', 'seal', 'hippopotamus', 'giant panda'], [49.61, 33.32, 21.44, 14.39, 6.44])"
D:\ZSL\CNN\Test_TRIAL_DATASET_1-CLASS_1\seal\seal_10677.jpg,seal,walrus,27,17,walrus,"(['humpback whale', 'pig', 'seal', 'hippopotamus', 'giant panda'], [49.61, 33.32, 21.44, 14.39, 6.44])"
D:\ZSL\CNN\Test_TRIAL_DATASET_1-CLASS_1\seal\seal_10678.jpg,seal,walrus,27,17,walrus,"(['humpback whale', 'pig', 'seal', 'hippopotamus', 'giant panda'], [49.61, 33.32, 21.44, 14.39, 6.44])"
D:\ZSL\CNN\Test_TRIAL_DATASET_1-CLASS_1\seal\seal_10679.jpg,seal,walrus,27,17,walrus,"(['humpback whale', 'pig', 'seal', 'hippopotamus', 'giant panda'], [49.61, 33.32, 21.44, 14.39, 6.44])"
D:\ZSL\CNN\Test_TRIAL_DATASET_1-CLASS_1\seal\seal_10680.jpg,seal,walrus,27,17,walrus,"(['humpback whale', 'pig', 'seal', 'hippopotamus', 'giant panda'], [49.61, 33.32, 21.44, 14.39, 6.44])"
D:\ZSL\CNN\Test_TRIAL_DATASET_1-CLASS_1\seal\seal_10681.jpg,seal,walrus,27,17,walrus,"(['humpback whale', 'pig', 'seal', 'hippopotamus', 'giant panda'], [49.61, 33.32, 21.44, 14.39, 6.44])"
D:\ZSL\CNN\Test_TRIAL_DATASET_1-CLASS_1\seal\seal_10682.jpg,seal,walrus,27,17,walrus,"(['humpback whale', 'pig', 'seal', 'hippopotamus', 'giant panda'], [49.61, 33.32, 21.44, 14.39, 6.44])"
D:\ZSL\CNN\Test_TRIAL_DATASET_1-CLASS_1\seal\seal_10683.jpg,seal,rhinoceros,27,12,rhinoceros,"(['hippopotamus', 'humpback whale', 'raccoon', 'persian cat', 'seal'], [48.51, 40.93, 28.97, 23.56, 11.96])"
D:\ZSL\CNN\Test_TRIAL_DATASET_1-CLASS_1\seal\seal_10684.jpg,seal,walrus,27,17,walrus,"(['humpback whale', 'pig', 'seal', 'hippopotamus', 'giant panda'], [49.61, 33.32, 21.44, 14.39, 6.44])"
D:\ZSL\CNN\Test_TRIAL_DATASET_1-CLASS_1\seal\seal_10685.jpg,seal,walrus,27,17,walrus,"(['humpback whale', 'pig', 'seal', 'hippopotamus', 'giant panda'], [49.61, 33.32, 21.44, 14.39, 6.44])"
D:\ZSL\CNN\Test_TRIAL_DATASET_1-CLASS_1\seal\seal_10686.jpg,seal,walrus,27,17,walrus,"(['humpback whale', 'pig', 'seal', 'hippopotamus', 'giant panda'], [49.61, 33.32, 21.44, 14.39, 6.44])"
D:\ZSL\CNN\Test_TRIAL_DATASET_1-CLASS_1\seal\seal_10687.jpg,seal,walrus,27,17,walrus,"(['humpback whale', 'pig', 'seal', 'hippopotamus', 'giant panda'], [49.61, 33.32, 21.44, 14.39, 6.44])"
D:\ZSL\CNN\Test_TRIAL_DATASET_1-CLASS_1\seal\seal_10688.jpg,seal,walrus,27,17,walrus,"(['humpback whale', 'pig', 'seal', 'hippopotamus', 'giant panda'], [49.61, 33.32, 21.44, 14.39, 6.44])"
D:\ZSL\CNN\Test_TRIAL_DATASET_1-CLASS_1\seal\seal_10689.jpg,seal,walrus,27,17,walrus,"(['humpback whale', 'pig', 'seal', 'hippopotamus', 'giant panda'], [49.61, 33.32, 21.44, 14.39, 6.44])"
D:\ZSL\CNN\Test_TRIAL_DATASET_1-CLASS_1\seal\seal_10690.jpg,seal,walrus,27,17,walrus,"(['humpback whale', 'pig', 'seal', 'hippopotamus', 'giant panda'], [49.61, 33.32, 21.44, 14.39, 6.44])"
D:\ZSL\CNN\Test_TRIAL_DATASET_1-CLASS_1\seal\seal_10691.jpg,seal,walrus,27,17,walrus,"(['humpback whale', 'pig', 'seal', 'hippopotamus', 'giant panda'], [49.61, 33.32, 21.44, 14.39, 6.44])"
D:\ZSL\CNN\Test_TRIAL_DATASET_1-CLASS_1\seal\seal_10692.jpg,seal,walrus,27,17,walrus,"(['humpback whale', 'pig', 'seal', 'hippopotamus', 'giant panda'], [49.61, 33.32, 21.44, 14.39, 6.44])"
D:\ZSL\CNN\Test_TRIAL_DATASET_1-CLASS_1\seal\seal_10693.jpg,seal,walrus,27,17,walrus,"(['humpback whale', 'pig', 'seal', 'hippopotamus', 'giant panda'], [49.61, 33.32, 21.44, 14.39, 6.44])"
D:\ZSL\CNN\Test_TRIAL_DATASET_1-CLASS_1\seal\seal_10694.jpg,seal,walrus,27,17,walrus,"(['humpback whale', 'pig', 'seal', 'hippopotamus', 'giant panda'], [49.61, 33.32, 21.44, 14.39, 6.44])"
D:\ZSL\CNN\Test_TRIAL_DATASET_1-CLASS_1\seal\seal_10695.jpg,seal,walrus,27,17,walrus,"(['humpback whale', 'pig', 'seal', 'hippopotamus', 'giant panda'], [49.61, 33.32, 21.44, 14.39, 6.44])"
D:\ZSL\CNN\Test_TRIAL_DATASET_1-CLASS_1\seal\seal_10696.jpg,seal,walrus,27,17,walrus,"(['humpback whale', 'pig', 'seal', 'hippopotamus', 'giant panda'], [49.61, 33.32, 21.44, 14.39, 6.44])"
D:\ZSL\CNN\Test_TRIAL_DATASET_1-CLASS_1\seal\seal_10697.jpg,seal,walrus,27,17,walrus,"(['humpback whale', 'pig', 'seal', 'hippopotamus', 'giant panda'], [49.61, 33.32, 21.44, 14.39, 6.44])"
D:\ZSL\CNN\Test_TRIAL_DATASET_1-CLASS_1\seal\seal_10698.jpg,seal,walrus,27,17,walrus,"(['humpback whale', 'pig', 'seal', 'hippopotamus', 'giant panda'], [49.61, 33.32, 21.44, 14.39, 6.44])"
D:\ZSL\CNN\Test_TRIAL_DATASET_1-CLASS_1\seal\seal_10699.jpg,seal,walrus,27,17,walrus,"(['humpback whale', 'pig', 'seal', 'hippopotamus', 'giant panda'], [49.61, 33.32, 21.44, 14.39, 6.44])"
D:\ZSL\CNN\Test_TRIAL_DATASET_1-CLASS_1\seal\seal_10700.jpg,seal,walrus,27,17,walrus,"(['humpback whale', 'pig', 'seal', 'hippopotamus', 'giant panda'], [49.61, 33.32, 21.44, 14.39, 6.44])"
D:\ZSL\CNN\Test_TRIAL_DATASET_1-CLASS_1\seal\seal_10701.jpg,seal,bear,27,0,bear,"(['giant panda', 'raccoon', 'seal', 'pig', 'humpback whale'], [49.72, 40.56, 19.3, 8.36, 0.21])"
D:\ZSL\CNN\Test_TRIAL_DATASET_1-CLASS_1\seal\seal_10702.jpg,seal,dolphin,27,4,dolphin,"(['humpback whale', 'seal', 'leopard', 'rat', 'chimpanzee'], [72.35, 51.32, 7.29, -5.12, -8.04])"
D:\ZSL\CNN\Test_TRIAL_DATASET_1-CLASS_1\seal\seal_10703.jpg,seal,walrus,27,17,walrus,"(['humpback whale', 'pig', 'seal', 'hippopotamus', 'giant panda'], [49.61, 33.32, 21.44, 14.39, 6.44])"
D:\ZSL\CNN\Test_TRIAL_DATASET_1-CLASS_1\seal\seal_10704.jpg,seal,walrus,27,17,walrus,"(['humpback whale', 'pig', 'seal', 'hippopotamus', 'giant panda'], [49.61, 33.32, 21.44, 14.39, 6.44])"
D:\ZSL\CNN\Test_TRIAL_DATASET_1-CLASS_1\seal\seal_10705.jpg,seal,walrus,27,17,walrus,"(['humpback whale', 'pig', 'seal', 'hippopotamus', 'giant panda'], [49.61, 33.32, 21.44, 14.39, 6.44])"
D:\ZSL\CNN\Test_TRIAL_DATASET_1-CLASS_1\seal\seal_10706.jpg,seal,walrus,27,17,walrus,"(['humpback whale', 'pig', 'seal', 'hippopotamus', 'giant panda'], [49.61, 33.32, 21.44, 14.39, 6.44])"
D:\ZSL\CNN\Test_TRIAL_DATASET_1-CLASS_1\seal\seal_10707.jpg,seal,walrus,27,17,walrus,"(['humpback whale', 'pig', 'seal', 'hippopotamus', 'giant panda'], [49.61, 33.32, 21.44, 14.39, 6.44])"
D:\ZSL\CNN\Test_TRIAL_DATASET_1-CLASS_1\seal\seal_10708.jpg,seal,walrus,27,17,walrus,"(['humpback whale', 'pig', 'seal', 'hippopotamus', 'giant panda'], [49.61, 33.32, 21.44, 14.39, 6.44])"
D:\ZSL\CNN\Test_TRIAL_DATASET_1-CLASS_1\seal\seal_10709.jpg,seal,walrus,27,17,walrus,"(['humpback whale', 'pig', 'seal', 'hippopotamus', 'giant panda'], [49.61, 33.32, 21.44, 14.39, 6.44])"
D:\ZSL\CNN\Test_TRIAL_DATASET_1-CLASS_1\seal\seal_10710.jpg,seal,tiger,27,16,tiger,"(['leopard', 'giant panda', 'persian cat', 'seal', 'pig'], [75.51, 32.01, 21.95, 9.29, -0.46])"
D:\ZSL\CNN\Test_TRIAL_DATASET_1-CLASS_1\seal\seal_10711.jpg,seal,dolphin,27,4,dolphin,"(['humpback whale', 'seal', 'leopard', 'rat', 'chimpanzee'], [72.35, 51.32, 7.29, -5.12, -8.04])"
D:\ZSL\CNN\Test_TRIAL_DATASET_1-CLASS_1\seal\seal_10712.jpg,seal,walrus,27,17,walrus,"(['humpback whale', 'pig', 'seal', 'hippopotamus', 'giant panda'], [49.61, 33.32, 21.44, 14.39, 6.44])"
D:\ZSL\CNN\Test_TRIAL_DATASET_1-CLASS_1\seal\seal_10713.jpg,seal,walrus,27,17,walrus,"(['humpback whale', 'pig', 'seal', 'hippopotamus', 'giant panda'], [49.61, 33.32, 21.44, 14.39, 6.44])"
D:\ZSL\CNN\Test_TRIAL_DATASET_1-CLASS_1\seal\seal_10714.jpg,seal,walrus,27,17,walrus,"(['humpback whale', 'pig', 'seal', 'hippopotamus', 'giant panda'], [49.61, 33.32, 21.44, 14.39, 6.44])"
D:\ZSL\CNN\Test_TRIAL_DATASET_1-CLASS_1\seal\seal_10715.jpg,seal,walrus,27,17,walrus,"(['humpback whale', 'pig', 'seal', 'hippopotamus', 'giant panda'], [49.61, 33.32, 21.44, 14.39, 6.44])"
D:\ZSL\CNN\Test_TRIAL_DATASET_1-CLASS_1\seal\seal_10716.jpg,seal,walrus,27,17,walrus,"(['humpback whale', 'pig', 'seal', 'hippopotamus', 'giant panda'], [49.61, 33.32, 21.44, 14.39, 6.44])"
D:\ZSL\CNN\Test_TRIAL_DATASET_1-CLASS_1\seal\seal_10717.jpg,seal,walrus,27,17,walrus,"(['humpback whale', 'pig', 'seal', 'hippopotamus', 'giant panda'], [49.61, 33.32, 21.44, 14.39, 6.44])"
D:\ZSL\CNN\Test_TRIAL_DATASET_1-CLASS_1\seal\seal_10718.jpg,seal,walrus,27,17,walrus,"(['humpback whale', 'pig', 'seal', 'hippopotamus', 'giant panda'], [49.61, 33.32, 21.44, 14.39, 6.44])"
D:\ZSL\CNN\Test_TRIAL_DATASET_1-CLASS_1\seal\seal_10719.jpg,seal,walrus,27,17,walrus,"(['humpback whale', 'pig', 'seal', 'hippopotamus', 'giant panda'], [49.61, 33.32, 21.44, 14.39, 6.44])"
D:\ZSL\CNN\Test_TRIAL_DATASET_1-CLASS_1\seal\seal_10720.jpg,seal,walrus,27,17,walrus,"(['humpback whale', 'pig', 'seal', 'hippopotamus', 'giant panda'], [49.61, 33.32, 21.44, 14.39, 6.44])"
D:\ZSL\CNN\Test_TRIAL_DATASET_1-CLASS_1\seal\seal_10721.jpg,seal,walrus,27,17,walrus,"(['humpback whale', 'pig', 'seal', 'hippopotamus', 'giant panda'], [49.61, 33.32, 21.44, 14.39, 6.44])"
D:\ZSL\CNN\Test_TRIAL_DATASET_1-CLASS_1\seal\seal_10722.jpg,seal,bear,27,0,bear,"(['giant panda', 'raccoon', 'seal', 'pig', 'humpback whale'], [49.72, 40.56, 19.3, 8.36, 0.21])"
D:\ZSL\CNN\Test_TRIAL_DATASET_1-CLASS_1\seal\seal_10723.jpg,seal,walrus,27,17,walrus,"(['humpback whale', 'pig', 'seal', 'hippopotamus', 'giant panda'], [49.61, 33.32, 21.44, 14.39, 6.44])"
D:\ZSL\CNN\Test_TRIAL_DATASET_1-CLASS_1\seal\seal_10724.jpg,seal,bear,27,0,bear,"(['giant panda', 'raccoon', 'seal', 'pig', 'humpback whale'], [49.72, 40.56, 19.3, 8.36, 0.21])"
D:\ZSL\CNN\Test_TRIAL_DATASET_1-CLASS_1\seal\seal_10725.jpg,seal,walrus,27,17,walrus,"(['humpback whale', 'pig', 'seal', 'hippopotamus', 'giant panda'], [49.61, 33.32, 21.44, 14.39, 6.44])"
D:\ZSL\CNN\Test_TRIAL_DATASET_1-CLASS_1\seal\seal_10726.jpg,seal,dolphin,27,4,dolphin,"(['humpback whale', 'seal', 'leopard', 'rat', 'chimpanzee'], [72.35, 51.32, 7.29, -5.12, -8.04])"
D:\ZSL\CNN\Test_TRIAL_DATASET_1-CLASS_1\seal\seal_10727.jpg,seal,bear,27,0,bear,"(['giant panda', 'raccoon', 'seal', 'pig', 'humpback whale'], [49.72, 40.56, 19.3, 8.36, 0.21])"
D:\ZSL\CNN\Test_TRIAL_DATASET_1-CLASS_1\seal\seal_10728.jpg,seal,walrus,27,17,walrus,"(['humpback whale', 'pig', 'seal', 'hippopotamus', 'giant panda'], [49.61, 33.32, 21.44, 14.39, 6.44])"
D:\ZSL\CNN\Test_TRIAL_DATASET_1-CLASS_1\seal\seal_10729.jpg,seal,rhinoceros,27,12,rhinoceros,"(['hippopotamus', 'humpback whale', 'raccoon', 'persian cat', 'seal'], [48.51, 40.93, 28.97, 23.56, 11.96])"
D:\ZSL\CNN\Test_TRIAL_DATASET_1-CLASS_1\seal\seal_10730.jpg,seal,walrus,27,17,walrus,"(['humpback whale', 'pig', 'seal', 'hippopotamus', 'giant panda'], [49.61, 33.32, 21.44, 14.39, 6.44])"
D:\ZSL\CNN\Test_TRIAL_DATASET_1-CLASS_1\seal\seal_10731.jpg,seal,walrus,27,17,walrus,"(['humpback whale', 'pig', 'seal', 'hippopotamus', 'giant panda'], [49.61, 33.32, 21.44, 14.39, 6.44])"
D:\ZSL\CNN\Test_TRIAL_DATASET_1-CLASS_1\seal\seal_10732.jpg,seal,walrus,27,17,walrus,"(['humpback whale', 'pig', 'seal', 'hippopotamus', 'giant panda'], [49.61, 33.32, 21.44, 14.39, 6.44])"
D:\ZSL\CNN\Test_TRIAL_DATASET_1-CLASS_1\seal\seal_10733.jpg,seal,walrus,27,17,walrus,"(['humpback whale', 'pig', 'seal', 'hippopotamus', 'giant panda'], [49.61, 33.32, 21.44, 14.39, 6.44])"
D:\ZSL\CNN\Test_TRIAL_DATASET_1-CLASS_1\seal\seal_10734.jpg,seal,walrus,27,17,walrus,"(['humpback whale', 'pig', 'seal', 'hippopotamus', 'giant panda'], [49.61, 33.32, 21.44, 14.39, 6.44])"
D:\ZSL\CNN\Test_TRIAL_DATASET_1-CLASS_1\seal\seal_10735.jpg,seal,walrus,27,17,walrus,"(['humpback whale', 'pig', 'seal', 'hippopotamus', 'giant panda'], [49.61, 33.32, 21.44, 14.39, 6.44])"
D:\ZSL\CNN\Test_TRIAL_DATASET_1-CLASS_1\seal\seal_10736.jpg,seal,walrus,27,17,walrus,"(['humpback whale', 'pig', 'seal', 'hippopotamus', 'giant panda'], [49.61, 33.32, 21.44, 14.39, 6.44])"
D:\ZSL\CNN\Test_TRIAL_DATASET_1-CLASS_1\seal\seal_10737.jpg,seal,walrus,27,17,walrus,"(['humpback whale', 'pig', 'seal', 'hippopotamus', 'giant panda'], [49.61, 33.32, 21.44, 14.39, 6.44])"
D:\ZSL\CNN\Test_TRIAL_DATASET_1-CLASS_1\seal\seal_10738.jpg,seal,bear,27,0,bear,"(['giant panda', 'raccoon', 'seal', 'pig', 'humpback whale'], [49.72, 40.56, 19.3, 8.36, 0.21])"
D:\ZSL\CNN\Test_TRIAL_DATASET_1-CLASS_1\seal\seal_10739.jpg,seal,walrus,27,17,walrus,"(['humpback whale', 'pig', 'seal', 'hippopotamus', 'giant panda'], [49.61, 33.32, 21.44, 14.39, 6.44])"
D:\ZSL\CNN\Test_TRIAL_DATASET_1-CLASS_1\seal\seal_10740.jpg,seal,bear,27,0,bear,"(['giant panda', 'raccoon', 'seal', 'pig', 'humpback whale'], [49.72, 40.56, 19.3, 8.36, 0.21])"
D:\ZSL\CNN\Test_TRIAL_DATASET_1-CLASS_1\seal\seal_10741.jpg,seal,bear,27,0,bear,"(['giant panda', 'raccoon', 'seal', 'pig', 'humpback whale'], [49.72, 40.56, 19.3, 8.36, 0.21])"
D:\ZSL\CNN\Test_TRIAL_DATASET_1-CLASS_1\seal\seal_10742.jpg,seal,walrus,27,17,walrus,"(['humpback whale', 'pig', 'seal', 'hippopotamus', 'giant panda'], [49.61, 33.32, 21.44, 14.39, 6.44])"
D:\ZSL\CNN\Test_TRIAL_DATASET_1-CLASS_1\seal\seal_10743.jpg,seal,bear,27,0,bear,"(['giant panda', 'raccoon', 'seal', 'pig', 'humpback whale'], [49.72, 40.56, 19.3, 8.36, 0.21])"
D:\ZSL\CNN\Test_TRIAL_DATASET_1-CLASS_1\seal\seal_10744.jpg,seal,squirrel,27,15,squirrel,"(['rat', 'raccoon', 'leopard', 'pig', 'chimpanzee'], [80.96, 55.32, 17.24, 10.5, 5.34])"
D:\ZSL\CNN\Test_TRIAL_DATASET_1-CLASS_1\seal\seal_10745.jpg,seal,dolphin,27,4,dolphin,"(['humpback whale', 'seal', 'leopard', 'rat', 'chimpanzee'], [72.35, 51.32, 7.29, -5.12, -8.04])"
D:\ZSL\CNN\Test_TRIAL_DATASET_1-CLASS_1\seal\seal_10746.jpg,seal,walrus,27,17,walrus,"(['humpback whale', 'pig', 'seal', 'hippopotamus', 'giant panda'], [49.61, 33.32, 21.44, 14.39, 6.44])"
D:\ZSL\CNN\Test_TRIAL_DATASET_1-CLASS_1\seal\seal_10747.jpg,seal,bear,27,0,bear,"(['giant panda', 'raccoon', 'seal', 'pig', 'humpback whale'], [49.72, 40.56, 19.3, 8.36, 0.21])"
D:\ZSL\CNN\Test_TRIAL_DATASET_1-CLASS_1\seal\seal_10748.jpg,seal,walrus,27,17,walrus,"(['humpback whale', 'pig', 'seal', 'hippopotamus', 'giant panda'], [49.61, 33.32, 21.44, 14.39, 6.44])"
D:\ZSL\CNN\Test_TRIAL_DATASET_1-CLASS_1\seal\seal_10749.jpg,seal,walrus,27,17,walrus,"(['humpback whale', 'pig', 'seal', 'hippopotamus', 'giant panda'], [49.61, 33.32, 21.44, 14.39, 6.44])"
D:\ZSL\CNN\Test_TRIAL_DATASET_1-CLASS_1\seal\seal_10750.jpg,seal,walrus,27,17,walrus,"(['humpback whale', 'pig', 'seal', 'hippopotamus', 'giant panda'], [49.61, 33.32, 21.44, 14.39, 6.44])"
D:\ZSL\CNN\Test_TRIAL_DATASET_1-CLASS_1\seal\seal_10751.jpg,seal,walrus,27,17,walrus,"(['humpback whale', 'pig', 'seal', 'hippopotamus', 'giant panda'], [49.61, 33.32, 21.44, 14.39, 6.44])"
D:\ZSL\CNN\Test_TRIAL_DATASET_1-CLASS_1\seal\seal_10752.jpg,seal,dolphin,27,4,dolphin,"(['humpback whale', 'seal', 'leopard', 'rat', 'chimpanzee'], [72.35, 51.32, 7.29, -5.12, -8.04])"
D:\ZSL\CNN\Test_TRIAL_DATASET_1-CLASS_1\seal\seal_10753.jpg,seal,walrus,27,17,walrus,"(['humpback whale', 'pig', 'seal', 'hippopotamus', 'giant panda'], [49.61, 33.32, 21.44, 14.39, 6.44])"
D:\ZSL\CNN\Test_TRIAL_DATASET_1-CLASS_1\seal\seal_10754.jpg,seal,rhinoceros,27,12,rhinoceros,"(['hippopotamus', 'humpback whale', 'raccoon', 'persian cat', 'seal'], [48.51, 40.93, 28.97, 23.56, 11.96])"
D:\ZSL\CNN\Test_TRIAL_DATASET_1-CLASS_1\seal\seal_10755.jpg,seal,walrus,27,17,walrus,"(['humpback whale', 'pig', 'seal', 'hippopotamus', 'giant panda'], [49.61, 33.32, 21.44, 14.39, 6.44])"
D:\ZSL\CNN\Test_TRIAL_DATASET_1-CLASS_1\seal\seal_10756.jpg,seal,mouse,27,9,mouse,"(['rat', 'leopard', 'pig', 'raccoon', 'persian cat'], [84.74, 53.94, 16.24, -3.35, -10.14])"
D:\ZSL\CNN\Test_TRIAL_DATASET_1-CLASS_1\seal\seal_10757.jpg,seal,walrus,27,17,walrus,"(['humpback whale', 'pig', 'seal', 'hippopotamus', 'giant panda'], [49.61, 33.32, 21.44, 14.39, 6.44])"
D:\ZSL\CNN\Test_TRIAL_DATASET_1-CLASS_1\seal\seal_10758.jpg,seal,walrus,27,17,walrus,"(['humpback whale', 'pig', 'seal', 'hippopotamus', 'giant panda'], [49.61, 33.32, 21.44, 14.39, 6.44])"
D:\ZSL\CNN\Test_TRIAL_DATASET_1-CLASS_1\seal\seal_10759.jpg,seal,bear,27,0,bear,"(['giant panda', 'raccoon', 'seal', 'pig', 'humpback whale'], [49.72, 40.56, 19.3, 8.36, 0.21])"
D:\ZSL\CNN\Test_TRIAL_DATASET_1-CLASS_1\seal\seal_10760.jpg,seal,dolphin,27,4,dolphin,"(['humpback whale', 'seal', 'leopard', 'rat', 'chimpanzee'], [72.35, 51.32, 7.29, -5.12, -8.04])"
D:\ZSL\CNN\Test_TRIAL_DATASET_1-CLASS_1\seal\seal_10761.jpg,seal,walrus,27,17,walrus,"(['humpback whale', 'pig', 'seal', 'hippopotamus', 'giant panda'], [49.61, 33.32, 21.44, 14.39, 6.44])"
D:\ZSL\CNN\Test_TRIAL_DATASET_1-CLASS_1\seal\seal_10762.jpg,seal,walrus,27,17,walrus,"(['humpback whale', 'pig', 'seal', 'hippopotamus', 'giant panda'], [49.61, 33.32, 21.44, 14.39, 6.44])"
D:\ZSL\CNN\Test_TRIAL_DATASET_1-CLASS_1\seal\seal_10763.jpg,seal,walrus,27,17,walrus,"(['humpback whale', 'pig', 'seal', 'hippopotamus', 'giant panda'], [49.61, 33.32, 21.44, 14.39, 6.44])"
D:\ZSL\CNN\Test_TRIAL_DATASET_1-CLASS_1\seal\seal_10764.jpg,seal,bear,27,0,bear,"(['giant panda', 'raccoon', 'seal', 'pig', 'humpback whale'], [49.72, 40.56, 19.3, 8.36, 0.21])"
D:\ZSL\CNN\Test_TRIAL_DATASET_1-CLASS_1\seal\seal_10765.jpg,seal,walrus,27,17,walrus,"(['humpback whale', 'pig', 'seal', 'hippopotamus', 'giant panda'], [49.61, 33.32, 21.44, 14.39, 6.44])"
D:\ZSL\CNN\Test_TRIAL_DATASET_1-CLASS_1\seal\seal_10766.jpg,seal,walrus,27,17,walrus,"(['humpback whale', 'pig', 'seal', 'hippopotamus', 'giant panda'], [49.61, 33.32, 21.44, 14.39, 6.44])"
D:\ZSL\CNN\Test_TRIAL_DATASET_1-CLASS_1\seal\seal_10767.jpg,seal,walrus,27,17,walrus,"(['humpback whale', 'pig', 'seal', 'hippopotamus', 'giant panda'], [49.61, 33.32, 21.44, 14.39, 6.44])"
D:\ZSL\CNN\Test_TRIAL_DATASET_1-CLASS_1\seal\seal_10768.jpg,seal,dolphin,27,4,dolphin,"(['humpback whale', 'seal', 'leopard', 'rat', 'chimpanzee'], [72.35, 51.32, 7.29, -5.12, -8.04])"
D:\ZSL\CNN\Test_TRIAL_DATASET_1-CLASS_1\seal\seal_10769.jpg,seal,walrus,27,17,walrus,"(['humpback whale', 'pig', 'seal', 'hippopotamus', 'giant panda'], [49.61, 33.32, 21.44, 14.39, 6.44])"
D:\ZSL\CNN\Test_TRIAL_DATASET_1-CLASS_1\seal\seal_10770.jpg,seal,dolphin,27,4,dolphin,"(['humpback whale', 'seal', 'leopard', 'rat', 'chimpanzee'], [72.35, 51.32, 7.29, -5.12, -8.04])"
D:\ZSL\CNN\Test_TRIAL_DATASET_1-CLASS_1\seal\seal_10771.jpg,seal,walrus,27,17,walrus,"(['humpback whale', 'pig', 'seal', 'hippopotamus', 'giant panda'], [49.61, 33.32, 21.44, 14.39, 6.44])"
D:\ZSL\CNN\Test_TRIAL_DATASET_1-CLASS_1\seal\seal_10772.jpg,seal,walrus,27,17,walrus,"(['humpback whale', 'pig', 'seal', 'hippopotamus', 'giant panda'], [49.61, 33.32, 21.44, 14.39, 6.44])"
D:\ZSL\CNN\Test_TRIAL_DATASET_1-CLASS_1\seal\seal_10773.jpg,seal,dolphin,27,4,dolphin,"(['humpback whale', 'seal', 'leopard', 'rat', 'chimpanzee'], [72.35, 51.32, 7.29, -5.12, -8.04])"
D:\ZSL\CNN\Test_TRIAL_DATASET_1-CLASS_1\seal\seal_10774.jpg,seal,walrus,27,17,walrus,"(['humpback whale', 'pig', 'seal', 'hippopotamus', 'giant panda'], [49.61, 33.32, 21.44, 14.39, 6.44])"
D:\ZSL\CNN\Test_TRIAL_DATASET_1-CLASS_1\seal\seal_10775.jpg,seal,walrus,27,17,walrus,"(['humpback whale', 'pig', 'seal', 'hippopotamus', 'giant panda'], [49.61, 33.32, 21.44, 14.39, 6.44])"
D:\ZSL\CNN\Test_TRIAL_DATASET_1-CLASS_1\seal\seal_10776.jpg,seal,dolphin,27,4,dolphin,"(['humpback whale', 'seal', 'leopard', 'rat', 'chimpanzee'], [72.35, 51.32, 7.29, -5.12, -8.04])"
D:\ZSL\CNN\Test_TRIAL_DATASET_1-CLASS_1\seal\seal_10777.jpg,seal,walrus,27,17,walrus,"(['humpback whale', 'pig', 'seal', 'hippopotamus', 'giant panda'], [49.61, 33.32, 21.44, 14.39, 6.44])"
D:\ZSL\CNN\Test_TRIAL_DATASET_1-CLASS_1\seal\seal_10778.jpg,seal,walrus,27,17,walrus,"(['humpback whale', 'pig', 'seal', 'hippopotamus', 'giant panda'], [49.61, 33.32, 21.44, 14.39, 6.44])"
D:\ZSL\CNN\Test_TRIAL_DATASET_1-CLASS_1\seal\seal_10779.jpg,seal,bear,27,0,bear,"(['giant panda', 'raccoon', 'seal', 'pig', 'humpback whale'], [49.72, 40.56, 19.3, 8.36, 0.21])"
D:\ZSL\CNN\Test_TRIAL_DATASET_1-CLASS_1\seal\seal_10780.jpg,seal,walrus,27,17,walrus,"(['humpback whale', 'pig', 'seal', 'hippopotamus', 'giant panda'], [49.61, 33.32, 21.44, 14.39, 6.44])"
D:\ZSL\CNN\Test_TRIAL_DATASET_1-CLASS_1\seal\seal_10781.jpg,seal,dolphin,27,4,dolphin,"(['humpback whale', 'seal', 'leopard', 'rat', 'chimpanzee'], [72.35, 51.32, 7.29, -5.12, -8.04])"
D:\ZSL\CNN\Test_TRIAL_DATASET_1-CLASS_1\seal\seal_10782.jpg,seal,walrus,27,17,walrus,"(['humpback whale', 'pig', 'seal', 'hippopotamus', 'giant panda'], [49.61, 33.32, 21.44, 14.39, 6.44])"
D:\ZSL\CNN\Test_TRIAL_DATASET_1-CLASS_1\seal\seal_10783.jpg,seal,walrus,27,17,walrus,"(['humpback whale', 'pig', 'seal', 'hippopotamus', 'giant panda'], [49.61, 33.32, 21.44, 14.39, 6.44])"
D:\ZSL\CNN\Test_TRIAL_DATASET_1-CLASS_1\seal\seal_10784.jpg,seal,walrus,27,17,walrus,"(['humpback whale', 'pig', 'seal', 'hippopotamus', 'giant panda'], [49.61, 33.32, 21.44, 14.39, 6.44])"
D:\ZSL\CNN\Test_TRIAL_DATASET_1-CLASS_1\seal\seal_10785.jpg,seal,walrus,27,17,walrus,"(['humpback whale', 'pig', 'seal', 'hippopotamus', 'giant panda'], [49.61, 33.32, 21.44, 14.39, 6.44])"
D:\ZSL\CNN\Test_TRIAL_DATASET_1-CLASS_1\seal\seal_10786.jpg,seal,walrus,27,17,walrus,"(['humpback whale', 'pig', 'seal', 'hippopotamus', 'giant panda'], [49.61, 33.32, 21.44, 14.39, 6.44])"
D:\ZSL\CNN\Test_TRIAL_DATASET_1-CLASS_1\seal\seal_10787.jpg,seal,walrus,27,17,walrus,"(['humpback whale', 'pig', 'seal', 'hippopotamus', 'giant panda'], [49.61, 33.32, 21.44, 14.39, 6.44])"
D:\ZSL\CNN\Test_TRIAL_DATASET_1-CLASS_1\seal\seal_10788.jpg,seal,bear,27,0,bear,"(['giant panda', 'raccoon', 'seal', 'pig', 'humpback whale'], [49.72, 40.56, 19.3, 8.36, 0.21])"
D:\ZSL\CNN\Test_TRIAL_DATASET_1-CLASS_1\seal\seal_10789.jpg,seal,walrus,27,17,walrus,"(['humpback whale', 'pig', 'seal', 'hippopotamus', 'giant panda'], [49.61, 33.32, 21.44, 14.39, 6.44])"
D:\ZSL\CNN\Test_TRIAL_DATASET_1-CLASS_1\seal\seal_10790.jpg,seal,dolphin,27,4,dolphin,"(['humpback whale', 'seal', 'leopard', 'rat', 'chimpanzee'], [72.35, 51.32, 7.29, -5.12, -8.04])"
D:\ZSL\CNN\Test_TRIAL_DATASET_1-CLASS_1\seal\seal_10791.jpg,seal,killer_whale,27,6,killer whale,"(['humpback whale', 'seal', 'giant panda', 'hippopotamus', 'chimpanzee'], [95.35, 19.41, 19.04, 8.86, -6.86])"
D:\ZSL\CNN\Test_TRIAL_DATASET_1-CLASS_1\seal\seal_10792.jpg,seal,walrus,27,17,walrus,"(['humpback whale', 'pig', 'seal', 'hippopotamus', 'giant panda'], [49.61, 33.32, 21.44, 14.39, 6.44])"
D:\ZSL\CNN\Test_TRIAL_DATASET_1-CLASS_1\seal\seal_10793.jpg,seal,dolphin,27,4,dolphin,"(['humpback whale', 'seal', 'leopard', 'rat', 'chimpanzee'], [72.35, 51.32, 7.29, -5.12, -8.04])"
D:\ZSL\CNN\Test_TRIAL_DATASET_1-CLASS_1\seal\seal_10794.jpg,seal,walrus,27,17,walrus,"(['humpback whale', 'pig', 'seal', 'hippopotamus', 'giant panda'], [49.61, 33.32, 21.44, 14.39, 6.44])"
D:\ZSL\CNN\Test_TRIAL_DATASET_1-CLASS_1\seal\seal_10795.jpg,seal,walrus,27,17,walrus,"(['humpback whale', 'pig', 'seal', 'hippopotamus', 'giant panda'], [49.61, 33.32, 21.44, 14.39, 6.44])"
D:\ZSL\CNN\Test_TRIAL_DATASET_1-CLASS_1\seal\seal_10796.jpg,seal,walrus,27,17,walrus,"(['humpback whale', 'pig', 'seal', 'hippopotamus', 'giant panda'], [49.61, 33.32, 21.44, 14.39, 6.44])"
D:\ZSL\CNN\Test_TRIAL_DATASET_1-CLASS_1\seal\seal_10797.jpg,seal,rhinoceros,27,12,rhinoceros,"(['hippopotamus', 'humpback whale', 'raccoon', 'persian cat', 'seal'], [48.51, 40.93, 28.97, 23.56, 11.96])"
D:\ZSL\CNN\Test_TRIAL_DATASET_1-CLASS_1\seal\seal_10798.jpg,seal,walrus,27,17,walrus,"(['humpback whale', 'pig', 'seal', 'hippopotamus', 'giant panda'], [49.61, 33.32, 21.44, 14.39, 6.44])"
D:\ZSL\CNN\Test_TRIAL_DATASET_1-CLASS_1\seal\seal_10799.jpg,seal,dolphin,27,4,dolphin,"(['humpback whale', 'seal', 'leopard', 'rat', 'chimpanzee'], [72.35, 51.32, 7.29, -5.12, -8.04])"
D:\ZSL\CNN\Test_TRIAL_DATASET_1-CLASS_1\seal\seal_10800.jpg,seal,bear,27,0,bear,"(['giant panda', 'raccoon', 'seal', 'pig', 'humpback whale'], [49.72, 40.56, 19.3, 8.36, 0.21])"
D:\ZSL\CNN\Test_TRIAL_DATASET_1-CLASS_1\seal\seal_10801.jpg,seal,bear,27,0,bear,"(['giant panda', 'raccoon', 'seal', 'pig', 'humpback whale'], [49.72, 40.56, 19.3, 8.36, 0.21])"
D:\ZSL\CNN\Test_TRIAL_DATASET_1-CLASS_1\seal\seal_10802.jpg,seal,walrus,27,17,walrus,"(['humpback whale', 'pig', 'seal', 'hippopotamus', 'giant panda'], [49.61, 33.32, 21.44, 14.39, 6.44])"
D:\ZSL\CNN\Test_TRIAL_DATASET_1-CLASS_1\seal\seal_10803.jpg,seal,walrus,27,17,walrus,"(['humpback whale', 'pig', 'seal', 'hippopotamus', 'giant panda'], [49.61, 33.32, 21.44, 14.39, 6.44])"
D:\ZSL\CNN\Test_TRIAL_DATASET_1-CLASS_1\seal\seal_10804.jpg,seal,mouse,27,9,mouse,"(['rat', 'leopard', 'pig', 'raccoon', 'persian cat'], [84.74, 53.94, 16.24, -3.35, -10.14])"
D:\ZSL\CNN\Test_TRIAL_DATASET_1-CLASS_1\seal\seal_10805.jpg,seal,walrus,27,17,walrus,"(['humpback whale', 'pig', 'seal', 'hippopotamus', 'giant panda'], [49.61, 33.32, 21.44, 14.39, 6.44])"
D:\ZSL\CNN\Test_TRIAL_DATASET_1-CLASS_1\seal\seal_10806.jpg,seal,rhinoceros,27,12,rhinoceros,"(['hippopotamus', 'humpback whale', 'raccoon', 'persian cat', 'seal'], [48.51, 40.93, 28.97, 23.56, 11.96])"
D:\ZSL\CNN\Test_TRIAL_DATASET_1-CLASS_1\seal\seal_10807.jpg,seal,dolphin,27,4,dolphin,"(['humpback whale', 'seal', 'leopard', 'rat', 'chimpanzee'], [72.35, 51.32, 7.29, -5.12, -8.04])"
D:\ZSL\CNN\Test_TRIAL_DATASET_1-CLASS_1\seal\seal_10808.jpg,seal,walrus,27,17,walrus,"(['humpback whale', 'pig', 'seal', 'hippopotamus', 'giant panda'], [49.61, 33.32, 21.44, 14.39, 6.44])"
D:\ZSL\CNN\Test_TRIAL_DATASET_1-CLASS_1\seal\seal_10809.jpg,seal,mouse,27,9,mouse,"(['rat', 'leopard', 'pig', 'raccoon', 'persian cat'], [84.74, 53.94, 16.24, -3.35, -10.14])"
D:\ZSL\CNN\Test_TRIAL_DATASET_1-CLASS_1\seal\seal_10810.jpg,seal,walrus,27,17,walrus,"(['humpback whale', 'pig', 'seal', 'hippopotamus', 'giant panda'], [49.61, 33.32, 21.44, 14.39, 6.44])"
D:\ZSL\CNN\Test_TRIAL_DATASET_1-CLASS_1\seal\seal_10811.jpg,seal,walrus,27,17,walrus,"(['humpback whale', 'pig', 'seal', 'hippopotamus', 'giant panda'], [49.61, 33.32, 21.44, 14.39, 6.44])"
D:\ZSL\CNN\Test_TRIAL_DATASET_1-CLASS_1\seal\seal_10812.jpg,seal,walrus,27,17,walrus,"(['humpback whale', 'pig', 'seal', 'hippopotamus', 'giant panda'], [49.61, 33.32, 21.44, 14.39, 6.44])"
D:\ZSL\CNN\Test_TRIAL_DATASET_1-CLASS_1\seal\seal_10813.jpg,seal,walrus,27,17,walrus,"(['humpback whale', 'pig', 'seal', 'hippopotamus', 'giant panda'], [49.61, 33.32, 21.44, 14.39, 6.44])"
D:\ZSL\CNN\Test_TRIAL_DATASET_1-CLASS_1\seal\seal_10814.jpg,seal,walrus,27,17,walrus,"(['humpback whale', 'pig', 'seal', 'hippopotamus', 'giant panda'], [49.61, 33.32, 21.44, 14.39, 6.44])"
D:\ZSL\CNN\Test_TRIAL_DATASET_1-CLASS_1\seal\seal_10815.jpg,seal,walrus,27,17,walrus,"(['humpback whale', 'pig', 'seal', 'hippopotamus', 'giant panda'], [49.61, 33.32, 21.44, 14.39, 6.44])"
D:\ZSL\CNN\Test_TRIAL_DATASET_1-CLASS_1\seal\seal_10816.jpg,seal,walrus,27,17,walrus,"(['humpback whale', 'pig', 'seal', 'hippopotamus', 'giant panda'], [49.61, 33.32, 21.44, 14.39, 6.44])"
D:\ZSL\CNN\Test_TRIAL_DATASET_1-CLASS_1\seal\seal_10817.jpg,seal,walrus,27,17,walrus,"(['humpback whale', 'pig', 'seal', 'hippopotamus', 'giant panda'], [49.61, 33.32, 21.44, 14.39, 6.44])"
D:\ZSL\CNN\Test_TRIAL_DATASET_1-CLASS_1\seal\seal_10818.jpg,seal,walrus,27,17,walrus,"(['humpback whale', 'pig', 'seal', 'hippopotamus', 'giant panda'], [49.61, 33.32, 21.44, 14.39, 6.44])"
D:\ZSL\CNN\Test_TRIAL_DATASET_1-CLASS_1\seal\seal_10819.jpg,seal,walrus,27,17,walrus,"(['humpback whale', 'pig', 'seal', 'hippopotamus', 'giant panda'], [49.61, 33.32, 21.44, 14.39, 6.44])"
D:\ZSL\CNN\Test_TRIAL_DATASET_1-CLASS_1\seal\seal_10820.jpg,seal,walrus,27,17,walrus,"(['humpback whale', 'pig', 'seal', 'hippopotamus', 'giant panda'], [49.61, 33.32, 21.44, 14.39, 6.44])"
D:\ZSL\CNN\Test_TRIAL_DATASET_1-CLASS_1\seal\seal_10821.jpg,seal,walrus,27,17,walrus,"(['humpback whale', 'pig', 'seal', 'hippopotamus', 'giant panda'], [49.61, 33.32, 21.44, 14.39, 6.44])"
D:\ZSL\CNN\Test_TRIAL_DATASET_1-CLASS_1\seal\seal_10822.jpg,seal,walrus,27,17,walrus,"(['humpback whale', 'pig', 'seal', 'hippopotamus', 'giant panda'], [49.61, 33.32, 21.44, 14.39, 6.44])"
D:\ZSL\CNN\Test_TRIAL_DATASET_1-CLASS_1\seal\seal_10823.jpg,seal,walrus,27,17,walrus,"(['humpback whale', 'pig', 'seal', 'hippopotamus', 'giant panda'], [49.61, 33.32, 21.44, 14.39, 6.44])"
D:\ZSL\CNN\Test_TRIAL_DATASET_1-CLASS_1\seal\seal_10824.jpg,seal,walrus,27,17,walrus,"(['humpback whale', 'pig', 'seal', 'hippopotamus', 'giant panda'], [49.61, 33.32, 21.44, 14.39, 6.44])"
D:\ZSL\CNN\Test_TRIAL_DATASET_1-CLASS_1\seal\seal_10825.jpg,seal,walrus,27,17,walrus,"(['humpback whale', 'pig', 'seal', 'hippopotamus', 'giant panda'], [49.61, 33.32, 21.44, 14.39, 6.44])"
D:\ZSL\CNN\Test_TRIAL_DATASET_1-CLASS_1\seal\seal_10826.jpg,seal,walrus,27,17,walrus,"(['humpback whale', 'pig', 'seal', 'hippopotamus', 'giant panda'], [49.61, 33.32, 21.44, 14.39, 6.44])"
D:\ZSL\CNN\Test_TRIAL_DATASET_1-CLASS_1\seal\seal_10827.jpg,seal,walrus,27,17,walrus,"(['humpback whale', 'pig', 'seal', 'hippopotamus', 'giant panda'], [49.61, 33.32, 21.44, 14.39, 6.44])"
D:\ZSL\CNN\Test_TRIAL_DATASET_1-CLASS_1\seal\seal_10828.jpg,seal,walrus,27,17,walrus,"(['humpback whale', 'pig', 'seal', 'hippopotamus', 'giant panda'], [49.61, 33.32, 21.44, 14.39, 6.44])"
D:\ZSL\CNN\Test_TRIAL_DATASET_1-CLASS_1\seal\seal_10829.jpg,seal,walrus,27,17,walrus,"(['humpback whale', 'pig', 'seal', 'hippopotamus', 'giant panda'], [49.61, 33.32, 21.44, 14.39, 6.44])"
D:\ZSL\CNN\Test_TRIAL_DATASET_1-CLASS_1\seal\seal_10830.jpg,seal,walrus,27,17,walrus,"(['humpback whale', 'pig', 'seal', 'hippopotamus', 'giant panda'], [49.61, 33.32, 21.44, 14.39, 6.44])"
D:\ZSL\CNN\Test_TRIAL_DATASET_1-CLASS_1\seal\seal_10831.jpg,seal,bear,27,0,bear,"(['giant panda', 'raccoon', 'seal', 'pig', 'humpback whale'], [49.72, 40.56, 19.3, 8.36, 0.21])"
D:\ZSL\CNN\Test_TRIAL_DATASET_1-CLASS_1\seal\seal_10832.jpg,seal,walrus,27,17,walrus,"(['humpback whale', 'pig', 'seal', 'hippopotamus', 'giant panda'], [49.61, 33.32, 21.44, 14.39, 6.44])"
D:\ZSL\CNN\Test_TRIAL_DATASET_1-CLASS_1\seal\seal_10833.jpg,seal,walrus,27,17,walrus,"(['humpback whale', 'pig', 'seal', 'hippopotamus', 'giant panda'], [49.61, 33.32, 21.44, 14.39, 6.44])"
D:\ZSL\CNN\Test_TRIAL_DATASET_1-CLASS_1\seal\seal_10834.jpg,seal,walrus,27,17,walrus,"(['humpback whale', 'pig', 'seal', 'hippopotamus', 'giant panda'], [49.61, 33.32, 21.44, 14.39, 6.44])"
D:\ZSL\CNN\Test_TRIAL_DATASET_1-CLASS_1\seal\seal_10835.jpg,seal,walrus,27,17,walrus,"(['humpback whale', 'pig', 'seal', 'hippopotamus', 'giant panda'], [49.61, 33.32, 21.44, 14.39, 6.44])"
D:\ZSL\CNN\Test_TRIAL_DATASET_1-CLASS_1\seal\seal_10836.jpg,seal,walrus,27,17,walrus,"(['humpback whale', 'pig', 'seal', 'hippopotamus', 'giant panda'], [49.61, 33.32, 21.44, 14.39, 6.44])"
D:\ZSL\CNN\Test_TRIAL_DATASET_1-CLASS_1\seal\seal_10837.jpg,seal,walrus,27,17,walrus,"(['humpback whale', 'pig', 'seal', 'hippopotamus', 'giant panda'], [49.61, 33.32, 21.44, 14.39, 6.44])"
D:\ZSL\CNN\Test_TRIAL_DATASET_1-CLASS_1\seal\seal_10838.jpg,seal,walrus,27,17,walrus,"(['humpback whale', 'pig', 'seal', 'hippopotamus', 'giant panda'], [49.61, 33.32, 21.44, 14.39, 6.44])"
D:\ZSL\CNN\Test_TRIAL_DATASET_1-CLASS_1\seal\seal_10839.jpg,seal,bear,27,0,bear,"(['giant panda', 'raccoon', 'seal', 'pig', 'humpback whale'], [49.72, 40.56, 19.3, 8.36, 0.21])"
D:\ZSL\CNN\Test_TRIAL_DATASET_1-CLASS_1\seal\seal_10840.jpg,seal,walrus,27,17,walrus,"(['humpback whale', 'pig', 'seal', 'hippopotamus', 'giant panda'], [49.61, 33.32, 21.44, 14.39, 6.44])"
D:\ZSL\CNN\Test_TRIAL_DATASET_1-CLASS_1\seal\seal_10841.jpg,seal,dolphin,27,4,dolphin,"(['humpback whale', 'seal', 'leopard', 'rat', 'chimpanzee'], [72.35, 51.32, 7.29, -5.12, -8.04])"
D:\ZSL\CNN\Test_TRIAL_DATASET_1-CLASS_1\seal\seal_10842.jpg,seal,walrus,27,17,walrus,"(['humpback whale', 'pig', 'seal', 'hippopotamus', 'giant panda'], [49.61, 33.32, 21.44, 14.39, 6.44])"
D:\ZSL\CNN\Test_TRIAL_DATASET_1-CLASS_1\seal\seal_10843.jpg,seal,walrus,27,17,walrus,"(['humpback whale', 'pig', 'seal', 'hippopotamus', 'giant panda'], [49.61, 33.32, 21.44, 14.39, 6.44])"
D:\ZSL\CNN\Test_TRIAL_DATASET_1-CLASS_1\seal\seal_10844.jpg,seal,dolphin,27,4,dolphin,"(['humpback whale', 'seal', 'leopard', 'rat', 'chimpanzee'], [72.35, 51.32, 7.29, -5.12, -8.04])"
D:\ZSL\CNN\Test_TRIAL_DATASET_1-CLASS_1\seal\seal_10845.jpg,seal,walrus,27,17,walrus,"(['humpback whale', 'pig', 'seal', 'hippopotamus', 'giant panda'], [49.61, 33.32, 21.44, 14.39, 6.44])"
D:\ZSL\CNN\Test_TRIAL_DATASET_1-CLASS_1\seal\seal_10846.jpg,seal,walrus,27,17,walrus,"(['humpback whale', 'pig', 'seal', 'hippopotamus', 'giant panda'], [49.61, 33.32, 21.44, 14.39, 6.44])"
D:\ZSL\CNN\Test_TRIAL_DATASET_1-CLASS_1\seal\seal_10847.jpg,seal,walrus,27,17,walrus,"(['humpback whale', 'pig', 'seal', 'hippopotamus', 'giant panda'], [49.61, 33.32, 21.44, 14.39, 6.44])"
D:\ZSL\CNN\Test_TRIAL_DATASET_1-CLASS_1\seal\seal_10848.jpg,seal,walrus,27,17,walrus,"(['humpback whale', 'pig', 'seal', 'hippopotamus', 'giant panda'], [49.61, 33.32, 21.44, 14.39, 6.44])"
D:\ZSL\CNN\Test_TRIAL_DATASET_1-CLASS_1\seal\seal_10849.jpg,seal,walrus,27,17,walrus,"(['humpback whale', 'pig', 'seal', 'hippopotamus', 'giant panda'], [49.61, 33.32, 21.44, 14.39, 6.44])"
D:\ZSL\CNN\Test_TRIAL_DATASET_1-CLASS_1\seal\seal_10850.jpg,seal,walrus,27,17,walrus,"(['humpback whale', 'pig', 'seal', 'hippopotamus', 'giant panda'], [49.61, 33.32, 21.44, 14.39, 6.44])"
D:\ZSL\CNN\Test_TRIAL_DATASET_1-CLASS_1\seal\seal_10851.jpg,seal,walrus,27,17,walrus,"(['humpback whale', 'pig', 'seal', 'hippopotamus', 'giant panda'], [49.61, 33.32, 21.44, 14.39, 6.44])"
D:\ZSL\CNN\Test_TRIAL_DATASET_1-CLASS_1\seal\seal_10852.jpg,seal,walrus,27,17,walrus,"(['humpback whale', 'pig', 'seal', 'hippopotamus', 'giant panda'], [49.61, 33.32, 21.44, 14.39, 6.44])"
D:\ZSL\CNN\Test_TRIAL_DATASET_1-CLASS_1\seal\seal_10853.jpg,seal,walrus,27,17,walrus,"(['humpback whale', 'pig', 'seal', 'hippopotamus', 'giant panda'], [49.61, 33.32, 21.44, 14.39, 6.44])"
D:\ZSL\CNN\Test_TRIAL_DATASET_1-CLASS_1\seal\seal_10854.jpg,seal,walrus,27,17,walrus,"(['humpback whale', 'pig', 'seal', 'hippopotamus', 'giant panda'], [49.61, 33.32, 21.44, 14.39, 6.44])"
D:\ZSL\CNN\Test_TRIAL_DATASET_1-CLASS_1\seal\seal_10855.jpg,seal,walrus,27,17,walrus,"(['humpback whale', 'pig', 'seal', 'hippopotamus', 'giant panda'], [49.61, 33.32, 21.44, 14.39, 6.44])"
D:\ZSL\CNN\Test_TRIAL_DATASET_1-CLASS_1\seal\seal_10856.jpg,seal,walrus,27,17,walrus,"(['humpback whale', 'pig', 'seal', 'hippopotamus', 'giant panda'], [49.61, 33.32, 21.44, 14.39, 6.44])"
D:\ZSL\CNN\Test_TRIAL_DATASET_1-CLASS_1\seal\seal_10857.jpg,seal,killer_whale,27,6,killer whale,"(['humpback whale', 'seal', 'giant panda', 'hippopotamus', 'chimpanzee'], [95.35, 19.41, 19.04, 8.86, -6.86])"
D:\ZSL\CNN\Test_TRIAL_DATASET_1-CLASS_1\seal\seal_10858.jpg,seal,dolphin,27,4,dolphin,"(['humpback whale', 'seal', 'leopard', 'rat', 'chimpanzee'], [72.35, 51.32, 7.29, -5.12, -8.04])"
D:\ZSL\CNN\Test_TRIAL_DATASET_1-CLASS_1\seal\seal_10859.jpg,seal,walrus,27,17,walrus,"(['humpback whale', 'pig', 'seal', 'hippopotamus', 'giant panda'], [49.61, 33.32, 21.44, 14.39, 6.44])"
D:\ZSL\CNN\Test_TRIAL_DATASET_1-CLASS_1\seal\seal_10860.jpg,seal,walrus,27,17,walrus,"(['humpback whale', 'pig', 'seal', 'hippopotamus', 'giant panda'], [49.61, 33.32, 21.44, 14.39, 6.44])"
D:\ZSL\CNN\Test_TRIAL_DATASET_1-CLASS_1\seal\seal_10861.jpg,seal,walrus,27,17,walrus,"(['humpback whale', 'pig', 'seal', 'hippopotamus', 'giant panda'], [49.61, 33.32, 21.44, 14.39, 6.44])"
D:\ZSL\CNN\Test_TRIAL_DATASET_1-CLASS_1\seal\seal_10862.jpg,seal,walrus,27,17,walrus,"(['humpback whale', 'pig', 'seal', 'hippopotamus', 'giant panda'], [49.61, 33.32, 21.44, 14.39, 6.44])"
D:\ZSL\CNN\Test_TRIAL_DATASET_1-CLASS_1\seal\seal_10863.jpg,seal,walrus,27,17,walrus,"(['humpback whale', 'pig', 'seal', 'hippopotamus', 'giant panda'], [49.61, 33.32, 21.44, 14.39, 6.44])"
D:\ZSL\CNN\Test_TRIAL_DATASET_1-CLASS_1\seal\seal_10864.jpg,seal,walrus,27,17,walrus,"(['humpback whale', 'pig', 'seal', 'hippopotamus', 'giant panda'], [49.61, 33.32, 21.44, 14.39, 6.44])"
D:\ZSL\CNN\Test_TRIAL_DATASET_1-CLASS_1\seal\seal_10865.jpg,seal,bear,27,0,bear,"(['giant panda', 'raccoon', 'seal', 'pig', 'humpback whale'], [49.72, 40.56, 19.3, 8.36, 0.21])"
D:\ZSL\CNN\Test_TRIAL_DATASET_1-CLASS_1\seal\seal_10866.jpg,seal,walrus,27,17,walrus,"(['humpback whale', 'pig', 'seal', 'hippopotamus', 'giant panda'], [49.61, 33.32, 21.44, 14.39, 6.44])"
D:\ZSL\CNN\Test_TRIAL_DATASET_1-CLASS_1\seal\seal_10867.jpg,seal,walrus,27,17,walrus,"(['humpback whale', 'pig', 'seal', 'hippopotamus', 'giant panda'], [49.61, 33.32, 21.44, 14.39, 6.44])"
D:\ZSL\CNN\Test_TRIAL_DATASET_1-CLASS_1\seal\seal_10868.jpg,seal,walrus,27,17,walrus,"(['humpback whale', 'pig', 'seal', 'hippopotamus', 'giant panda'], [49.61, 33.32, 21.44, 14.39, 6.44])"
D:\ZSL\CNN\Test_TRIAL_DATASET_1-CLASS_1\seal\seal_10869.jpg,seal,walrus,27,17,walrus,"(['humpback whale', 'pig', 'seal', 'hippopotamus', 'giant panda'], [49.61, 33.32, 21.44, 14.39, 6.44])"
D:\ZSL\CNN\Test_TRIAL_DATASET_1-CLASS_1\seal\seal_10870.jpg,seal,walrus,27,17,walrus,"(['humpback whale', 'pig', 'seal', 'hippopotamus', 'giant panda'], [49.61, 33.32, 21.44, 14.39, 6.44])"
D:\ZSL\CNN\Test_TRIAL_DATASET_1-CLASS_1\seal\seal_10871.jpg,seal,walrus,27,17,walrus,"(['humpback whale', 'pig', 'seal', 'hippopotamus', 'giant panda'], [49.61, 33.32, 21.44, 14.39, 6.44])"
D:\ZSL\CNN\Test_TRIAL_DATASET_1-CLASS_1\seal\seal_10872.jpg,seal,walrus,27,17,walrus,"(['humpback whale', 'pig', 'seal', 'hippopotamus', 'giant panda'], [49.61, 33.32, 21.44, 14.39, 6.44])"
D:\ZSL\CNN\Test_TRIAL_DATASET_1-CLASS_1\seal\seal_10873.jpg,seal,walrus,27,17,walrus,"(['humpback whale', 'pig', 'seal', 'hippopotamus', 'giant panda'], [49.61, 33.32, 21.44, 14.39, 6.44])"
D:\ZSL\CNN\Test_TRIAL_DATASET_1-CLASS_1\seal\seal_10874.jpg,seal,walrus,27,17,walrus,"(['humpback whale', 'pig', 'seal', 'hippopotamus', 'giant panda'], [49.61, 33.32, 21.44, 14.39, 6.44])"
D:\ZSL\CNN\Test_TRIAL_DATASET_1-CLASS_1\seal\seal_10875.jpg,seal,walrus,27,17,walrus,"(['humpback whale', 'pig', 'seal', 'hippopotamus', 'giant panda'], [49.61, 33.32, 21.44, 14.39, 6.44])"
D:\ZSL\CNN\Test_TRIAL_DATASET_1-CLASS_1\seal\seal_10876.jpg,seal,walrus,27,17,walrus,"(['humpback whale', 'pig', 'seal', 'hippopotamus', 'giant panda'], [49.61, 33.32, 21.44, 14.39, 6.44])"
D:\ZSL\CNN\Test_TRIAL_DATASET_1-CLASS_1\seal\seal_10877.jpg,seal,walrus,27,17,walrus,"(['humpback whale', 'pig', 'seal', 'hippopotamus', 'giant panda'], [49.61, 33.32, 21.44, 14.39, 6.44])"
D:\ZSL\CNN\Test_TRIAL_DATASET_1-CLASS_1\seal\seal_10878.jpg,seal,dolphin,27,4,dolphin,"(['humpback whale', 'seal', 'leopard', 'rat', 'chimpanzee'], [72.35, 51.32, 7.29, -5.12, -8.04])"
D:\ZSL\CNN\Test_TRIAL_DATASET_1-CLASS_1\seal\seal_10879.jpg,seal,walrus,27,17,walrus,"(['humpback whale', 'pig', 'seal', 'hippopotamus', 'giant panda'], [49.61, 33.32, 21.44, 14.39, 6.44])"
D:\ZSL\CNN\Test_TRIAL_DATASET_1-CLASS_1\seal\seal_10880.jpg,seal,walrus,27,17,walrus,"(['humpback whale', 'pig', 'seal', 'hippopotamus', 'giant panda'], [49.61, 33.32, 21.44, 14.39, 6.44])"
D:\ZSL\CNN\Test_TRIAL_DATASET_1-CLASS_1\seal\seal_10881.jpg,seal,walrus,27,17,walrus,"(['humpback whale', 'pig', 'seal', 'hippopotamus', 'giant panda'], [49.61, 33.32, 21.44, 14.39, 6.44])"
D:\ZSL\CNN\Test_TRIAL_DATASET_1-CLASS_1\seal\seal_10882.jpg,seal,walrus,27,17,walrus,"(['humpback whale', 'pig', 'seal', 'hippopotamus', 'giant panda'], [49.61, 33.32, 21.44, 14.39, 6.44])"
D:\ZSL\CNN\Test_TRIAL_DATASET_1-CLASS_1\seal\seal_10883.jpg,seal,walrus,27,17,walrus,"(['humpback whale', 'pig', 'seal', 'hippopotamus', 'giant panda'], [49.61, 33.32, 21.44, 14.39, 6.44])"
D:\ZSL\CNN\Test_TRIAL_DATASET_1-CLASS_1\seal\seal_10884.jpg,seal,walrus,27,17,walrus,"(['humpback whale', 'pig', 'seal', 'hippopotamus', 'giant panda'], [49.61, 33.32, 21.44, 14.39, 6.44])"
D:\ZSL\CNN\Test_TRIAL_DATASET_1-CLASS_1\seal\seal_10885.jpg,seal,walrus,27,17,walrus,"(['humpback whale', 'pig', 'seal', 'hippopotamus', 'giant panda'], [49.61, 33.32, 21.44, 14.39, 6.44])"
D:\ZSL\CNN\Test_TRIAL_DATASET_1-CLASS_1\seal\seal_10886.jpg,seal,dolphin,27,4,dolphin,"(['humpback whale', 'seal', 'leopard', 'rat', 'chimpanzee'], [72.35, 51.32, 7.29, -5.12, -8.04])"
D:\ZSL\CNN\Test_TRIAL_DATASET_1-CLASS_1\seal\seal_10887.jpg,seal,walrus,27,17,walrus,"(['humpback whale', 'pig', 'seal', 'hippopotamus', 'giant panda'], [49.61, 33.32, 21.44, 14.39, 6.44])"
D:\ZSL\CNN\Test_TRIAL_DATASET_1-CLASS_1\seal\seal_10888.jpg,seal,walrus,27,17,walrus,"(['humpback whale', 'pig', 'seal', 'hippopotamus', 'giant panda'], [49.61, 33.32, 21.44, 14.39, 6.44])"
D:\ZSL\CNN\Test_TRIAL_DATASET_1-CLASS_1\seal\seal_10889.jpg,seal,bear,27,0,bear,"(['giant panda', 'raccoon', 'seal', 'pig', 'humpback whale'], [49.72, 40.56, 19.3, 8.36, 0.21])"
D:\ZSL\CNN\Test_TRIAL_DATASET_1-CLASS_1\seal\seal_10890.jpg,seal,rhinoceros,27,12,rhinoceros,"(['hippopotamus', 'humpback whale', 'raccoon', 'persian cat', 'seal'], [48.51, 40.93, 28.97, 23.56, 11.96])"
D:\ZSL\CNN\Test_TRIAL_DATASET_1-CLASS_1\seal\seal_10891.jpg,seal,walrus,27,17,walrus,"(['humpback whale', 'pig', 'seal', 'hippopotamus', 'giant panda'], [49.61, 33.32, 21.44, 14.39, 6.44])"
D:\ZSL\CNN\Test_TRIAL_DATASET_1-CLASS_1\seal\seal_10892.jpg,seal,walrus,27,17,walrus,"(['humpback whale', 'pig', 'seal', 'hippopotamus', 'giant panda'], [49.61, 33.32, 21.44, 14.39, 6.44])"
D:\ZSL\CNN\Test_TRIAL_DATASET_1-CLASS_1\seal\seal_10893.jpg,seal,walrus,27,17,walrus,"(['humpback whale', 'pig', 'seal', 'hippopotamus', 'giant panda'], [49.61, 33.32, 21.44, 14.39, 6.44])"
D:\ZSL\CNN\Test_TRIAL_DATASET_1-CLASS_1\seal\seal_10894.jpg,seal,walrus,27,17,walrus,"(['humpback whale', 'pig', 'seal', 'hippopotamus', 'giant panda'], [49.61, 33.32, 21.44, 14.39, 6.44])"
D:\ZSL\CNN\Test_TRIAL_DATASET_1-CLASS_1\seal\seal_10895.jpg,seal,dolphin,27,4,dolphin,"(['humpback whale', 'seal', 'leopard', 'rat', 'chimpanzee'], [72.35, 51.32, 7.29, -5.12, -8.04])"
D:\ZSL\CNN\Test_TRIAL_DATASET_1-CLASS_1\seal\seal_10896.jpg,seal,walrus,27,17,walrus,"(['humpback whale', 'pig', 'seal', 'hippopotamus', 'giant panda'], [49.61, 33.32, 21.44, 14.39, 6.44])"
D:\ZSL\CNN\Test_TRIAL_DATASET_1-CLASS_1\seal\seal_10897.jpg,seal,walrus,27,17,walrus,"(['humpback whale', 'pig', 'seal', 'hippopotamus', 'giant panda'], [49.61, 33.32, 21.44, 14.39, 6.44])"
D:\ZSL\CNN\Test_TRIAL_DATASET_1-CLASS_1\seal\seal_10898.jpg,seal,walrus,27,17,walrus,"(['humpback whale', 'pig', 'seal', 'hippopotamus', 'giant panda'], [49.61, 33.32, 21.44, 14.39, 6.44])"
D:\ZSL\CNN\Test_TRIAL_DATASET_1-CLASS_1\seal\seal_10899.jpg,seal,walrus,27,17,walrus,"(['humpback whale', 'pig', 'seal', 'hippopotamus', 'giant panda'], [49.61, 33.32, 21.44, 14.39, 6.44])"
D:\ZSL\CNN\Test_TRIAL_DATASET_1-CLASS_1\seal\seal_10900.jpg,seal,walrus,27,17,walrus,"(['humpback whale', 'pig', 'seal', 'hippopotamus', 'giant panda'], [49.61, 33.32, 21.44, 14.39, 6.44])"
D:\ZSL\CNN\Test_TRIAL_DATASET_1-CLASS_1\seal\seal_10901.jpg,seal,walrus,27,17,walrus,"(['humpback whale', 'pig', 'seal', 'hippopotamus', 'giant panda'], [49.61, 33.32, 21.44, 14.39, 6.44])"
D:\ZSL\CNN\Test_TRIAL_DATASET_1-CLASS_1\seal\seal_10902.jpg,seal,walrus,27,17,walrus,"(['humpback whale', 'pig', 'seal', 'hippopotamus', 'giant panda'], [49.61, 33.32, 21.44, 14.39, 6.44])"
D:\ZSL\CNN\Test_TRIAL_DATASET_1-CLASS_1\seal\seal_10903.jpg,seal,dolphin,27,4,dolphin,"(['humpback whale', 'seal', 'leopard', 'rat', 'chimpanzee'], [72.35, 51.32, 7.29, -5.12, -8.04])"
D:\ZSL\CNN\Test_TRIAL_DATASET_1-CLASS_1\seal\seal_10904.jpg,seal,dolphin,27,4,dolphin,"(['humpback whale', 'seal', 'leopard', 'rat', 'chimpanzee'], [72.35, 51.32, 7.29, -5.12, -8.04])"
D:\ZSL\CNN\Test_TRIAL_DATASET_1-CLASS_1\seal\seal_10905.jpg,seal,walrus,27,17,walrus,"(['humpback whale', 'pig', 'seal', 'hippopotamus', 'giant panda'], [49.61, 33.32, 21.44, 14.39, 6.44])"
D:\ZSL\CNN\Test_TRIAL_DATASET_1-CLASS_1\seal\seal_10906.jpg,seal,walrus,27,17,walrus,"(['humpback whale', 'pig', 'seal', 'hippopotamus', 'giant panda'], [49.61, 33.32, 21.44, 14.39, 6.44])"
D:\ZSL\CNN\Test_TRIAL_DATASET_1-CLASS_1\seal\seal_10907.jpg,seal,walrus,27,17,walrus,"(['humpback whale', 'pig', 'seal', 'hippopotamus', 'giant panda'], [49.61, 33.32, 21.44, 14.39, 6.44])"
D:\ZSL\CNN\Test_TRIAL_DATASET_1-CLASS_1\seal\seal_10908.jpg,seal,walrus,27,17,walrus,"(['humpback whale', 'pig', 'seal', 'hippopotamus', 'giant panda'], [49.61, 33.32, 21.44, 14.39, 6.44])"
D:\ZSL\CNN\Test_TRIAL_DATASET_1-CLASS_1\seal\seal_10909.jpg,seal,walrus,27,17,walrus,"(['humpback whale', 'pig', 'seal', 'hippopotamus', 'giant panda'], [49.61, 33.32, 21.44, 14.39, 6.44])"
D:\ZSL\CNN\Test_TRIAL_DATASET_1-CLASS_1\seal\seal_10910.jpg,seal,dolphin,27,4,dolphin,"(['humpback whale', 'seal', 'leopard', 'rat', 'chimpanzee'], [72.35, 51.32, 7.29, -5.12, -8.04])"
D:\ZSL\CNN\Test_TRIAL_DATASET_1-CLASS_1\seal\seal_10911.jpg,seal,walrus,27,17,walrus,"(['humpback whale', 'pig', 'seal', 'hippopotamus', 'giant panda'], [49.61, 33.32, 21.44, 14.39, 6.44])"
D:\ZSL\CNN\Test_TRIAL_DATASET_1-CLASS_1\seal\seal_10912.jpg,seal,walrus,27,17,walrus,"(['humpback whale', 'pig', 'seal', 'hippopotamus', 'giant panda'], [49.61, 33.32, 21.44, 14.39, 6.44])"
D:\ZSL\CNN\Test_TRIAL_DATASET_1-CLASS_1\seal\seal_10913.jpg,seal,walrus,27,17,walrus,"(['humpback whale', 'pig', 'seal', 'hippopotamus', 'giant panda'], [49.61, 33.32, 21.44, 14.39, 6.44])"
D:\ZSL\CNN\Test_TRIAL_DATASET_1-CLASS_1\seal\seal_10914.jpg,seal,rhinoceros,27,12,rhinoceros,"(['hippopotamus', 'humpback whale', 'raccoon', 'persian cat', 'seal'], [48.51, 40.93, 28.97, 23.56, 11.96])"
D:\ZSL\CNN\Test_TRIAL_DATASET_1-CLASS_1\seal\seal_10915.jpg,seal,dolphin,27,4,dolphin,"(['humpback whale', 'seal', 'leopard', 'rat', 'chimpanzee'], [72.35, 51.32, 7.29, -5.12, -8.04])"
D:\ZSL\CNN\Test_TRIAL_DATASET_1-CLASS_1\seal\seal_10916.jpg,seal,bear,27,0,bear,"(['giant panda', 'raccoon', 'seal', 'pig', 'humpback whale'], [49.72, 40.56, 19.3, 8.36, 0.21])"
D:\ZSL\CNN\Test_TRIAL_DATASET_1-CLASS_1\seal\seal_10917.jpg,seal,walrus,27,17,walrus,"(['humpback whale', 'pig', 'seal', 'hippopotamus', 'giant panda'], [49.61, 33.32, 21.44, 14.39, 6.44])"
D:\ZSL\CNN\Test_TRIAL_DATASET_1-CLASS_1\seal\seal_10918.jpg,seal,walrus,27,17,walrus,"(['humpback whale', 'pig', 'seal', 'hippopotamus', 'giant panda'], [49.61, 33.32, 21.44, 14.39, 6.44])"
D:\ZSL\CNN\Test_TRIAL_DATASET_1-CLASS_1\seal\seal_10919.jpg,seal,walrus,27,17,walrus,"(['humpback whale', 'pig', 'seal', 'hippopotamus', 'giant panda'], [49.61, 33.32, 21.44, 14.39, 6.44])"
D:\ZSL\CNN\Test_TRIAL_DATASET_1-CLASS_1\seal\seal_10920.jpg,seal,walrus,27,17,walrus,"(['humpback whale', 'pig', 'seal', 'hippopotamus', 'giant panda'], [49.61, 33.32, 21.44, 14.39, 6.44])"
D:\ZSL\CNN\Test_TRIAL_DATASET_1-CLASS_1\seal\seal_10921.jpg,seal,walrus,27,17,walrus,"(['humpback whale', 'pig', 'seal', 'hippopotamus', 'giant panda'], [49.61, 33.32, 21.44, 14.39, 6.44])"
D:\ZSL\CNN\Test_TRIAL_DATASET_1-CLASS_1\seal\seal_10922.jpg,seal,walrus,27,17,walrus,"(['humpback whale', 'pig', 'seal', 'hippopotamus', 'giant panda'], [49.61, 33.32, 21.44, 14.39, 6.44])"
D:\ZSL\CNN\Test_TRIAL_DATASET_1-CLASS_1\seal\seal_10923.jpg,seal,dolphin,27,4,dolphin,"(['humpback whale', 'seal', 'leopard', 'rat', 'chimpanzee'], [72.35, 51.32, 7.29, -5.12, -8.04])"
D:\ZSL\CNN\Test_TRIAL_DATASET_1-CLASS_1\seal\seal_10924.jpg,seal,dolphin,27,4,dolphin,"(['humpback whale', 'seal', 'leopard', 'rat', 'chimpanzee'], [72.35, 51.32, 7.29, -5.12, -8.04])"
D:\ZSL\CNN\Test_TRIAL_DATASET_1-CLASS_1\seal\seal_10925.jpg,seal,mouse,27,9,mouse,"(['rat', 'leopard', 'pig', 'raccoon', 'persian cat'], [84.74, 53.94, 16.24, -3.35, -10.14])"
D:\ZSL\CNN\Test_TRIAL_DATASET_1-CLASS_1\seal\seal_10926.jpg,seal,walrus,27,17,walrus,"(['humpback whale', 'pig', 'seal', 'hippopotamus', 'giant panda'], [49.61, 33.32, 21.44, 14.39, 6.44])"
D:\ZSL\CNN\Test_TRIAL_DATASET_1-CLASS_1\seal\seal_10927.jpg,seal,dolphin,27,4,dolphin,"(['humpback whale', 'seal', 'leopard', 'rat', 'chimpanzee'], [72.35, 51.32, 7.29, -5.12, -8.04])"
D:\ZSL\CNN\Test_TRIAL_DATASET_1-CLASS_1\seal\seal_10928.jpg,seal,dolphin,27,4,dolphin,"(['humpback whale', 'seal', 'leopard', 'rat', 'chimpanzee'], [72.35, 51.32, 7.29, -5.12, -8.04])"
D:\ZSL\CNN\Test_TRIAL_DATASET_1-CLASS_1\seal\seal_10929.jpg,seal,dolphin,27,4,dolphin,"(['humpback whale', 'seal', 'leopard', 'rat', 'chimpanzee'], [72.35, 51.32, 7.29, -5.12, -8.04])"
D:\ZSL\CNN\Test_TRIAL_DATASET_1-CLASS_1\seal\seal_10930.jpg,seal,rhinoceros,27,12,rhinoceros,"(['hippopotamus', 'humpback whale', 'raccoon', 'persian cat', 'seal'], [48.51, 40.93, 28.97, 23.56, 11.96])"
D:\ZSL\CNN\Test_TRIAL_DATASET_1-CLASS_1\seal\seal_10931.jpg,seal,walrus,27,17,walrus,"(['humpback whale', 'pig', 'seal', 'hippopotamus', 'giant panda'], [49.61, 33.32, 21.44, 14.39, 6.44])"
D:\ZSL\CNN\Test_TRIAL_DATASET_1-CLASS_1\seal\seal_10932.jpg,seal,walrus,27,17,walrus,"(['humpback whale', 'pig', 'seal', 'hippopotamus', 'giant panda'], [49.61, 33.32, 21.44, 14.39, 6.44])"
D:\ZSL\CNN\Test_TRIAL_DATASET_1-CLASS_1\seal\seal_10933.jpg,seal,dolphin,27,4,dolphin,"(['humpback whale', 'seal', 'leopard', 'rat', 'chimpanzee'], [72.35, 51.32, 7.29, -5.12, -8.04])"
D:\ZSL\CNN\Test_TRIAL_DATASET_1-CLASS_1\seal\seal_10934.jpg,seal,dolphin,27,4,dolphin,"(['humpback whale', 'seal', 'leopard', 'rat', 'chimpanzee'], [72.35, 51.32, 7.29, -5.12, -8.04])"
D:\ZSL\CNN\Test_TRIAL_DATASET_1-CLASS_1\seal\seal_10935.jpg,seal,walrus,27,17,walrus,"(['humpback whale', 'pig', 'seal', 'hippopotamus', 'giant panda'], [49.61, 33.32, 21.44, 14.39, 6.44])"
D:\ZSL\CNN\Test_TRIAL_DATASET_1-CLASS_1\seal\seal_10936.jpg,seal,walrus,27,17,walrus,"(['humpback whale', 'pig', 'seal', 'hippopotamus', 'giant panda'], [49.61, 33.32, 21.44, 14.39, 6.44])"
D:\ZSL\CNN\Test_TRIAL_DATASET_1-CLASS_1\seal\seal_10937.jpg,seal,bear,27,0,bear,"(['giant panda', 'raccoon', 'seal', 'pig', 'humpback whale'], [49.72, 40.56, 19.3, 8.36, 0.21])"
D:\ZSL\CNN\Test_TRIAL_DATASET_1-CLASS_1\seal\seal_10938.jpg,seal,walrus,27,17,walrus,"(['humpback whale', 'pig', 'seal', 'hippopotamus', 'giant panda'], [49.61, 33.32, 21.44, 14.39, 6.44])"
D:\ZSL\CNN\Test_TRIAL_DATASET_1-CLASS_1\seal\seal_10939.jpg,seal,walrus,27,17,walrus,"(['humpback whale', 'pig', 'seal', 'hippopotamus', 'giant panda'], [49.61, 33.32, 21.44, 14.39, 6.44])"
D:\ZSL\CNN\Test_TRIAL_DATASET_1-CLASS_1\seal\seal_10940.jpg,seal,walrus,27,17,walrus,"(['humpback whale', 'pig', 'seal', 'hippopotamus', 'giant panda'], [49.61, 33.32, 21.44, 14.39, 6.44])"
D:\ZSL\CNN\Test_TRIAL_DATASET_1-CLASS_1\seal\seal_10941.jpg,seal,walrus,27,17,walrus,"(['humpback whale', 'pig', 'seal', 'hippopotamus', 'giant panda'], [49.61, 33.32, 21.44, 14.39, 6.44])"
D:\ZSL\CNN\Test_TRIAL_DATASET_1-CLASS_1\seal\seal_10942.jpg,seal,walrus,27,17,walrus,"(['humpback whale', 'pig', 'seal', 'hippopotamus', 'giant panda'], [49.61, 33.32, 21.44, 14.39, 6.44])"
D:\ZSL\CNN\Test_TRIAL_DATASET_1-CLASS_1\seal\seal_10943.jpg,seal,walrus,27,17,walrus,"(['humpback whale', 'pig', 'seal', 'hippopotamus', 'giant panda'], [49.61, 33.32, 21.44, 14.39, 6.44])"
D:\ZSL\CNN\Test_TRIAL_DATASET_1-CLASS_1\seal\seal_10944.jpg,seal,walrus,27,17,walrus,"(['humpback whale', 'pig', 'seal', 'hippopotamus', 'giant panda'], [49.61, 33.32, 21.44, 14.39, 6.44])"
D:\ZSL\CNN\Test_TRIAL_DATASET_1-CLASS_1\seal\seal_10945.jpg,seal,walrus,27,17,walrus,"(['humpback whale', 'pig', 'seal', 'hippopotamus', 'giant panda'], [49.61, 33.32, 21.44, 14.39, 6.44])"
D:\ZSL\CNN\Test_TRIAL_DATASET_1-CLASS_1\seal\seal_10946.jpg,seal,walrus,27,17,walrus,"(['humpback whale', 'pig', 'seal', 'hippopotamus', 'giant panda'], [49.61, 33.32, 21.44, 14.39, 6.44])"
D:\ZSL\CNN\Test_TRIAL_DATASET_1-CLASS_1\seal\seal_10947.jpg,seal,walrus,27,17,walrus,"(['humpback whale', 'pig', 'seal', 'hippopotamus', 'giant panda'], [49.61, 33.32, 21.44, 14.39, 6.44])"
D:\ZSL\CNN\Test_TRIAL_DATASET_1-CLASS_1\seal\seal_10948.jpg,seal,walrus,27,17,walrus,"(['humpback whale', 'pig', 'seal', 'hippopotamus', 'giant panda'], [49.61, 33.32, 21.44, 14.39, 6.44])"
D:\ZSL\CNN\Test_TRIAL_DATASET_1-CLASS_1\seal\seal_10949.jpg,seal,dolphin,27,4,dolphin,"(['humpback whale', 'seal', 'leopard', 'rat', 'chimpanzee'], [72.35, 51.32, 7.29, -5.12, -8.04])"
D:\ZSL\CNN\Test_TRIAL_DATASET_1-CLASS_1\seal\seal_10950.jpg,seal,dolphin,27,4,dolphin,"(['humpback whale', 'seal', 'leopard', 'rat', 'chimpanzee'], [72.35, 51.32, 7.29, -5.12, -8.04])"
D:\ZSL\CNN\Test_TRIAL_DATASET_1-CLASS_1\seal\seal_10951.jpg,seal,bear,27,0,bear,"(['giant panda', 'raccoon', 'seal', 'pig', 'humpback whale'], [49.72, 40.56, 19.3, 8.36, 0.21])"
D:\ZSL\CNN\Test_TRIAL_DATASET_1-CLASS_1\seal\seal_10952.jpg,seal,rhinoceros,27,12,rhinoceros,"(['hippopotamus', 'humpback whale', 'raccoon', 'persian cat', 'seal'], [48.51, 40.93, 28.97, 23.56, 11.96])"
D:\ZSL\CNN\Test_TRIAL_DATASET_1-CLASS_1\seal\seal_10953.jpg,seal,dolphin,27,4,dolphin,"(['humpback whale', 'seal', 'leopard', 'rat', 'chimpanzee'], [72.35, 51.32, 7.29, -5.12, -8.04])"
D:\ZSL\CNN\Test_TRIAL_DATASET_1-CLASS_1\seal\seal_10954.jpg,seal,walrus,27,17,walrus,"(['humpback whale', 'pig', 'seal', 'hippopotamus', 'giant panda'], [49.61, 33.32, 21.44, 14.39, 6.44])"
D:\ZSL\CNN\Test_TRIAL_DATASET_1-CLASS_1\seal\seal_10955.jpg,seal,walrus,27,17,walrus,"(['humpback whale', 'pig', 'seal', 'hippopotamus', 'giant panda'], [49.61, 33.32, 21.44, 14.39, 6.44])"
D:\ZSL\CNN\Test_TRIAL_DATASET_1-CLASS_1\seal\seal_10956.jpg,seal,walrus,27,17,walrus,"(['humpback whale', 'pig', 'seal', 'hippopotamus', 'giant panda'], [49.61, 33.32, 21.44, 14.39, 6.44])"
D:\ZSL\CNN\Test_TRIAL_DATASET_1-CLASS_1\seal\seal_10957.jpg,seal,walrus,27,17,walrus,"(['humpback whale', 'pig', 'seal', 'hippopotamus', 'giant panda'], [49.61, 33.32, 21.44, 14.39, 6.44])"
D:\ZSL\CNN\Test_TRIAL_DATASET_1-CLASS_1\seal\seal_10958.jpg,seal,walrus,27,17,walrus,"(['humpback whale', 'pig', 'seal', 'hippopotamus', 'giant panda'], [49.61, 33.32, 21.44, 14.39, 6.44])"
D:\ZSL\CNN\Test_TRIAL_DATASET_1-CLASS_1\seal\seal_10959.jpg,seal,walrus,27,17,walrus,"(['humpback whale', 'pig', 'seal', 'hippopotamus', 'giant panda'], [49.61, 33.32, 21.44, 14.39, 6.44])"
D:\ZSL\CNN\Test_TRIAL_DATASET_1-CLASS_1\seal\seal_10960.jpg,seal,walrus,27,17,walrus,"(['humpback whale', 'pig', 'seal', 'hippopotamus', 'giant panda'], [49.61, 33.32, 21.44, 14.39, 6.44])"
D:\ZSL\CNN\Test_TRIAL_DATASET_1-CLASS_1\seal\seal_10961.jpg,seal,walrus,27,17,walrus,"(['humpback whale', 'pig', 'seal', 'hippopotamus', 'giant panda'], [49.61, 33.32, 21.44, 14.39, 6.44])"
D:\ZSL\CNN\Test_TRIAL_DATASET_1-CLASS_1\seal\seal_10962.jpg,seal,walrus,27,17,walrus,"(['humpback whale', 'pig', 'seal', 'hippopotamus', 'giant panda'], [49.61, 33.32, 21.44, 14.39, 6.44])"
D:\ZSL\CNN\Test_TRIAL_DATASET_1-CLASS_1\seal\seal_10963.jpg,seal,walrus,27,17,walrus,"(['humpback whale', 'pig', 'seal', 'hippopotamus', 'giant panda'], [49.61, 33.32, 21.44, 14.39, 6.44])"
D:\ZSL\CNN\Test_TRIAL_DATASET_1-CLASS_1\seal\seal_10964.jpg,seal,walrus,27,17,walrus,"(['humpback whale', 'pig', 'seal', 'hippopotamus', 'giant panda'], [49.61, 33.32, 21.44, 14.39, 6.44])"
D:\ZSL\CNN\Test_TRIAL_DATASET_1-CLASS_1\seal\seal_10965.jpg,seal,walrus,27,17,walrus,"(['humpback whale', 'pig', 'seal', 'hippopotamus', 'giant panda'], [49.61, 33.32, 21.44, 14.39, 6.44])"
D:\ZSL\CNN\Test_TRIAL_DATASET_1-CLASS_1\seal\seal_10966.jpg,seal,walrus,27,17,walrus,"(['humpback whale', 'pig', 'seal', 'hippopotamus', 'giant panda'], [49.61, 33.32, 21.44, 14.39, 6.44])"
D:\ZSL\CNN\Test_TRIAL_DATASET_1-CLASS_1\seal\seal_10967.jpg,seal,bear,27,0,bear,"(['giant panda', 'raccoon', 'seal', 'pig', 'humpback whale'], [49.72, 40.56, 19.3, 8.36, 0.21])"
D:\ZSL\CNN\Test_TRIAL_DATASET_1-CLASS_1\seal\seal_10968.jpg,seal,walrus,27,17,walrus,"(['humpback whale', 'pig', 'seal', 'hippopotamus', 'giant panda'], [49.61, 33.32, 21.44, 14.39, 6.44])"
D:\ZSL\CNN\Test_TRIAL_DATASET_1-CLASS_1\seal\seal_10969.jpg,seal,walrus,27,17,walrus,"(['humpback whale', 'pig', 'seal', 'hippopotamus', 'giant panda'], [49.61, 33.32, 21.44, 14.39, 6.44])"
D:\ZSL\CNN\Test_TRIAL_DATASET_1-CLASS_1\seal\seal_10970.jpg,seal,walrus,27,17,walrus,"(['humpback whale', 'pig', 'seal', 'hippopotamus', 'giant panda'], [49.61, 33.32, 21.44, 14.39, 6.44])"
D:\ZSL\CNN\Test_TRIAL_DATASET_1-CLASS_1\seal\seal_10971.jpg,seal,walrus,27,17,walrus,"(['humpback whale', 'pig', 'seal', 'hippopotamus', 'giant panda'], [49.61, 33.32, 21.44, 14.39, 6.44])"
D:\ZSL\CNN\Test_TRIAL_DATASET_1-CLASS_1\seal\seal_10972.jpg,seal,walrus,27,17,walrus,"(['humpback whale', 'pig', 'seal', 'hippopotamus', 'giant panda'], [49.61, 33.32, 21.44, 14.39, 6.44])"
D:\ZSL\CNN\Test_TRIAL_DATASET_1-CLASS_1\seal\seal_10973.jpg,seal,walrus,27,17,walrus,"(['humpback whale', 'pig', 'seal', 'hippopotamus', 'giant panda'], [49.61, 33.32, 21.44, 14.39, 6.44])"
D:\ZSL\CNN\Test_TRIAL_DATASET_1-CLASS_1\seal\seal_10974.jpg,seal,walrus,27,17,walrus,"(['humpback whale', 'pig', 'seal', 'hippopotamus', 'giant panda'], [49.61, 33.32, 21.44, 14.39, 6.44])"
D:\ZSL\CNN\Test_TRIAL_DATASET_1-CLASS_1\seal\seal_10975.jpg,seal,walrus,27,17,walrus,"(['humpback whale', 'pig', 'seal', 'hippopotamus', 'giant panda'], [49.61, 33.32, 21.44, 14.39, 6.44])"
D:\ZSL\CNN\Test_TRIAL_DATASET_1-CLASS_1\seal\seal_10976.jpg,seal,walrus,27,17,walrus,"(['humpback whale', 'pig', 'seal', 'hippopotamus', 'giant panda'], [49.61, 33.32, 21.44, 14.39, 6.44])"
D:\ZSL\CNN\Test_TRIAL_DATASET_1-CLASS_1\seal\seal_10977.jpg,seal,walrus,27,17,walrus,"(['humpback whale', 'pig', 'seal', 'hippopotamus', 'giant panda'], [49.61, 33.32, 21.44, 14.39, 6.44])"
D:\ZSL\CNN\Test_TRIAL_DATASET_1-CLASS_1\seal\seal_10978.jpg,seal,walrus,27,17,walrus,"(['humpback whale', 'pig', 'seal', 'hippopotamus', 'giant panda'], [49.61, 33.32, 21.44, 14.39, 6.44])"
D:\ZSL\CNN\Test_TRIAL_DATASET_1-CLASS_1\seal\seal_10979.jpg,seal,walrus,27,17,walrus,"(['humpback whale', 'pig', 'seal', 'hippopotamus', 'giant panda'], [49.61, 33.32, 21.44, 14.39, 6.44])"
D:\ZSL\CNN\Test_TRIAL_DATASET_1-CLASS_1\seal\seal_10980.jpg,seal,walrus,27,17,walrus,"(['humpback whale', 'pig', 'seal', 'hippopotamus', 'giant panda'], [49.61, 33.32, 21.44, 14.39, 6.44])"
D:\ZSL\CNN\Test_TRIAL_DATASET_1-CLASS_1\seal\seal_10981.jpg,seal,walrus,27,17,walrus,"(['humpback whale', 'pig', 'seal', 'hippopotamus', 'giant panda'], [49.61, 33.32, 21.44, 14.39, 6.44])"
D:\ZSL\CNN\Test_TRIAL_DATASET_1-CLASS_1\seal\seal_10982.jpg,seal,bear,27,0,bear,"(['giant panda', 'raccoon', 'seal', 'pig', 'humpback whale'], [49.72, 40.56, 19.3, 8.36, 0.21])"
D:\ZSL\CNN\Test_TRIAL_DATASET_1-CLASS_1\seal\seal_10983.jpg,seal,bear,27,0,bear,"(['giant panda', 'raccoon', 'seal', 'pig', 'humpback whale'], [49.72, 40.56, 19.3, 8.36, 0.21])"
D:\ZSL\CNN\Test_TRIAL_DATASET_1-CLASS_1\seal\seal_10984.jpg,seal,dolphin,27,4,dolphin,"(['humpback whale', 'seal', 'leopard', 'rat', 'chimpanzee'], [72.35, 51.32, 7.29, -5.12, -8.04])"
D:\ZSL\CNN\Test_TRIAL_DATASET_1-CLASS_1\seal\seal_10985.jpg,seal,walrus,27,17,walrus,"(['humpback whale', 'pig', 'seal', 'hippopotamus', 'giant panda'], [49.61, 33.32, 21.44, 14.39, 6.44])"
D:\ZSL\CNN\Test_TRIAL_DATASET_1-CLASS_1\seal\seal_10986.jpg,seal,walrus,27,17,walrus,"(['humpback whale', 'pig', 'seal', 'hippopotamus', 'giant panda'], [49.61, 33.32, 21.44, 14.39, 6.44])"
D:\ZSL\CNN\Test_TRIAL_DATASET_1-CLASS_1\seal\seal_10987.jpg,seal,rhinoceros,27,12,rhinoceros,"(['hippopotamus', 'humpback whale', 'raccoon', 'persian cat', 'seal'], [48.51, 40.93, 28.97, 23.56, 11.96])"
D:\ZSL\CNN\Test_TRIAL_DATASET_1-CLASS_1\seal\seal_10988.jpg,seal,walrus,27,17,walrus,"(['humpback whale', 'pig', 'seal', 'hippopotamus', 'giant panda'], [49.61, 33.32, 21.44, 14.39, 6.44])"
