image_path,image_label,pred_image_label,act_label,pred_label,cleaned_pred_label,top5_similar_labels_with_scores
D:\ZSL\CNN\Test_TRIAL_DATASET_1-CLASS_1\leopard\leopard_10001.jpg,leopard,bobcat,22,2,bobcat,"(['raccoon', 'persian cat', 'humpback whale', 'leopard', 'giant panda'], [59.41, 32.03, 16.81, 10.53, 3.26])"
D:\ZSL\CNN\Test_TRIAL_DATASET_1-CLASS_1\leopard\leopard_10002.jpg,leopard,bobcat,22,2,bobcat,"(['raccoon', 'persian cat', 'humpback whale', 'leopard', 'giant panda'], [59.41, 32.03, 16.81, 10.53, 3.26])"
D:\ZSL\CNN\Test_TRIAL_DATASET_1-CLASS_1\leopard\leopard_10003.jpg,leopard,bobcat,22,2,bobcat,"(['raccoon', 'persian cat', 'humpback whale', 'leopard', 'giant panda'], [59.41, 32.03, 16.81, 10.53, 3.26])"
D:\ZSL\CNN\Test_TRIAL_DATASET_1-CLASS_1\leopard\leopard_10004.jpg,leopard,bobcat,22,2,bobcat,"(['raccoon', 'persian cat', 'humpback whale', 'leopard', 'giant panda'], [59.41, 32.03, 16.81, 10.53, 3.26])"
D:\ZSL\CNN\Test_TRIAL_DATASET_1-CLASS_1\leopard\leopard_10005.jpg,leopard,bobcat,22,2,bobcat,"(['raccoon', 'persian cat', 'humpback whale', 'leopard', 'giant panda'], [59.41, 32.03, 16.81, 10.53, 3.26])"
D:\ZSL\CNN\Test_TRIAL_DATASET_1-CLASS_1\leopard\leopard_10006.jpg,leopard,bobcat,22,2,bobcat,"(['raccoon', 'persian cat', 'humpback whale', 'leopard', 'giant panda'], [59.41, 32.03, 16.81, 10.53, 3.26])"
D:\ZSL\CNN\Test_TRIAL_DATASET_1-CLASS_1\leopard\leopard_10007.jpg,leopard,bobcat,22,2,bobcat,"(['raccoon', 'persian cat', 'humpback whale', 'leopard', 'giant panda'], [59.41, 32.03, 16.81, 10.53, 3.26])"
D:\ZSL\CNN\Test_TRIAL_DATASET_1-CLASS_1\leopard\leopard_10008.jpg,leopard,bobcat,22,2,bobcat,"(['raccoon', 'persian cat', 'humpback whale', 'leopard', 'giant panda'], [59.41, 32.03, 16.81, 10.53, 3.26])"
D:\ZSL\CNN\Test_TRIAL_DATASET_1-CLASS_1\leopard\leopard_10009.jpg,leopard,tiger,22,16,tiger,"(['leopard', 'giant panda', 'persian cat', 'seal', 'pig'], [75.51, 32.01, 21.95, 9.29, -0.46])"
D:\ZSL\CNN\Test_TRIAL_DATASET_1-CLASS_1\leopard\leopard_10010.jpg,leopard,tiger,22,16,tiger,"(['leopard', 'giant panda', 'persian cat', 'seal', 'pig'], [75.51, 32.01, 21.95, 9.29, -0.46])"
D:\ZSL\CNN\Test_TRIAL_DATASET_1-CLASS_1\leopard\leopard_10011.jpg,leopard,bobcat,22,2,bobcat,"(['raccoon', 'persian cat', 'humpback whale', 'leopard', 'giant panda'], [59.41, 32.03, 16.81, 10.53, 3.26])"
D:\ZSL\CNN\Test_TRIAL_DATASET_1-CLASS_1\leopard\leopard_10012.jpg,leopard,bobcat,22,2,bobcat,"(['raccoon', 'persian cat', 'humpback whale', 'leopard', 'giant panda'], [59.41, 32.03, 16.81, 10.53, 3.26])"
D:\ZSL\CNN\Test_TRIAL_DATASET_1-CLASS_1\leopard\leopard_10013.jpg,leopard,bobcat,22,2,bobcat,"(['raccoon', 'persian cat', 'humpback whale', 'leopard', 'giant panda'], [59.41, 32.03, 16.81, 10.53, 3.26])"
D:\ZSL\CNN\Test_TRIAL_DATASET_1-CLASS_1\leopard\leopard_10014.jpg,leopard,bobcat,22,2,bobcat,"(['raccoon', 'persian cat', 'humpback whale', 'leopard', 'giant panda'], [59.41, 32.03, 16.81, 10.53, 3.26])"
D:\ZSL\CNN\Test_TRIAL_DATASET_1-CLASS_1\leopard\leopard_10015.jpg,leopard,bobcat,22,2,bobcat,"(['raccoon', 'persian cat', 'humpback whale', 'leopard', 'giant panda'], [59.41, 32.03, 16.81, 10.53, 3.26])"
D:\ZSL\CNN\Test_TRIAL_DATASET_1-CLASS_1\leopard\leopard_10016.jpg,leopard,bobcat,22,2,bobcat,"(['raccoon', 'persian cat', 'humpback whale', 'leopard', 'giant panda'], [59.41, 32.03, 16.81, 10.53, 3.26])"
D:\ZSL\CNN\Test_TRIAL_DATASET_1-CLASS_1\leopard\leopard_10017.jpg,leopard,bobcat,22,2,bobcat,"(['raccoon', 'persian cat', 'humpback whale', 'leopard', 'giant panda'], [59.41, 32.03, 16.81, 10.53, 3.26])"
D:\ZSL\CNN\Test_TRIAL_DATASET_1-CLASS_1\leopard\leopard_10018.jpg,leopard,bobcat,22,2,bobcat,"(['raccoon', 'persian cat', 'humpback whale', 'leopard', 'giant panda'], [59.41, 32.03, 16.81, 10.53, 3.26])"
D:\ZSL\CNN\Test_TRIAL_DATASET_1-CLASS_1\leopard\leopard_10019.jpg,leopard,bobcat,22,2,bobcat,"(['raccoon', 'persian cat', 'humpback whale', 'leopard', 'giant panda'], [59.41, 32.03, 16.81, 10.53, 3.26])"
D:\ZSL\CNN\Test_TRIAL_DATASET_1-CLASS_1\leopard\leopard_10020.jpg,leopard,bobcat,22,2,bobcat,"(['raccoon', 'persian cat', 'humpback whale', 'leopard', 'giant panda'], [59.41, 32.03, 16.81, 10.53, 3.26])"
D:\ZSL\CNN\Test_TRIAL_DATASET_1-CLASS_1\leopard\leopard_10021.jpg,leopard,bobcat,22,2,bobcat,"(['raccoon', 'persian cat', 'humpback whale', 'leopard', 'giant panda'], [59.41, 32.03, 16.81, 10.53, 3.26])"
D:\ZSL\CNN\Test_TRIAL_DATASET_1-CLASS_1\leopard\leopard_10022.jpg,leopard,bobcat,22,2,bobcat,"(['raccoon', 'persian cat', 'humpback whale', 'leopard', 'giant panda'], [59.41, 32.03, 16.81, 10.53, 3.26])"
D:\ZSL\CNN\Test_TRIAL_DATASET_1-CLASS_1\leopard\leopard_10023.jpg,leopard,bobcat,22,2,bobcat,"(['raccoon', 'persian cat', 'humpback whale', 'leopard', 'giant panda'], [59.41, 32.03, 16.81, 10.53, 3.26])"
D:\ZSL\CNN\Test_TRIAL_DATASET_1-CLASS_1\leopard\leopard_10024.jpg,leopard,bobcat,22,2,bobcat,"(['raccoon', 'persian cat', 'humpback whale', 'leopard', 'giant panda'], [59.41, 32.03, 16.81, 10.53, 3.26])"
D:\ZSL\CNN\Test_TRIAL_DATASET_1-CLASS_1\leopard\leopard_10025.jpg,leopard,bobcat,22,2,bobcat,"(['raccoon', 'persian cat', 'humpback whale', 'leopard', 'giant panda'], [59.41, 32.03, 16.81, 10.53, 3.26])"
D:\ZSL\CNN\Test_TRIAL_DATASET_1-CLASS_1\leopard\leopard_10026.jpg,leopard,bobcat,22,2,bobcat,"(['raccoon', 'persian cat', 'humpback whale', 'leopard', 'giant panda'], [59.41, 32.03, 16.81, 10.53, 3.26])"
D:\ZSL\CNN\Test_TRIAL_DATASET_1-CLASS_1\leopard\leopard_10027.jpg,leopard,bobcat,22,2,bobcat,"(['raccoon', 'persian cat', 'humpback whale', 'leopard', 'giant panda'], [59.41, 32.03, 16.81, 10.53, 3.26])"
D:\ZSL\CNN\Test_TRIAL_DATASET_1-CLASS_1\leopard\leopard_10028.jpg,leopard,bobcat,22,2,bobcat,"(['raccoon', 'persian cat', 'humpback whale', 'leopard', 'giant panda'], [59.41, 32.03, 16.81, 10.53, 3.26])"
D:\ZSL\CNN\Test_TRIAL_DATASET_1-CLASS_1\leopard\leopard_10029.jpg,leopard,bobcat,22,2,bobcat,"(['raccoon', 'persian cat', 'humpback whale', 'leopard', 'giant panda'], [59.41, 32.03, 16.81, 10.53, 3.26])"
D:\ZSL\CNN\Test_TRIAL_DATASET_1-CLASS_1\leopard\leopard_10030.jpg,leopard,bobcat,22,2,bobcat,"(['raccoon', 'persian cat', 'humpback whale', 'leopard', 'giant panda'], [59.41, 32.03, 16.81, 10.53, 3.26])"
D:\ZSL\CNN\Test_TRIAL_DATASET_1-CLASS_1\leopard\leopard_10031.jpg,leopard,bobcat,22,2,bobcat,"(['raccoon', 'persian cat', 'humpback whale', 'leopard', 'giant panda'], [59.41, 32.03, 16.81, 10.53, 3.26])"
D:\ZSL\CNN\Test_TRIAL_DATASET_1-CLASS_1\leopard\leopard_10032.jpg,leopard,tiger,22,16,tiger,"(['leopard', 'giant panda', 'persian cat', 'seal', 'pig'], [75.51, 32.01, 21.95, 9.29, -0.46])"
D:\ZSL\CNN\Test_TRIAL_DATASET_1-CLASS_1\leopard\leopard_10033.jpg,leopard,bobcat,22,2,bobcat,"(['raccoon', 'persian cat', 'humpback whale', 'leopard', 'giant panda'], [59.41, 32.03, 16.81, 10.53, 3.26])"
D:\ZSL\CNN\Test_TRIAL_DATASET_1-CLASS_1\leopard\leopard_10034.jpg,leopard,bobcat,22,2,bobcat,"(['raccoon', 'persian cat', 'humpback whale', 'leopard', 'giant panda'], [59.41, 32.03, 16.81, 10.53, 3.26])"
D:\ZSL\CNN\Test_TRIAL_DATASET_1-CLASS_1\leopard\leopard_10035.jpg,leopard,bobcat,22,2,bobcat,"(['raccoon', 'persian cat', 'humpback whale', 'leopard', 'giant panda'], [59.41, 32.03, 16.81, 10.53, 3.26])"
D:\ZSL\CNN\Test_TRIAL_DATASET_1-CLASS_1\leopard\leopard_10036.jpg,leopard,bobcat,22,2,bobcat,"(['raccoon', 'persian cat', 'humpback whale', 'leopard', 'giant panda'], [59.41, 32.03, 16.81, 10.53, 3.26])"
D:\ZSL\CNN\Test_TRIAL_DATASET_1-CLASS_1\leopard\leopard_10037.jpg,leopard,bobcat,22,2,bobcat,"(['raccoon', 'persian cat', 'humpback whale', 'leopard', 'giant panda'], [59.41, 32.03, 16.81, 10.53, 3.26])"
D:\ZSL\CNN\Test_TRIAL_DATASET_1-CLASS_1\leopard\leopard_10038.jpg,leopard,bobcat,22,2,bobcat,"(['raccoon', 'persian cat', 'humpback whale', 'leopard', 'giant panda'], [59.41, 32.03, 16.81, 10.53, 3.26])"
D:\ZSL\CNN\Test_TRIAL_DATASET_1-CLASS_1\leopard\leopard_10039.jpg,leopard,bobcat,22,2,bobcat,"(['raccoon', 'persian cat', 'humpback whale', 'leopard', 'giant panda'], [59.41, 32.03, 16.81, 10.53, 3.26])"
D:\ZSL\CNN\Test_TRIAL_DATASET_1-CLASS_1\leopard\leopard_10040.jpg,leopard,bobcat,22,2,bobcat,"(['raccoon', 'persian cat', 'humpback whale', 'leopard', 'giant panda'], [59.41, 32.03, 16.81, 10.53, 3.26])"
D:\ZSL\CNN\Test_TRIAL_DATASET_1-CLASS_1\leopard\leopard_10041.jpg,leopard,tiger,22,16,tiger,"(['leopard', 'giant panda', 'persian cat', 'seal', 'pig'], [75.51, 32.01, 21.95, 9.29, -0.46])"
D:\ZSL\CNN\Test_TRIAL_DATASET_1-CLASS_1\leopard\leopard_10042.jpg,leopard,bobcat,22,2,bobcat,"(['raccoon', 'persian cat', 'humpback whale', 'leopard', 'giant panda'], [59.41, 32.03, 16.81, 10.53, 3.26])"
D:\ZSL\CNN\Test_TRIAL_DATASET_1-CLASS_1\leopard\leopard_10043.jpg,leopard,bobcat,22,2,bobcat,"(['raccoon', 'persian cat', 'humpback whale', 'leopard', 'giant panda'], [59.41, 32.03, 16.81, 10.53, 3.26])"
D:\ZSL\CNN\Test_TRIAL_DATASET_1-CLASS_1\leopard\leopard_10044.jpg,leopard,bobcat,22,2,bobcat,"(['raccoon', 'persian cat', 'humpback whale', 'leopard', 'giant panda'], [59.41, 32.03, 16.81, 10.53, 3.26])"
D:\ZSL\CNN\Test_TRIAL_DATASET_1-CLASS_1\leopard\leopard_10045.jpg,leopard,bobcat,22,2,bobcat,"(['raccoon', 'persian cat', 'humpback whale', 'leopard', 'giant panda'], [59.41, 32.03, 16.81, 10.53, 3.26])"
D:\ZSL\CNN\Test_TRIAL_DATASET_1-CLASS_1\leopard\leopard_10046.jpg,leopard,bobcat,22,2,bobcat,"(['raccoon', 'persian cat', 'humpback whale', 'leopard', 'giant panda'], [59.41, 32.03, 16.81, 10.53, 3.26])"
D:\ZSL\CNN\Test_TRIAL_DATASET_1-CLASS_1\leopard\leopard_10047.jpg,leopard,bobcat,22,2,bobcat,"(['raccoon', 'persian cat', 'humpback whale', 'leopard', 'giant panda'], [59.41, 32.03, 16.81, 10.53, 3.26])"
D:\ZSL\CNN\Test_TRIAL_DATASET_1-CLASS_1\leopard\leopard_10048.jpg,leopard,bobcat,22,2,bobcat,"(['raccoon', 'persian cat', 'humpback whale', 'leopard', 'giant panda'], [59.41, 32.03, 16.81, 10.53, 3.26])"
D:\ZSL\CNN\Test_TRIAL_DATASET_1-CLASS_1\leopard\leopard_10049.jpg,leopard,bobcat,22,2,bobcat,"(['raccoon', 'persian cat', 'humpback whale', 'leopard', 'giant panda'], [59.41, 32.03, 16.81, 10.53, 3.26])"
D:\ZSL\CNN\Test_TRIAL_DATASET_1-CLASS_1\leopard\leopard_10050.jpg,leopard,bobcat,22,2,bobcat,"(['raccoon', 'persian cat', 'humpback whale', 'leopard', 'giant panda'], [59.41, 32.03, 16.81, 10.53, 3.26])"
D:\ZSL\CNN\Test_TRIAL_DATASET_1-CLASS_1\leopard\leopard_10051.jpg,leopard,bobcat,22,2,bobcat,"(['raccoon', 'persian cat', 'humpback whale', 'leopard', 'giant panda'], [59.41, 32.03, 16.81, 10.53, 3.26])"
D:\ZSL\CNN\Test_TRIAL_DATASET_1-CLASS_1\leopard\leopard_10052.jpg,leopard,tiger,22,16,tiger,"(['leopard', 'giant panda', 'persian cat', 'seal', 'pig'], [75.51, 32.01, 21.95, 9.29, -0.46])"
D:\ZSL\CNN\Test_TRIAL_DATASET_1-CLASS_1\leopard\leopard_10053.jpg,leopard,bobcat,22,2,bobcat,"(['raccoon', 'persian cat', 'humpback whale', 'leopard', 'giant panda'], [59.41, 32.03, 16.81, 10.53, 3.26])"
D:\ZSL\CNN\Test_TRIAL_DATASET_1-CLASS_1\leopard\leopard_10054.jpg,leopard,bobcat,22,2,bobcat,"(['raccoon', 'persian cat', 'humpback whale', 'leopard', 'giant panda'], [59.41, 32.03, 16.81, 10.53, 3.26])"
D:\ZSL\CNN\Test_TRIAL_DATASET_1-CLASS_1\leopard\leopard_10055.jpg,leopard,bobcat,22,2,bobcat,"(['raccoon', 'persian cat', 'humpback whale', 'leopard', 'giant panda'], [59.41, 32.03, 16.81, 10.53, 3.26])"
D:\ZSL\CNN\Test_TRIAL_DATASET_1-CLASS_1\leopard\leopard_10056.jpg,leopard,bobcat,22,2,bobcat,"(['raccoon', 'persian cat', 'humpback whale', 'leopard', 'giant panda'], [59.41, 32.03, 16.81, 10.53, 3.26])"
D:\ZSL\CNN\Test_TRIAL_DATASET_1-CLASS_1\leopard\leopard_10057.jpg,leopard,bobcat,22,2,bobcat,"(['raccoon', 'persian cat', 'humpback whale', 'leopard', 'giant panda'], [59.41, 32.03, 16.81, 10.53, 3.26])"
D:\ZSL\CNN\Test_TRIAL_DATASET_1-CLASS_1\leopard\leopard_10058.jpg,leopard,bobcat,22,2,bobcat,"(['raccoon', 'persian cat', 'humpback whale', 'leopard', 'giant panda'], [59.41, 32.03, 16.81, 10.53, 3.26])"
D:\ZSL\CNN\Test_TRIAL_DATASET_1-CLASS_1\leopard\leopard_10059.jpg,leopard,bobcat,22,2,bobcat,"(['raccoon', 'persian cat', 'humpback whale', 'leopard', 'giant panda'], [59.41, 32.03, 16.81, 10.53, 3.26])"
D:\ZSL\CNN\Test_TRIAL_DATASET_1-CLASS_1\leopard\leopard_10060.jpg,leopard,tiger,22,16,tiger,"(['leopard', 'giant panda', 'persian cat', 'seal', 'pig'], [75.51, 32.01, 21.95, 9.29, -0.46])"
D:\ZSL\CNN\Test_TRIAL_DATASET_1-CLASS_1\leopard\leopard_10061.jpg,leopard,bobcat,22,2,bobcat,"(['raccoon', 'persian cat', 'humpback whale', 'leopard', 'giant panda'], [59.41, 32.03, 16.81, 10.53, 3.26])"
D:\ZSL\CNN\Test_TRIAL_DATASET_1-CLASS_1\leopard\leopard_10062.jpg,leopard,bobcat,22,2,bobcat,"(['raccoon', 'persian cat', 'humpback whale', 'leopard', 'giant panda'], [59.41, 32.03, 16.81, 10.53, 3.26])"
D:\ZSL\CNN\Test_TRIAL_DATASET_1-CLASS_1\leopard\leopard_10063.jpg,leopard,bobcat,22,2,bobcat,"(['raccoon', 'persian cat', 'humpback whale', 'leopard', 'giant panda'], [59.41, 32.03, 16.81, 10.53, 3.26])"
D:\ZSL\CNN\Test_TRIAL_DATASET_1-CLASS_1\leopard\leopard_10064.jpg,leopard,bobcat,22,2,bobcat,"(['raccoon', 'persian cat', 'humpback whale', 'leopard', 'giant panda'], [59.41, 32.03, 16.81, 10.53, 3.26])"
D:\ZSL\CNN\Test_TRIAL_DATASET_1-CLASS_1\leopard\leopard_10065.jpg,leopard,tiger,22,16,tiger,"(['leopard', 'giant panda', 'persian cat', 'seal', 'pig'], [75.51, 32.01, 21.95, 9.29, -0.46])"
D:\ZSL\CNN\Test_TRIAL_DATASET_1-CLASS_1\leopard\leopard_10066.jpg,leopard,bobcat,22,2,bobcat,"(['raccoon', 'persian cat', 'humpback whale', 'leopard', 'giant panda'], [59.41, 32.03, 16.81, 10.53, 3.26])"
D:\ZSL\CNN\Test_TRIAL_DATASET_1-CLASS_1\leopard\leopard_10067.jpg,leopard,bobcat,22,2,bobcat,"(['raccoon', 'persian cat', 'humpback whale', 'leopard', 'giant panda'], [59.41, 32.03, 16.81, 10.53, 3.26])"
D:\ZSL\CNN\Test_TRIAL_DATASET_1-CLASS_1\leopard\leopard_10068.jpg,leopard,bobcat,22,2,bobcat,"(['raccoon', 'persian cat', 'humpback whale', 'leopard', 'giant panda'], [59.41, 32.03, 16.81, 10.53, 3.26])"
D:\ZSL\CNN\Test_TRIAL_DATASET_1-CLASS_1\leopard\leopard_10069.jpg,leopard,bobcat,22,2,bobcat,"(['raccoon', 'persian cat', 'humpback whale', 'leopard', 'giant panda'], [59.41, 32.03, 16.81, 10.53, 3.26])"
D:\ZSL\CNN\Test_TRIAL_DATASET_1-CLASS_1\leopard\leopard_10070.jpg,leopard,bobcat,22,2,bobcat,"(['raccoon', 'persian cat', 'humpback whale', 'leopard', 'giant panda'], [59.41, 32.03, 16.81, 10.53, 3.26])"
D:\ZSL\CNN\Test_TRIAL_DATASET_1-CLASS_1\leopard\leopard_10071.jpg,leopard,bobcat,22,2,bobcat,"(['raccoon', 'persian cat', 'humpback whale', 'leopard', 'giant panda'], [59.41, 32.03, 16.81, 10.53, 3.26])"
D:\ZSL\CNN\Test_TRIAL_DATASET_1-CLASS_1\leopard\leopard_10072.jpg,leopard,tiger,22,16,tiger,"(['leopard', 'giant panda', 'persian cat', 'seal', 'pig'], [75.51, 32.01, 21.95, 9.29, -0.46])"
D:\ZSL\CNN\Test_TRIAL_DATASET_1-CLASS_1\leopard\leopard_10073.jpg,leopard,tiger,22,16,tiger,"(['leopard', 'giant panda', 'persian cat', 'seal', 'pig'], [75.51, 32.01, 21.95, 9.29, -0.46])"
D:\ZSL\CNN\Test_TRIAL_DATASET_1-CLASS_1\leopard\leopard_10074.jpg,leopard,bobcat,22,2,bobcat,"(['raccoon', 'persian cat', 'humpback whale', 'leopard', 'giant panda'], [59.41, 32.03, 16.81, 10.53, 3.26])"
D:\ZSL\CNN\Test_TRIAL_DATASET_1-CLASS_1\leopard\leopard_10075.jpg,leopard,bobcat,22,2,bobcat,"(['raccoon', 'persian cat', 'humpback whale', 'leopard', 'giant panda'], [59.41, 32.03, 16.81, 10.53, 3.26])"
D:\ZSL\CNN\Test_TRIAL_DATASET_1-CLASS_1\leopard\leopard_10076.jpg,leopard,bobcat,22,2,bobcat,"(['raccoon', 'persian cat', 'humpback whale', 'leopard', 'giant panda'], [59.41, 32.03, 16.81, 10.53, 3.26])"
D:\ZSL\CNN\Test_TRIAL_DATASET_1-CLASS_1\leopard\leopard_10077.jpg,leopard,bobcat,22,2,bobcat,"(['raccoon', 'persian cat', 'humpback whale', 'leopard', 'giant panda'], [59.41, 32.03, 16.81, 10.53, 3.26])"
D:\ZSL\CNN\Test_TRIAL_DATASET_1-CLASS_1\leopard\leopard_10078.jpg,leopard,tiger,22,16,tiger,"(['leopard', 'giant panda', 'persian cat', 'seal', 'pig'], [75.51, 32.01, 21.95, 9.29, -0.46])"
D:\ZSL\CNN\Test_TRIAL_DATASET_1-CLASS_1\leopard\leopard_10079.jpg,leopard,bobcat,22,2,bobcat,"(['raccoon', 'persian cat', 'humpback whale', 'leopard', 'giant panda'], [59.41, 32.03, 16.81, 10.53, 3.26])"
D:\ZSL\CNN\Test_TRIAL_DATASET_1-CLASS_1\leopard\leopard_10080.jpg,leopard,bobcat,22,2,bobcat,"(['raccoon', 'persian cat', 'humpback whale', 'leopard', 'giant panda'], [59.41, 32.03, 16.81, 10.53, 3.26])"
D:\ZSL\CNN\Test_TRIAL_DATASET_1-CLASS_1\leopard\leopard_10081.jpg,leopard,bobcat,22,2,bobcat,"(['raccoon', 'persian cat', 'humpback whale', 'leopard', 'giant panda'], [59.41, 32.03, 16.81, 10.53, 3.26])"
D:\ZSL\CNN\Test_TRIAL_DATASET_1-CLASS_1\leopard\leopard_10082.jpg,leopard,tiger,22,16,tiger,"(['leopard', 'giant panda', 'persian cat', 'seal', 'pig'], [75.51, 32.01, 21.95, 9.29, -0.46])"
D:\ZSL\CNN\Test_TRIAL_DATASET_1-CLASS_1\leopard\leopard_10083.jpg,leopard,tiger,22,16,tiger,"(['leopard', 'giant panda', 'persian cat', 'seal', 'pig'], [75.51, 32.01, 21.95, 9.29, -0.46])"
D:\ZSL\CNN\Test_TRIAL_DATASET_1-CLASS_1\leopard\leopard_10084.jpg,leopard,bobcat,22,2,bobcat,"(['raccoon', 'persian cat', 'humpback whale', 'leopard', 'giant panda'], [59.41, 32.03, 16.81, 10.53, 3.26])"
D:\ZSL\CNN\Test_TRIAL_DATASET_1-CLASS_1\leopard\leopard_10085.jpg,leopard,bobcat,22,2,bobcat,"(['raccoon', 'persian cat', 'humpback whale', 'leopard', 'giant panda'], [59.41, 32.03, 16.81, 10.53, 3.26])"
D:\ZSL\CNN\Test_TRIAL_DATASET_1-CLASS_1\leopard\leopard_10086.jpg,leopard,tiger,22,16,tiger,"(['leopard', 'giant panda', 'persian cat', 'seal', 'pig'], [75.51, 32.01, 21.95, 9.29, -0.46])"
D:\ZSL\CNN\Test_TRIAL_DATASET_1-CLASS_1\leopard\leopard_10087.jpg,leopard,bobcat,22,2,bobcat,"(['raccoon', 'persian cat', 'humpback whale', 'leopard', 'giant panda'], [59.41, 32.03, 16.81, 10.53, 3.26])"
D:\ZSL\CNN\Test_TRIAL_DATASET_1-CLASS_1\leopard\leopard_10088.jpg,leopard,bobcat,22,2,bobcat,"(['raccoon', 'persian cat', 'humpback whale', 'leopard', 'giant panda'], [59.41, 32.03, 16.81, 10.53, 3.26])"
D:\ZSL\CNN\Test_TRIAL_DATASET_1-CLASS_1\leopard\leopard_10089.jpg,leopard,tiger,22,16,tiger,"(['leopard', 'giant panda', 'persian cat', 'seal', 'pig'], [75.51, 32.01, 21.95, 9.29, -0.46])"
D:\ZSL\CNN\Test_TRIAL_DATASET_1-CLASS_1\leopard\leopard_10090.jpg,leopard,bobcat,22,2,bobcat,"(['raccoon', 'persian cat', 'humpback whale', 'leopard', 'giant panda'], [59.41, 32.03, 16.81, 10.53, 3.26])"
D:\ZSL\CNN\Test_TRIAL_DATASET_1-CLASS_1\leopard\leopard_10091.jpg,leopard,bobcat,22,2,bobcat,"(['raccoon', 'persian cat', 'humpback whale', 'leopard', 'giant panda'], [59.41, 32.03, 16.81, 10.53, 3.26])"
D:\ZSL\CNN\Test_TRIAL_DATASET_1-CLASS_1\leopard\leopard_10092.jpg,leopard,bobcat,22,2,bobcat,"(['raccoon', 'persian cat', 'humpback whale', 'leopard', 'giant panda'], [59.41, 32.03, 16.81, 10.53, 3.26])"
D:\ZSL\CNN\Test_TRIAL_DATASET_1-CLASS_1\leopard\leopard_10093.jpg,leopard,bobcat,22,2,bobcat,"(['raccoon', 'persian cat', 'humpback whale', 'leopard', 'giant panda'], [59.41, 32.03, 16.81, 10.53, 3.26])"
D:\ZSL\CNN\Test_TRIAL_DATASET_1-CLASS_1\leopard\leopard_10094.jpg,leopard,bobcat,22,2,bobcat,"(['raccoon', 'persian cat', 'humpback whale', 'leopard', 'giant panda'], [59.41, 32.03, 16.81, 10.53, 3.26])"
D:\ZSL\CNN\Test_TRIAL_DATASET_1-CLASS_1\leopard\leopard_10095.jpg,leopard,bobcat,22,2,bobcat,"(['raccoon', 'persian cat', 'humpback whale', 'leopard', 'giant panda'], [59.41, 32.03, 16.81, 10.53, 3.26])"
D:\ZSL\CNN\Test_TRIAL_DATASET_1-CLASS_1\leopard\leopard_10096.jpg,leopard,tiger,22,16,tiger,"(['leopard', 'giant panda', 'persian cat', 'seal', 'pig'], [75.51, 32.01, 21.95, 9.29, -0.46])"
D:\ZSL\CNN\Test_TRIAL_DATASET_1-CLASS_1\leopard\leopard_10097.jpg,leopard,bobcat,22,2,bobcat,"(['raccoon', 'persian cat', 'humpback whale', 'leopard', 'giant panda'], [59.41, 32.03, 16.81, 10.53, 3.26])"
D:\ZSL\CNN\Test_TRIAL_DATASET_1-CLASS_1\leopard\leopard_10098.jpg,leopard,bobcat,22,2,bobcat,"(['raccoon', 'persian cat', 'humpback whale', 'leopard', 'giant panda'], [59.41, 32.03, 16.81, 10.53, 3.26])"
D:\ZSL\CNN\Test_TRIAL_DATASET_1-CLASS_1\leopard\leopard_10099.jpg,leopard,bobcat,22,2,bobcat,"(['raccoon', 'persian cat', 'humpback whale', 'leopard', 'giant panda'], [59.41, 32.03, 16.81, 10.53, 3.26])"
D:\ZSL\CNN\Test_TRIAL_DATASET_1-CLASS_1\leopard\leopard_10100.jpg,leopard,tiger,22,16,tiger,"(['leopard', 'giant panda', 'persian cat', 'seal', 'pig'], [75.51, 32.01, 21.95, 9.29, -0.46])"
D:\ZSL\CNN\Test_TRIAL_DATASET_1-CLASS_1\leopard\leopard_10101.jpg,leopard,bobcat,22,2,bobcat,"(['raccoon', 'persian cat', 'humpback whale', 'leopard', 'giant panda'], [59.41, 32.03, 16.81, 10.53, 3.26])"
D:\ZSL\CNN\Test_TRIAL_DATASET_1-CLASS_1\leopard\leopard_10102.jpg,leopard,tiger,22,16,tiger,"(['leopard', 'giant panda', 'persian cat', 'seal', 'pig'], [75.51, 32.01, 21.95, 9.29, -0.46])"
D:\ZSL\CNN\Test_TRIAL_DATASET_1-CLASS_1\leopard\leopard_10103.jpg,leopard,bobcat,22,2,bobcat,"(['raccoon', 'persian cat', 'humpback whale', 'leopard', 'giant panda'], [59.41, 32.03, 16.81, 10.53, 3.26])"
D:\ZSL\CNN\Test_TRIAL_DATASET_1-CLASS_1\leopard\leopard_10104.jpg,leopard,bobcat,22,2,bobcat,"(['raccoon', 'persian cat', 'humpback whale', 'leopard', 'giant panda'], [59.41, 32.03, 16.81, 10.53, 3.26])"
D:\ZSL\CNN\Test_TRIAL_DATASET_1-CLASS_1\leopard\leopard_10105.jpg,leopard,bobcat,22,2,bobcat,"(['raccoon', 'persian cat', 'humpback whale', 'leopard', 'giant panda'], [59.41, 32.03, 16.81, 10.53, 3.26])"
D:\ZSL\CNN\Test_TRIAL_DATASET_1-CLASS_1\leopard\leopard_10106.jpg,leopard,bobcat,22,2,bobcat,"(['raccoon', 'persian cat', 'humpback whale', 'leopard', 'giant panda'], [59.41, 32.03, 16.81, 10.53, 3.26])"
D:\ZSL\CNN\Test_TRIAL_DATASET_1-CLASS_1\leopard\leopard_10107.jpg,leopard,bobcat,22,2,bobcat,"(['raccoon', 'persian cat', 'humpback whale', 'leopard', 'giant panda'], [59.41, 32.03, 16.81, 10.53, 3.26])"
D:\ZSL\CNN\Test_TRIAL_DATASET_1-CLASS_1\leopard\leopard_10108.jpg,leopard,bobcat,22,2,bobcat,"(['raccoon', 'persian cat', 'humpback whale', 'leopard', 'giant panda'], [59.41, 32.03, 16.81, 10.53, 3.26])"
D:\ZSL\CNN\Test_TRIAL_DATASET_1-CLASS_1\leopard\leopard_10109.jpg,leopard,bobcat,22,2,bobcat,"(['raccoon', 'persian cat', 'humpback whale', 'leopard', 'giant panda'], [59.41, 32.03, 16.81, 10.53, 3.26])"
D:\ZSL\CNN\Test_TRIAL_DATASET_1-CLASS_1\leopard\leopard_10110.jpg,leopard,bobcat,22,2,bobcat,"(['raccoon', 'persian cat', 'humpback whale', 'leopard', 'giant panda'], [59.41, 32.03, 16.81, 10.53, 3.26])"
D:\ZSL\CNN\Test_TRIAL_DATASET_1-CLASS_1\leopard\leopard_10111.jpg,leopard,bobcat,22,2,bobcat,"(['raccoon', 'persian cat', 'humpback whale', 'leopard', 'giant panda'], [59.41, 32.03, 16.81, 10.53, 3.26])"
D:\ZSL\CNN\Test_TRIAL_DATASET_1-CLASS_1\leopard\leopard_10112.jpg,leopard,bobcat,22,2,bobcat,"(['raccoon', 'persian cat', 'humpback whale', 'leopard', 'giant panda'], [59.41, 32.03, 16.81, 10.53, 3.26])"
D:\ZSL\CNN\Test_TRIAL_DATASET_1-CLASS_1\leopard\leopard_10113.jpg,leopard,bobcat,22,2,bobcat,"(['raccoon', 'persian cat', 'humpback whale', 'leopard', 'giant panda'], [59.41, 32.03, 16.81, 10.53, 3.26])"
D:\ZSL\CNN\Test_TRIAL_DATASET_1-CLASS_1\leopard\leopard_10114.jpg,leopard,tiger,22,16,tiger,"(['leopard', 'giant panda', 'persian cat', 'seal', 'pig'], [75.51, 32.01, 21.95, 9.29, -0.46])"
D:\ZSL\CNN\Test_TRIAL_DATASET_1-CLASS_1\leopard\leopard_10115.jpg,leopard,tiger,22,16,tiger,"(['leopard', 'giant panda', 'persian cat', 'seal', 'pig'], [75.51, 32.01, 21.95, 9.29, -0.46])"
D:\ZSL\CNN\Test_TRIAL_DATASET_1-CLASS_1\leopard\leopard_10116.jpg,leopard,tiger,22,16,tiger,"(['leopard', 'giant panda', 'persian cat', 'seal', 'pig'], [75.51, 32.01, 21.95, 9.29, -0.46])"
D:\ZSL\CNN\Test_TRIAL_DATASET_1-CLASS_1\leopard\leopard_10117.jpg,leopard,bobcat,22,2,bobcat,"(['raccoon', 'persian cat', 'humpback whale', 'leopard', 'giant panda'], [59.41, 32.03, 16.81, 10.53, 3.26])"
D:\ZSL\CNN\Test_TRIAL_DATASET_1-CLASS_1\leopard\leopard_10118.jpg,leopard,bobcat,22,2,bobcat,"(['raccoon', 'persian cat', 'humpback whale', 'leopard', 'giant panda'], [59.41, 32.03, 16.81, 10.53, 3.26])"
D:\ZSL\CNN\Test_TRIAL_DATASET_1-CLASS_1\leopard\leopard_10119.jpg,leopard,bobcat,22,2,bobcat,"(['raccoon', 'persian cat', 'humpback whale', 'leopard', 'giant panda'], [59.41, 32.03, 16.81, 10.53, 3.26])"
D:\ZSL\CNN\Test_TRIAL_DATASET_1-CLASS_1\leopard\leopard_10120.jpg,leopard,bobcat,22,2,bobcat,"(['raccoon', 'persian cat', 'humpback whale', 'leopard', 'giant panda'], [59.41, 32.03, 16.81, 10.53, 3.26])"
D:\ZSL\CNN\Test_TRIAL_DATASET_1-CLASS_1\leopard\leopard_10121.jpg,leopard,tiger,22,16,tiger,"(['leopard', 'giant panda', 'persian cat', 'seal', 'pig'], [75.51, 32.01, 21.95, 9.29, -0.46])"
D:\ZSL\CNN\Test_TRIAL_DATASET_1-CLASS_1\leopard\leopard_10122.jpg,leopard,tiger,22,16,tiger,"(['leopard', 'giant panda', 'persian cat', 'seal', 'pig'], [75.51, 32.01, 21.95, 9.29, -0.46])"
D:\ZSL\CNN\Test_TRIAL_DATASET_1-CLASS_1\leopard\leopard_10123.jpg,leopard,bobcat,22,2,bobcat,"(['raccoon', 'persian cat', 'humpback whale', 'leopard', 'giant panda'], [59.41, 32.03, 16.81, 10.53, 3.26])"
D:\ZSL\CNN\Test_TRIAL_DATASET_1-CLASS_1\leopard\leopard_10124.jpg,leopard,bobcat,22,2,bobcat,"(['raccoon', 'persian cat', 'humpback whale', 'leopard', 'giant panda'], [59.41, 32.03, 16.81, 10.53, 3.26])"
D:\ZSL\CNN\Test_TRIAL_DATASET_1-CLASS_1\leopard\leopard_10125.jpg,leopard,bobcat,22,2,bobcat,"(['raccoon', 'persian cat', 'humpback whale', 'leopard', 'giant panda'], [59.41, 32.03, 16.81, 10.53, 3.26])"
D:\ZSL\CNN\Test_TRIAL_DATASET_1-CLASS_1\leopard\leopard_10126.jpg,leopard,bobcat,22,2,bobcat,"(['raccoon', 'persian cat', 'humpback whale', 'leopard', 'giant panda'], [59.41, 32.03, 16.81, 10.53, 3.26])"
D:\ZSL\CNN\Test_TRIAL_DATASET_1-CLASS_1\leopard\leopard_10127.jpg,leopard,bobcat,22,2,bobcat,"(['raccoon', 'persian cat', 'humpback whale', 'leopard', 'giant panda'], [59.41, 32.03, 16.81, 10.53, 3.26])"
D:\ZSL\CNN\Test_TRIAL_DATASET_1-CLASS_1\leopard\leopard_10128.jpg,leopard,bobcat,22,2,bobcat,"(['raccoon', 'persian cat', 'humpback whale', 'leopard', 'giant panda'], [59.41, 32.03, 16.81, 10.53, 3.26])"
D:\ZSL\CNN\Test_TRIAL_DATASET_1-CLASS_1\leopard\leopard_10129.jpg,leopard,bobcat,22,2,bobcat,"(['raccoon', 'persian cat', 'humpback whale', 'leopard', 'giant panda'], [59.41, 32.03, 16.81, 10.53, 3.26])"
D:\ZSL\CNN\Test_TRIAL_DATASET_1-CLASS_1\leopard\leopard_10130.jpg,leopard,bobcat,22,2,bobcat,"(['raccoon', 'persian cat', 'humpback whale', 'leopard', 'giant panda'], [59.41, 32.03, 16.81, 10.53, 3.26])"
D:\ZSL\CNN\Test_TRIAL_DATASET_1-CLASS_1\leopard\leopard_10131.jpg,leopard,bobcat,22,2,bobcat,"(['raccoon', 'persian cat', 'humpback whale', 'leopard', 'giant panda'], [59.41, 32.03, 16.81, 10.53, 3.26])"
D:\ZSL\CNN\Test_TRIAL_DATASET_1-CLASS_1\leopard\leopard_10132.jpg,leopard,tiger,22,16,tiger,"(['leopard', 'giant panda', 'persian cat', 'seal', 'pig'], [75.51, 32.01, 21.95, 9.29, -0.46])"
D:\ZSL\CNN\Test_TRIAL_DATASET_1-CLASS_1\leopard\leopard_10133.jpg,leopard,bobcat,22,2,bobcat,"(['raccoon', 'persian cat', 'humpback whale', 'leopard', 'giant panda'], [59.41, 32.03, 16.81, 10.53, 3.26])"
D:\ZSL\CNN\Test_TRIAL_DATASET_1-CLASS_1\leopard\leopard_10134.jpg,leopard,bobcat,22,2,bobcat,"(['raccoon', 'persian cat', 'humpback whale', 'leopard', 'giant panda'], [59.41, 32.03, 16.81, 10.53, 3.26])"
D:\ZSL\CNN\Test_TRIAL_DATASET_1-CLASS_1\leopard\leopard_10135.jpg,leopard,bobcat,22,2,bobcat,"(['raccoon', 'persian cat', 'humpback whale', 'leopard', 'giant panda'], [59.41, 32.03, 16.81, 10.53, 3.26])"
D:\ZSL\CNN\Test_TRIAL_DATASET_1-CLASS_1\leopard\leopard_10136.jpg,leopard,bobcat,22,2,bobcat,"(['raccoon', 'persian cat', 'humpback whale', 'leopard', 'giant panda'], [59.41, 32.03, 16.81, 10.53, 3.26])"
D:\ZSL\CNN\Test_TRIAL_DATASET_1-CLASS_1\leopard\leopard_10137.jpg,leopard,bobcat,22,2,bobcat,"(['raccoon', 'persian cat', 'humpback whale', 'leopard', 'giant panda'], [59.41, 32.03, 16.81, 10.53, 3.26])"
D:\ZSL\CNN\Test_TRIAL_DATASET_1-CLASS_1\leopard\leopard_10138.jpg,leopard,bobcat,22,2,bobcat,"(['raccoon', 'persian cat', 'humpback whale', 'leopard', 'giant panda'], [59.41, 32.03, 16.81, 10.53, 3.26])"
D:\ZSL\CNN\Test_TRIAL_DATASET_1-CLASS_1\leopard\leopard_10139.jpg,leopard,bobcat,22,2,bobcat,"(['raccoon', 'persian cat', 'humpback whale', 'leopard', 'giant panda'], [59.41, 32.03, 16.81, 10.53, 3.26])"
D:\ZSL\CNN\Test_TRIAL_DATASET_1-CLASS_1\leopard\leopard_10140.jpg,leopard,bobcat,22,2,bobcat,"(['raccoon', 'persian cat', 'humpback whale', 'leopard', 'giant panda'], [59.41, 32.03, 16.81, 10.53, 3.26])"
D:\ZSL\CNN\Test_TRIAL_DATASET_1-CLASS_1\leopard\leopard_10141.jpg,leopard,tiger,22,16,tiger,"(['leopard', 'giant panda', 'persian cat', 'seal', 'pig'], [75.51, 32.01, 21.95, 9.29, -0.46])"
D:\ZSL\CNN\Test_TRIAL_DATASET_1-CLASS_1\leopard\leopard_10142.jpg,leopard,bobcat,22,2,bobcat,"(['raccoon', 'persian cat', 'humpback whale', 'leopard', 'giant panda'], [59.41, 32.03, 16.81, 10.53, 3.26])"
D:\ZSL\CNN\Test_TRIAL_DATASET_1-CLASS_1\leopard\leopard_10143.jpg,leopard,bobcat,22,2,bobcat,"(['raccoon', 'persian cat', 'humpback whale', 'leopard', 'giant panda'], [59.41, 32.03, 16.81, 10.53, 3.26])"
D:\ZSL\CNN\Test_TRIAL_DATASET_1-CLASS_1\leopard\leopard_10144.jpg,leopard,bobcat,22,2,bobcat,"(['raccoon', 'persian cat', 'humpback whale', 'leopard', 'giant panda'], [59.41, 32.03, 16.81, 10.53, 3.26])"
D:\ZSL\CNN\Test_TRIAL_DATASET_1-CLASS_1\leopard\leopard_10145.jpg,leopard,bobcat,22,2,bobcat,"(['raccoon', 'persian cat', 'humpback whale', 'leopard', 'giant panda'], [59.41, 32.03, 16.81, 10.53, 3.26])"
D:\ZSL\CNN\Test_TRIAL_DATASET_1-CLASS_1\leopard\leopard_10146.jpg,leopard,bobcat,22,2,bobcat,"(['raccoon', 'persian cat', 'humpback whale', 'leopard', 'giant panda'], [59.41, 32.03, 16.81, 10.53, 3.26])"
D:\ZSL\CNN\Test_TRIAL_DATASET_1-CLASS_1\leopard\leopard_10147.jpg,leopard,bobcat,22,2,bobcat,"(['raccoon', 'persian cat', 'humpback whale', 'leopard', 'giant panda'], [59.41, 32.03, 16.81, 10.53, 3.26])"
D:\ZSL\CNN\Test_TRIAL_DATASET_1-CLASS_1\leopard\leopard_10148.jpg,leopard,bobcat,22,2,bobcat,"(['raccoon', 'persian cat', 'humpback whale', 'leopard', 'giant panda'], [59.41, 32.03, 16.81, 10.53, 3.26])"
D:\ZSL\CNN\Test_TRIAL_DATASET_1-CLASS_1\leopard\leopard_10149.jpg,leopard,bobcat,22,2,bobcat,"(['raccoon', 'persian cat', 'humpback whale', 'leopard', 'giant panda'], [59.41, 32.03, 16.81, 10.53, 3.26])"
D:\ZSL\CNN\Test_TRIAL_DATASET_1-CLASS_1\leopard\leopard_10150.jpg,leopard,bobcat,22,2,bobcat,"(['raccoon', 'persian cat', 'humpback whale', 'leopard', 'giant panda'], [59.41, 32.03, 16.81, 10.53, 3.26])"
D:\ZSL\CNN\Test_TRIAL_DATASET_1-CLASS_1\leopard\leopard_10151.jpg,leopard,bobcat,22,2,bobcat,"(['raccoon', 'persian cat', 'humpback whale', 'leopard', 'giant panda'], [59.41, 32.03, 16.81, 10.53, 3.26])"
D:\ZSL\CNN\Test_TRIAL_DATASET_1-CLASS_1\leopard\leopard_10152.jpg,leopard,bobcat,22,2,bobcat,"(['raccoon', 'persian cat', 'humpback whale', 'leopard', 'giant panda'], [59.41, 32.03, 16.81, 10.53, 3.26])"
D:\ZSL\CNN\Test_TRIAL_DATASET_1-CLASS_1\leopard\leopard_10153.jpg,leopard,tiger,22,16,tiger,"(['leopard', 'giant panda', 'persian cat', 'seal', 'pig'], [75.51, 32.01, 21.95, 9.29, -0.46])"
D:\ZSL\CNN\Test_TRIAL_DATASET_1-CLASS_1\leopard\leopard_10154.jpg,leopard,bobcat,22,2,bobcat,"(['raccoon', 'persian cat', 'humpback whale', 'leopard', 'giant panda'], [59.41, 32.03, 16.81, 10.53, 3.26])"
D:\ZSL\CNN\Test_TRIAL_DATASET_1-CLASS_1\leopard\leopard_10155.jpg,leopard,tiger,22,16,tiger,"(['leopard', 'giant panda', 'persian cat', 'seal', 'pig'], [75.51, 32.01, 21.95, 9.29, -0.46])"
D:\ZSL\CNN\Test_TRIAL_DATASET_1-CLASS_1\leopard\leopard_10156.jpg,leopard,bobcat,22,2,bobcat,"(['raccoon', 'persian cat', 'humpback whale', 'leopard', 'giant panda'], [59.41, 32.03, 16.81, 10.53, 3.26])"
D:\ZSL\CNN\Test_TRIAL_DATASET_1-CLASS_1\leopard\leopard_10157.jpg,leopard,tiger,22,16,tiger,"(['leopard', 'giant panda', 'persian cat', 'seal', 'pig'], [75.51, 32.01, 21.95, 9.29, -0.46])"
D:\ZSL\CNN\Test_TRIAL_DATASET_1-CLASS_1\leopard\leopard_10158.jpg,leopard,bobcat,22,2,bobcat,"(['raccoon', 'persian cat', 'humpback whale', 'leopard', 'giant panda'], [59.41, 32.03, 16.81, 10.53, 3.26])"
D:\ZSL\CNN\Test_TRIAL_DATASET_1-CLASS_1\leopard\leopard_10159.jpg,leopard,bobcat,22,2,bobcat,"(['raccoon', 'persian cat', 'humpback whale', 'leopard', 'giant panda'], [59.41, 32.03, 16.81, 10.53, 3.26])"
D:\ZSL\CNN\Test_TRIAL_DATASET_1-CLASS_1\leopard\leopard_10160.jpg,leopard,tiger,22,16,tiger,"(['leopard', 'giant panda', 'persian cat', 'seal', 'pig'], [75.51, 32.01, 21.95, 9.29, -0.46])"
D:\ZSL\CNN\Test_TRIAL_DATASET_1-CLASS_1\leopard\leopard_10161.jpg,leopard,bobcat,22,2,bobcat,"(['raccoon', 'persian cat', 'humpback whale', 'leopard', 'giant panda'], [59.41, 32.03, 16.81, 10.53, 3.26])"
D:\ZSL\CNN\Test_TRIAL_DATASET_1-CLASS_1\leopard\leopard_10162.jpg,leopard,bobcat,22,2,bobcat,"(['raccoon', 'persian cat', 'humpback whale', 'leopard', 'giant panda'], [59.41, 32.03, 16.81, 10.53, 3.26])"
D:\ZSL\CNN\Test_TRIAL_DATASET_1-CLASS_1\leopard\leopard_10163.jpg,leopard,bobcat,22,2,bobcat,"(['raccoon', 'persian cat', 'humpback whale', 'leopard', 'giant panda'], [59.41, 32.03, 16.81, 10.53, 3.26])"
D:\ZSL\CNN\Test_TRIAL_DATASET_1-CLASS_1\leopard\leopard_10164.jpg,leopard,bobcat,22,2,bobcat,"(['raccoon', 'persian cat', 'humpback whale', 'leopard', 'giant panda'], [59.41, 32.03, 16.81, 10.53, 3.26])"
D:\ZSL\CNN\Test_TRIAL_DATASET_1-CLASS_1\leopard\leopard_10165.jpg,leopard,squirrel,22,15,squirrel,"(['rat', 'raccoon', 'leopard', 'pig', 'chimpanzee'], [80.96, 55.32, 17.24, 10.5, 5.34])"
D:\ZSL\CNN\Test_TRIAL_DATASET_1-CLASS_1\leopard\leopard_10166.jpg,leopard,bobcat,22,2,bobcat,"(['raccoon', 'persian cat', 'humpback whale', 'leopard', 'giant panda'], [59.41, 32.03, 16.81, 10.53, 3.26])"
D:\ZSL\CNN\Test_TRIAL_DATASET_1-CLASS_1\leopard\leopard_10167.jpg,leopard,bobcat,22,2,bobcat,"(['raccoon', 'persian cat', 'humpback whale', 'leopard', 'giant panda'], [59.41, 32.03, 16.81, 10.53, 3.26])"
D:\ZSL\CNN\Test_TRIAL_DATASET_1-CLASS_1\leopard\leopard_10168.jpg,leopard,bobcat,22,2,bobcat,"(['raccoon', 'persian cat', 'humpback whale', 'leopard', 'giant panda'], [59.41, 32.03, 16.81, 10.53, 3.26])"
D:\ZSL\CNN\Test_TRIAL_DATASET_1-CLASS_1\leopard\leopard_10169.jpg,leopard,bobcat,22,2,bobcat,"(['raccoon', 'persian cat', 'humpback whale', 'leopard', 'giant panda'], [59.41, 32.03, 16.81, 10.53, 3.26])"
D:\ZSL\CNN\Test_TRIAL_DATASET_1-CLASS_1\leopard\leopard_10170.jpg,leopard,bobcat,22,2,bobcat,"(['raccoon', 'persian cat', 'humpback whale', 'leopard', 'giant panda'], [59.41, 32.03, 16.81, 10.53, 3.26])"
D:\ZSL\CNN\Test_TRIAL_DATASET_1-CLASS_1\leopard\leopard_10171.jpg,leopard,tiger,22,16,tiger,"(['leopard', 'giant panda', 'persian cat', 'seal', 'pig'], [75.51, 32.01, 21.95, 9.29, -0.46])"
D:\ZSL\CNN\Test_TRIAL_DATASET_1-CLASS_1\leopard\leopard_10172.jpg,leopard,bobcat,22,2,bobcat,"(['raccoon', 'persian cat', 'humpback whale', 'leopard', 'giant panda'], [59.41, 32.03, 16.81, 10.53, 3.26])"
D:\ZSL\CNN\Test_TRIAL_DATASET_1-CLASS_1\leopard\leopard_10173.jpg,leopard,bobcat,22,2,bobcat,"(['raccoon', 'persian cat', 'humpback whale', 'leopard', 'giant panda'], [59.41, 32.03, 16.81, 10.53, 3.26])"
D:\ZSL\CNN\Test_TRIAL_DATASET_1-CLASS_1\leopard\leopard_10174.jpg,leopard,bobcat,22,2,bobcat,"(['raccoon', 'persian cat', 'humpback whale', 'leopard', 'giant panda'], [59.41, 32.03, 16.81, 10.53, 3.26])"
D:\ZSL\CNN\Test_TRIAL_DATASET_1-CLASS_1\leopard\leopard_10175.jpg,leopard,bobcat,22,2,bobcat,"(['raccoon', 'persian cat', 'humpback whale', 'leopard', 'giant panda'], [59.41, 32.03, 16.81, 10.53, 3.26])"
D:\ZSL\CNN\Test_TRIAL_DATASET_1-CLASS_1\leopard\leopard_10176.jpg,leopard,bobcat,22,2,bobcat,"(['raccoon', 'persian cat', 'humpback whale', 'leopard', 'giant panda'], [59.41, 32.03, 16.81, 10.53, 3.26])"
D:\ZSL\CNN\Test_TRIAL_DATASET_1-CLASS_1\leopard\leopard_10177.jpg,leopard,bobcat,22,2,bobcat,"(['raccoon', 'persian cat', 'humpback whale', 'leopard', 'giant panda'], [59.41, 32.03, 16.81, 10.53, 3.26])"
D:\ZSL\CNN\Test_TRIAL_DATASET_1-CLASS_1\leopard\leopard_10178.jpg,leopard,bobcat,22,2,bobcat,"(['raccoon', 'persian cat', 'humpback whale', 'leopard', 'giant panda'], [59.41, 32.03, 16.81, 10.53, 3.26])"
D:\ZSL\CNN\Test_TRIAL_DATASET_1-CLASS_1\leopard\leopard_10179.jpg,leopard,bobcat,22,2,bobcat,"(['raccoon', 'persian cat', 'humpback whale', 'leopard', 'giant panda'], [59.41, 32.03, 16.81, 10.53, 3.26])"
D:\ZSL\CNN\Test_TRIAL_DATASET_1-CLASS_1\leopard\leopard_10180.jpg,leopard,bobcat,22,2,bobcat,"(['raccoon', 'persian cat', 'humpback whale', 'leopard', 'giant panda'], [59.41, 32.03, 16.81, 10.53, 3.26])"
D:\ZSL\CNN\Test_TRIAL_DATASET_1-CLASS_1\leopard\leopard_10181.jpg,leopard,bobcat,22,2,bobcat,"(['raccoon', 'persian cat', 'humpback whale', 'leopard', 'giant panda'], [59.41, 32.03, 16.81, 10.53, 3.26])"
D:\ZSL\CNN\Test_TRIAL_DATASET_1-CLASS_1\leopard\leopard_10182.jpg,leopard,bobcat,22,2,bobcat,"(['raccoon', 'persian cat', 'humpback whale', 'leopard', 'giant panda'], [59.41, 32.03, 16.81, 10.53, 3.26])"
D:\ZSL\CNN\Test_TRIAL_DATASET_1-CLASS_1\leopard\leopard_10183.jpg,leopard,bobcat,22,2,bobcat,"(['raccoon', 'persian cat', 'humpback whale', 'leopard', 'giant panda'], [59.41, 32.03, 16.81, 10.53, 3.26])"
D:\ZSL\CNN\Test_TRIAL_DATASET_1-CLASS_1\leopard\leopard_10184.jpg,leopard,bobcat,22,2,bobcat,"(['raccoon', 'persian cat', 'humpback whale', 'leopard', 'giant panda'], [59.41, 32.03, 16.81, 10.53, 3.26])"
D:\ZSL\CNN\Test_TRIAL_DATASET_1-CLASS_1\leopard\leopard_10185.jpg,leopard,bobcat,22,2,bobcat,"(['raccoon', 'persian cat', 'humpback whale', 'leopard', 'giant panda'], [59.41, 32.03, 16.81, 10.53, 3.26])"
D:\ZSL\CNN\Test_TRIAL_DATASET_1-CLASS_1\leopard\leopard_10186.jpg,leopard,bobcat,22,2,bobcat,"(['raccoon', 'persian cat', 'humpback whale', 'leopard', 'giant panda'], [59.41, 32.03, 16.81, 10.53, 3.26])"
D:\ZSL\CNN\Test_TRIAL_DATASET_1-CLASS_1\leopard\leopard_10187.jpg,leopard,bobcat,22,2,bobcat,"(['raccoon', 'persian cat', 'humpback whale', 'leopard', 'giant panda'], [59.41, 32.03, 16.81, 10.53, 3.26])"
D:\ZSL\CNN\Test_TRIAL_DATASET_1-CLASS_1\leopard\leopard_10188.jpg,leopard,bobcat,22,2,bobcat,"(['raccoon', 'persian cat', 'humpback whale', 'leopard', 'giant panda'], [59.41, 32.03, 16.81, 10.53, 3.26])"
D:\ZSL\CNN\Test_TRIAL_DATASET_1-CLASS_1\leopard\leopard_10189.jpg,leopard,bobcat,22,2,bobcat,"(['raccoon', 'persian cat', 'humpback whale', 'leopard', 'giant panda'], [59.41, 32.03, 16.81, 10.53, 3.26])"
D:\ZSL\CNN\Test_TRIAL_DATASET_1-CLASS_1\leopard\leopard_10190.jpg,leopard,bobcat,22,2,bobcat,"(['raccoon', 'persian cat', 'humpback whale', 'leopard', 'giant panda'], [59.41, 32.03, 16.81, 10.53, 3.26])"
D:\ZSL\CNN\Test_TRIAL_DATASET_1-CLASS_1\leopard\leopard_10191.jpg,leopard,bobcat,22,2,bobcat,"(['raccoon', 'persian cat', 'humpback whale', 'leopard', 'giant panda'], [59.41, 32.03, 16.81, 10.53, 3.26])"
D:\ZSL\CNN\Test_TRIAL_DATASET_1-CLASS_1\leopard\leopard_10192.jpg,leopard,bobcat,22,2,bobcat,"(['raccoon', 'persian cat', 'humpback whale', 'leopard', 'giant panda'], [59.41, 32.03, 16.81, 10.53, 3.26])"
D:\ZSL\CNN\Test_TRIAL_DATASET_1-CLASS_1\leopard\leopard_10193.jpg,leopard,bobcat,22,2,bobcat,"(['raccoon', 'persian cat', 'humpback whale', 'leopard', 'giant panda'], [59.41, 32.03, 16.81, 10.53, 3.26])"
D:\ZSL\CNN\Test_TRIAL_DATASET_1-CLASS_1\leopard\leopard_10194.jpg,leopard,bobcat,22,2,bobcat,"(['raccoon', 'persian cat', 'humpback whale', 'leopard', 'giant panda'], [59.41, 32.03, 16.81, 10.53, 3.26])"
D:\ZSL\CNN\Test_TRIAL_DATASET_1-CLASS_1\leopard\leopard_10195.jpg,leopard,bobcat,22,2,bobcat,"(['raccoon', 'persian cat', 'humpback whale', 'leopard', 'giant panda'], [59.41, 32.03, 16.81, 10.53, 3.26])"
D:\ZSL\CNN\Test_TRIAL_DATASET_1-CLASS_1\leopard\leopard_10196.jpg,leopard,bobcat,22,2,bobcat,"(['raccoon', 'persian cat', 'humpback whale', 'leopard', 'giant panda'], [59.41, 32.03, 16.81, 10.53, 3.26])"
D:\ZSL\CNN\Test_TRIAL_DATASET_1-CLASS_1\leopard\leopard_10197.jpg,leopard,tiger,22,16,tiger,"(['leopard', 'giant panda', 'persian cat', 'seal', 'pig'], [75.51, 32.01, 21.95, 9.29, -0.46])"
D:\ZSL\CNN\Test_TRIAL_DATASET_1-CLASS_1\leopard\leopard_10198.jpg,leopard,bobcat,22,2,bobcat,"(['raccoon', 'persian cat', 'humpback whale', 'leopard', 'giant panda'], [59.41, 32.03, 16.81, 10.53, 3.26])"
D:\ZSL\CNN\Test_TRIAL_DATASET_1-CLASS_1\leopard\leopard_10199.jpg,leopard,bobcat,22,2,bobcat,"(['raccoon', 'persian cat', 'humpback whale', 'leopard', 'giant panda'], [59.41, 32.03, 16.81, 10.53, 3.26])"
D:\ZSL\CNN\Test_TRIAL_DATASET_1-CLASS_1\leopard\leopard_10200.jpg,leopard,bobcat,22,2,bobcat,"(['raccoon', 'persian cat', 'humpback whale', 'leopard', 'giant panda'], [59.41, 32.03, 16.81, 10.53, 3.26])"
D:\ZSL\CNN\Test_TRIAL_DATASET_1-CLASS_1\leopard\leopard_10201.jpg,leopard,bobcat,22,2,bobcat,"(['raccoon', 'persian cat', 'humpback whale', 'leopard', 'giant panda'], [59.41, 32.03, 16.81, 10.53, 3.26])"
D:\ZSL\CNN\Test_TRIAL_DATASET_1-CLASS_1\leopard\leopard_10202.jpg,leopard,bobcat,22,2,bobcat,"(['raccoon', 'persian cat', 'humpback whale', 'leopard', 'giant panda'], [59.41, 32.03, 16.81, 10.53, 3.26])"
D:\ZSL\CNN\Test_TRIAL_DATASET_1-CLASS_1\leopard\leopard_10203.jpg,leopard,bobcat,22,2,bobcat,"(['raccoon', 'persian cat', 'humpback whale', 'leopard', 'giant panda'], [59.41, 32.03, 16.81, 10.53, 3.26])"
D:\ZSL\CNN\Test_TRIAL_DATASET_1-CLASS_1\leopard\leopard_10204.jpg,leopard,tiger,22,16,tiger,"(['leopard', 'giant panda', 'persian cat', 'seal', 'pig'], [75.51, 32.01, 21.95, 9.29, -0.46])"
D:\ZSL\CNN\Test_TRIAL_DATASET_1-CLASS_1\leopard\leopard_10205.jpg,leopard,bobcat,22,2,bobcat,"(['raccoon', 'persian cat', 'humpback whale', 'leopard', 'giant panda'], [59.41, 32.03, 16.81, 10.53, 3.26])"
D:\ZSL\CNN\Test_TRIAL_DATASET_1-CLASS_1\leopard\leopard_10206.jpg,leopard,bobcat,22,2,bobcat,"(['raccoon', 'persian cat', 'humpback whale', 'leopard', 'giant panda'], [59.41, 32.03, 16.81, 10.53, 3.26])"
D:\ZSL\CNN\Test_TRIAL_DATASET_1-CLASS_1\leopard\leopard_10207.jpg,leopard,bobcat,22,2,bobcat,"(['raccoon', 'persian cat', 'humpback whale', 'leopard', 'giant panda'], [59.41, 32.03, 16.81, 10.53, 3.26])"
D:\ZSL\CNN\Test_TRIAL_DATASET_1-CLASS_1\leopard\leopard_10208.jpg,leopard,bobcat,22,2,bobcat,"(['raccoon', 'persian cat', 'humpback whale', 'leopard', 'giant panda'], [59.41, 32.03, 16.81, 10.53, 3.26])"
D:\ZSL\CNN\Test_TRIAL_DATASET_1-CLASS_1\leopard\leopard_10209.jpg,leopard,tiger,22,16,tiger,"(['leopard', 'giant panda', 'persian cat', 'seal', 'pig'], [75.51, 32.01, 21.95, 9.29, -0.46])"
D:\ZSL\CNN\Test_TRIAL_DATASET_1-CLASS_1\leopard\leopard_10210.jpg,leopard,bobcat,22,2,bobcat,"(['raccoon', 'persian cat', 'humpback whale', 'leopard', 'giant panda'], [59.41, 32.03, 16.81, 10.53, 3.26])"
D:\ZSL\CNN\Test_TRIAL_DATASET_1-CLASS_1\leopard\leopard_10211.jpg,leopard,tiger,22,16,tiger,"(['leopard', 'giant panda', 'persian cat', 'seal', 'pig'], [75.51, 32.01, 21.95, 9.29, -0.46])"
D:\ZSL\CNN\Test_TRIAL_DATASET_1-CLASS_1\leopard\leopard_10212.jpg,leopard,bobcat,22,2,bobcat,"(['raccoon', 'persian cat', 'humpback whale', 'leopard', 'giant panda'], [59.41, 32.03, 16.81, 10.53, 3.26])"
D:\ZSL\CNN\Test_TRIAL_DATASET_1-CLASS_1\leopard\leopard_10213.jpg,leopard,bobcat,22,2,bobcat,"(['raccoon', 'persian cat', 'humpback whale', 'leopard', 'giant panda'], [59.41, 32.03, 16.81, 10.53, 3.26])"
D:\ZSL\CNN\Test_TRIAL_DATASET_1-CLASS_1\leopard\leopard_10214.jpg,leopard,bobcat,22,2,bobcat,"(['raccoon', 'persian cat', 'humpback whale', 'leopard', 'giant panda'], [59.41, 32.03, 16.81, 10.53, 3.26])"
D:\ZSL\CNN\Test_TRIAL_DATASET_1-CLASS_1\leopard\leopard_10215.jpg,leopard,bobcat,22,2,bobcat,"(['raccoon', 'persian cat', 'humpback whale', 'leopard', 'giant panda'], [59.41, 32.03, 16.81, 10.53, 3.26])"
D:\ZSL\CNN\Test_TRIAL_DATASET_1-CLASS_1\leopard\leopard_10216.jpg,leopard,bobcat,22,2,bobcat,"(['raccoon', 'persian cat', 'humpback whale', 'leopard', 'giant panda'], [59.41, 32.03, 16.81, 10.53, 3.26])"
D:\ZSL\CNN\Test_TRIAL_DATASET_1-CLASS_1\leopard\leopard_10217.jpg,leopard,bobcat,22,2,bobcat,"(['raccoon', 'persian cat', 'humpback whale', 'leopard', 'giant panda'], [59.41, 32.03, 16.81, 10.53, 3.26])"
D:\ZSL\CNN\Test_TRIAL_DATASET_1-CLASS_1\leopard\leopard_10218.jpg,leopard,bobcat,22,2,bobcat,"(['raccoon', 'persian cat', 'humpback whale', 'leopard', 'giant panda'], [59.41, 32.03, 16.81, 10.53, 3.26])"
D:\ZSL\CNN\Test_TRIAL_DATASET_1-CLASS_1\leopard\leopard_10219.jpg,leopard,bobcat,22,2,bobcat,"(['raccoon', 'persian cat', 'humpback whale', 'leopard', 'giant panda'], [59.41, 32.03, 16.81, 10.53, 3.26])"
D:\ZSL\CNN\Test_TRIAL_DATASET_1-CLASS_1\leopard\leopard_10220.jpg,leopard,bobcat,22,2,bobcat,"(['raccoon', 'persian cat', 'humpback whale', 'leopard', 'giant panda'], [59.41, 32.03, 16.81, 10.53, 3.26])"
D:\ZSL\CNN\Test_TRIAL_DATASET_1-CLASS_1\leopard\leopard_10221.jpg,leopard,bobcat,22,2,bobcat,"(['raccoon', 'persian cat', 'humpback whale', 'leopard', 'giant panda'], [59.41, 32.03, 16.81, 10.53, 3.26])"
D:\ZSL\CNN\Test_TRIAL_DATASET_1-CLASS_1\leopard\leopard_10222.jpg,leopard,bobcat,22,2,bobcat,"(['raccoon', 'persian cat', 'humpback whale', 'leopard', 'giant panda'], [59.41, 32.03, 16.81, 10.53, 3.26])"
D:\ZSL\CNN\Test_TRIAL_DATASET_1-CLASS_1\leopard\leopard_10223.jpg,leopard,bobcat,22,2,bobcat,"(['raccoon', 'persian cat', 'humpback whale', 'leopard', 'giant panda'], [59.41, 32.03, 16.81, 10.53, 3.26])"
D:\ZSL\CNN\Test_TRIAL_DATASET_1-CLASS_1\leopard\leopard_10224.jpg,leopard,bobcat,22,2,bobcat,"(['raccoon', 'persian cat', 'humpback whale', 'leopard', 'giant panda'], [59.41, 32.03, 16.81, 10.53, 3.26])"
D:\ZSL\CNN\Test_TRIAL_DATASET_1-CLASS_1\leopard\leopard_10225.jpg,leopard,bobcat,22,2,bobcat,"(['raccoon', 'persian cat', 'humpback whale', 'leopard', 'giant panda'], [59.41, 32.03, 16.81, 10.53, 3.26])"
D:\ZSL\CNN\Test_TRIAL_DATASET_1-CLASS_1\leopard\leopard_10226.jpg,leopard,bobcat,22,2,bobcat,"(['raccoon', 'persian cat', 'humpback whale', 'leopard', 'giant panda'], [59.41, 32.03, 16.81, 10.53, 3.26])"
D:\ZSL\CNN\Test_TRIAL_DATASET_1-CLASS_1\leopard\leopard_10227.jpg,leopard,bobcat,22,2,bobcat,"(['raccoon', 'persian cat', 'humpback whale', 'leopard', 'giant panda'], [59.41, 32.03, 16.81, 10.53, 3.26])"
D:\ZSL\CNN\Test_TRIAL_DATASET_1-CLASS_1\leopard\leopard_10228.jpg,leopard,bobcat,22,2,bobcat,"(['raccoon', 'persian cat', 'humpback whale', 'leopard', 'giant panda'], [59.41, 32.03, 16.81, 10.53, 3.26])"
D:\ZSL\CNN\Test_TRIAL_DATASET_1-CLASS_1\leopard\leopard_10229.jpg,leopard,bobcat,22,2,bobcat,"(['raccoon', 'persian cat', 'humpback whale', 'leopard', 'giant panda'], [59.41, 32.03, 16.81, 10.53, 3.26])"
D:\ZSL\CNN\Test_TRIAL_DATASET_1-CLASS_1\leopard\leopard_10230.jpg,leopard,dolphin,22,4,dolphin,"(['humpback whale', 'seal', 'leopard', 'rat', 'chimpanzee'], [72.35, 51.32, 7.29, -5.12, -8.04])"
D:\ZSL\CNN\Test_TRIAL_DATASET_1-CLASS_1\leopard\leopard_10231.jpg,leopard,bobcat,22,2,bobcat,"(['raccoon', 'persian cat', 'humpback whale', 'leopard', 'giant panda'], [59.41, 32.03, 16.81, 10.53, 3.26])"
D:\ZSL\CNN\Test_TRIAL_DATASET_1-CLASS_1\leopard\leopard_10232.jpg,leopard,bobcat,22,2,bobcat,"(['raccoon', 'persian cat', 'humpback whale', 'leopard', 'giant panda'], [59.41, 32.03, 16.81, 10.53, 3.26])"
D:\ZSL\CNN\Test_TRIAL_DATASET_1-CLASS_1\leopard\leopard_10233.jpg,leopard,bobcat,22,2,bobcat,"(['raccoon', 'persian cat', 'humpback whale', 'leopard', 'giant panda'], [59.41, 32.03, 16.81, 10.53, 3.26])"
D:\ZSL\CNN\Test_TRIAL_DATASET_1-CLASS_1\leopard\leopard_10234.jpg,leopard,tiger,22,16,tiger,"(['leopard', 'giant panda', 'persian cat', 'seal', 'pig'], [75.51, 32.01, 21.95, 9.29, -0.46])"
D:\ZSL\CNN\Test_TRIAL_DATASET_1-CLASS_1\leopard\leopard_10235.jpg,leopard,bobcat,22,2,bobcat,"(['raccoon', 'persian cat', 'humpback whale', 'leopard', 'giant panda'], [59.41, 32.03, 16.81, 10.53, 3.26])"
D:\ZSL\CNN\Test_TRIAL_DATASET_1-CLASS_1\leopard\leopard_10236.jpg,leopard,bobcat,22,2,bobcat,"(['raccoon', 'persian cat', 'humpback whale', 'leopard', 'giant panda'], [59.41, 32.03, 16.81, 10.53, 3.26])"
D:\ZSL\CNN\Test_TRIAL_DATASET_1-CLASS_1\leopard\leopard_10237.jpg,leopard,bobcat,22,2,bobcat,"(['raccoon', 'persian cat', 'humpback whale', 'leopard', 'giant panda'], [59.41, 32.03, 16.81, 10.53, 3.26])"
D:\ZSL\CNN\Test_TRIAL_DATASET_1-CLASS_1\leopard\leopard_10238.jpg,leopard,bobcat,22,2,bobcat,"(['raccoon', 'persian cat', 'humpback whale', 'leopard', 'giant panda'], [59.41, 32.03, 16.81, 10.53, 3.26])"
D:\ZSL\CNN\Test_TRIAL_DATASET_1-CLASS_1\leopard\leopard_10239.jpg,leopard,tiger,22,16,tiger,"(['leopard', 'giant panda', 'persian cat', 'seal', 'pig'], [75.51, 32.01, 21.95, 9.29, -0.46])"
D:\ZSL\CNN\Test_TRIAL_DATASET_1-CLASS_1\leopard\leopard_10240.jpg,leopard,bobcat,22,2,bobcat,"(['raccoon', 'persian cat', 'humpback whale', 'leopard', 'giant panda'], [59.41, 32.03, 16.81, 10.53, 3.26])"
D:\ZSL\CNN\Test_TRIAL_DATASET_1-CLASS_1\leopard\leopard_10241.jpg,leopard,bobcat,22,2,bobcat,"(['raccoon', 'persian cat', 'humpback whale', 'leopard', 'giant panda'], [59.41, 32.03, 16.81, 10.53, 3.26])"
D:\ZSL\CNN\Test_TRIAL_DATASET_1-CLASS_1\leopard\leopard_10242.jpg,leopard,tiger,22,16,tiger,"(['leopard', 'giant panda', 'persian cat', 'seal', 'pig'], [75.51, 32.01, 21.95, 9.29, -0.46])"
D:\ZSL\CNN\Test_TRIAL_DATASET_1-CLASS_1\leopard\leopard_10243.jpg,leopard,bobcat,22,2,bobcat,"(['raccoon', 'persian cat', 'humpback whale', 'leopard', 'giant panda'], [59.41, 32.03, 16.81, 10.53, 3.26])"
D:\ZSL\CNN\Test_TRIAL_DATASET_1-CLASS_1\leopard\leopard_10244.jpg,leopard,tiger,22,16,tiger,"(['leopard', 'giant panda', 'persian cat', 'seal', 'pig'], [75.51, 32.01, 21.95, 9.29, -0.46])"
D:\ZSL\CNN\Test_TRIAL_DATASET_1-CLASS_1\leopard\leopard_10245.jpg,leopard,bobcat,22,2,bobcat,"(['raccoon', 'persian cat', 'humpback whale', 'leopard', 'giant panda'], [59.41, 32.03, 16.81, 10.53, 3.26])"
D:\ZSL\CNN\Test_TRIAL_DATASET_1-CLASS_1\leopard\leopard_10246.jpg,leopard,tiger,22,16,tiger,"(['leopard', 'giant panda', 'persian cat', 'seal', 'pig'], [75.51, 32.01, 21.95, 9.29, -0.46])"
D:\ZSL\CNN\Test_TRIAL_DATASET_1-CLASS_1\leopard\leopard_10247.jpg,leopard,bobcat,22,2,bobcat,"(['raccoon', 'persian cat', 'humpback whale', 'leopard', 'giant panda'], [59.41, 32.03, 16.81, 10.53, 3.26])"
D:\ZSL\CNN\Test_TRIAL_DATASET_1-CLASS_1\leopard\leopard_10248.jpg,leopard,bobcat,22,2,bobcat,"(['raccoon', 'persian cat', 'humpback whale', 'leopard', 'giant panda'], [59.41, 32.03, 16.81, 10.53, 3.26])"
D:\ZSL\CNN\Test_TRIAL_DATASET_1-CLASS_1\leopard\leopard_10249.jpg,leopard,bobcat,22,2,bobcat,"(['raccoon', 'persian cat', 'humpback whale', 'leopard', 'giant panda'], [59.41, 32.03, 16.81, 10.53, 3.26])"
D:\ZSL\CNN\Test_TRIAL_DATASET_1-CLASS_1\leopard\leopard_10250.jpg,leopard,bobcat,22,2,bobcat,"(['raccoon', 'persian cat', 'humpback whale', 'leopard', 'giant panda'], [59.41, 32.03, 16.81, 10.53, 3.26])"
D:\ZSL\CNN\Test_TRIAL_DATASET_1-CLASS_1\leopard\leopard_10251.jpg,leopard,bobcat,22,2,bobcat,"(['raccoon', 'persian cat', 'humpback whale', 'leopard', 'giant panda'], [59.41, 32.03, 16.81, 10.53, 3.26])"
D:\ZSL\CNN\Test_TRIAL_DATASET_1-CLASS_1\leopard\leopard_10252.jpg,leopard,bobcat,22,2,bobcat,"(['raccoon', 'persian cat', 'humpback whale', 'leopard', 'giant panda'], [59.41, 32.03, 16.81, 10.53, 3.26])"
D:\ZSL\CNN\Test_TRIAL_DATASET_1-CLASS_1\leopard\leopard_10253.jpg,leopard,bobcat,22,2,bobcat,"(['raccoon', 'persian cat', 'humpback whale', 'leopard', 'giant panda'], [59.41, 32.03, 16.81, 10.53, 3.26])"
D:\ZSL\CNN\Test_TRIAL_DATASET_1-CLASS_1\leopard\leopard_10254.jpg,leopard,bobcat,22,2,bobcat,"(['raccoon', 'persian cat', 'humpback whale', 'leopard', 'giant panda'], [59.41, 32.03, 16.81, 10.53, 3.26])"
D:\ZSL\CNN\Test_TRIAL_DATASET_1-CLASS_1\leopard\leopard_10255.jpg,leopard,bobcat,22,2,bobcat,"(['raccoon', 'persian cat', 'humpback whale', 'leopard', 'giant panda'], [59.41, 32.03, 16.81, 10.53, 3.26])"
D:\ZSL\CNN\Test_TRIAL_DATASET_1-CLASS_1\leopard\leopard_10256.jpg,leopard,bobcat,22,2,bobcat,"(['raccoon', 'persian cat', 'humpback whale', 'leopard', 'giant panda'], [59.41, 32.03, 16.81, 10.53, 3.26])"
D:\ZSL\CNN\Test_TRIAL_DATASET_1-CLASS_1\leopard\leopard_10257.jpg,leopard,bobcat,22,2,bobcat,"(['raccoon', 'persian cat', 'humpback whale', 'leopard', 'giant panda'], [59.41, 32.03, 16.81, 10.53, 3.26])"
D:\ZSL\CNN\Test_TRIAL_DATASET_1-CLASS_1\leopard\leopard_10258.jpg,leopard,bobcat,22,2,bobcat,"(['raccoon', 'persian cat', 'humpback whale', 'leopard', 'giant panda'], [59.41, 32.03, 16.81, 10.53, 3.26])"
D:\ZSL\CNN\Test_TRIAL_DATASET_1-CLASS_1\leopard\leopard_10259.jpg,leopard,bobcat,22,2,bobcat,"(['raccoon', 'persian cat', 'humpback whale', 'leopard', 'giant panda'], [59.41, 32.03, 16.81, 10.53, 3.26])"
D:\ZSL\CNN\Test_TRIAL_DATASET_1-CLASS_1\leopard\leopard_10260.jpg,leopard,bobcat,22,2,bobcat,"(['raccoon', 'persian cat', 'humpback whale', 'leopard', 'giant panda'], [59.41, 32.03, 16.81, 10.53, 3.26])"
D:\ZSL\CNN\Test_TRIAL_DATASET_1-CLASS_1\leopard\leopard_10261.jpg,leopard,bobcat,22,2,bobcat,"(['raccoon', 'persian cat', 'humpback whale', 'leopard', 'giant panda'], [59.41, 32.03, 16.81, 10.53, 3.26])"
D:\ZSL\CNN\Test_TRIAL_DATASET_1-CLASS_1\leopard\leopard_10262.jpg,leopard,bobcat,22,2,bobcat,"(['raccoon', 'persian cat', 'humpback whale', 'leopard', 'giant panda'], [59.41, 32.03, 16.81, 10.53, 3.26])"
D:\ZSL\CNN\Test_TRIAL_DATASET_1-CLASS_1\leopard\leopard_10263.jpg,leopard,bobcat,22,2,bobcat,"(['raccoon', 'persian cat', 'humpback whale', 'leopard', 'giant panda'], [59.41, 32.03, 16.81, 10.53, 3.26])"
D:\ZSL\CNN\Test_TRIAL_DATASET_1-CLASS_1\leopard\leopard_10264.jpg,leopard,tiger,22,16,tiger,"(['leopard', 'giant panda', 'persian cat', 'seal', 'pig'], [75.51, 32.01, 21.95, 9.29, -0.46])"
D:\ZSL\CNN\Test_TRIAL_DATASET_1-CLASS_1\leopard\leopard_10265.jpg,leopard,bobcat,22,2,bobcat,"(['raccoon', 'persian cat', 'humpback whale', 'leopard', 'giant panda'], [59.41, 32.03, 16.81, 10.53, 3.26])"
D:\ZSL\CNN\Test_TRIAL_DATASET_1-CLASS_1\leopard\leopard_10266.jpg,leopard,bobcat,22,2,bobcat,"(['raccoon', 'persian cat', 'humpback whale', 'leopard', 'giant panda'], [59.41, 32.03, 16.81, 10.53, 3.26])"
D:\ZSL\CNN\Test_TRIAL_DATASET_1-CLASS_1\leopard\leopard_10267.jpg,leopard,bobcat,22,2,bobcat,"(['raccoon', 'persian cat', 'humpback whale', 'leopard', 'giant panda'], [59.41, 32.03, 16.81, 10.53, 3.26])"
D:\ZSL\CNN\Test_TRIAL_DATASET_1-CLASS_1\leopard\leopard_10268.jpg,leopard,bobcat,22,2,bobcat,"(['raccoon', 'persian cat', 'humpback whale', 'leopard', 'giant panda'], [59.41, 32.03, 16.81, 10.53, 3.26])"
D:\ZSL\CNN\Test_TRIAL_DATASET_1-CLASS_1\leopard\leopard_10269.jpg,leopard,bobcat,22,2,bobcat,"(['raccoon', 'persian cat', 'humpback whale', 'leopard', 'giant panda'], [59.41, 32.03, 16.81, 10.53, 3.26])"
D:\ZSL\CNN\Test_TRIAL_DATASET_1-CLASS_1\leopard\leopard_10270.jpg,leopard,bobcat,22,2,bobcat,"(['raccoon', 'persian cat', 'humpback whale', 'leopard', 'giant panda'], [59.41, 32.03, 16.81, 10.53, 3.26])"
D:\ZSL\CNN\Test_TRIAL_DATASET_1-CLASS_1\leopard\leopard_10271.jpg,leopard,tiger,22,16,tiger,"(['leopard', 'giant panda', 'persian cat', 'seal', 'pig'], [75.51, 32.01, 21.95, 9.29, -0.46])"
D:\ZSL\CNN\Test_TRIAL_DATASET_1-CLASS_1\leopard\leopard_10272.jpg,leopard,bobcat,22,2,bobcat,"(['raccoon', 'persian cat', 'humpback whale', 'leopard', 'giant panda'], [59.41, 32.03, 16.81, 10.53, 3.26])"
D:\ZSL\CNN\Test_TRIAL_DATASET_1-CLASS_1\leopard\leopard_10273.jpg,leopard,bobcat,22,2,bobcat,"(['raccoon', 'persian cat', 'humpback whale', 'leopard', 'giant panda'], [59.41, 32.03, 16.81, 10.53, 3.26])"
D:\ZSL\CNN\Test_TRIAL_DATASET_1-CLASS_1\leopard\leopard_10274.jpg,leopard,bobcat,22,2,bobcat,"(['raccoon', 'persian cat', 'humpback whale', 'leopard', 'giant panda'], [59.41, 32.03, 16.81, 10.53, 3.26])"
D:\ZSL\CNN\Test_TRIAL_DATASET_1-CLASS_1\leopard\leopard_10275.jpg,leopard,bobcat,22,2,bobcat,"(['raccoon', 'persian cat', 'humpback whale', 'leopard', 'giant panda'], [59.41, 32.03, 16.81, 10.53, 3.26])"
D:\ZSL\CNN\Test_TRIAL_DATASET_1-CLASS_1\leopard\leopard_10276.jpg,leopard,bobcat,22,2,bobcat,"(['raccoon', 'persian cat', 'humpback whale', 'leopard', 'giant panda'], [59.41, 32.03, 16.81, 10.53, 3.26])"
D:\ZSL\CNN\Test_TRIAL_DATASET_1-CLASS_1\leopard\leopard_10277.jpg,leopard,bobcat,22,2,bobcat,"(['raccoon', 'persian cat', 'humpback whale', 'leopard', 'giant panda'], [59.41, 32.03, 16.81, 10.53, 3.26])"
D:\ZSL\CNN\Test_TRIAL_DATASET_1-CLASS_1\leopard\leopard_10278.jpg,leopard,bobcat,22,2,bobcat,"(['raccoon', 'persian cat', 'humpback whale', 'leopard', 'giant panda'], [59.41, 32.03, 16.81, 10.53, 3.26])"
D:\ZSL\CNN\Test_TRIAL_DATASET_1-CLASS_1\leopard\leopard_10279.jpg,leopard,bobcat,22,2,bobcat,"(['raccoon', 'persian cat', 'humpback whale', 'leopard', 'giant panda'], [59.41, 32.03, 16.81, 10.53, 3.26])"
D:\ZSL\CNN\Test_TRIAL_DATASET_1-CLASS_1\leopard\leopard_10280.jpg,leopard,bobcat,22,2,bobcat,"(['raccoon', 'persian cat', 'humpback whale', 'leopard', 'giant panda'], [59.41, 32.03, 16.81, 10.53, 3.26])"
D:\ZSL\CNN\Test_TRIAL_DATASET_1-CLASS_1\leopard\leopard_10281.jpg,leopard,bobcat,22,2,bobcat,"(['raccoon', 'persian cat', 'humpback whale', 'leopard', 'giant panda'], [59.41, 32.03, 16.81, 10.53, 3.26])"
D:\ZSL\CNN\Test_TRIAL_DATASET_1-CLASS_1\leopard\leopard_10282.jpg,leopard,bobcat,22,2,bobcat,"(['raccoon', 'persian cat', 'humpback whale', 'leopard', 'giant panda'], [59.41, 32.03, 16.81, 10.53, 3.26])"
D:\ZSL\CNN\Test_TRIAL_DATASET_1-CLASS_1\leopard\leopard_10283.jpg,leopard,tiger,22,16,tiger,"(['leopard', 'giant panda', 'persian cat', 'seal', 'pig'], [75.51, 32.01, 21.95, 9.29, -0.46])"
D:\ZSL\CNN\Test_TRIAL_DATASET_1-CLASS_1\leopard\leopard_10284.jpg,leopard,bobcat,22,2,bobcat,"(['raccoon', 'persian cat', 'humpback whale', 'leopard', 'giant panda'], [59.41, 32.03, 16.81, 10.53, 3.26])"
D:\ZSL\CNN\Test_TRIAL_DATASET_1-CLASS_1\leopard\leopard_10285.jpg,leopard,bobcat,22,2,bobcat,"(['raccoon', 'persian cat', 'humpback whale', 'leopard', 'giant panda'], [59.41, 32.03, 16.81, 10.53, 3.26])"
D:\ZSL\CNN\Test_TRIAL_DATASET_1-CLASS_1\leopard\leopard_10286.jpg,leopard,bobcat,22,2,bobcat,"(['raccoon', 'persian cat', 'humpback whale', 'leopard', 'giant panda'], [59.41, 32.03, 16.81, 10.53, 3.26])"
D:\ZSL\CNN\Test_TRIAL_DATASET_1-CLASS_1\leopard\leopard_10287.jpg,leopard,bobcat,22,2,bobcat,"(['raccoon', 'persian cat', 'humpback whale', 'leopard', 'giant panda'], [59.41, 32.03, 16.81, 10.53, 3.26])"
D:\ZSL\CNN\Test_TRIAL_DATASET_1-CLASS_1\leopard\leopard_10288.jpg,leopard,bobcat,22,2,bobcat,"(['raccoon', 'persian cat', 'humpback whale', 'leopard', 'giant panda'], [59.41, 32.03, 16.81, 10.53, 3.26])"
D:\ZSL\CNN\Test_TRIAL_DATASET_1-CLASS_1\leopard\leopard_10289.jpg,leopard,bobcat,22,2,bobcat,"(['raccoon', 'persian cat', 'humpback whale', 'leopard', 'giant panda'], [59.41, 32.03, 16.81, 10.53, 3.26])"
D:\ZSL\CNN\Test_TRIAL_DATASET_1-CLASS_1\leopard\leopard_10290.jpg,leopard,bobcat,22,2,bobcat,"(['raccoon', 'persian cat', 'humpback whale', 'leopard', 'giant panda'], [59.41, 32.03, 16.81, 10.53, 3.26])"
D:\ZSL\CNN\Test_TRIAL_DATASET_1-CLASS_1\leopard\leopard_10291.jpg,leopard,bobcat,22,2,bobcat,"(['raccoon', 'persian cat', 'humpback whale', 'leopard', 'giant panda'], [59.41, 32.03, 16.81, 10.53, 3.26])"
D:\ZSL\CNN\Test_TRIAL_DATASET_1-CLASS_1\leopard\leopard_10292.jpg,leopard,bobcat,22,2,bobcat,"(['raccoon', 'persian cat', 'humpback whale', 'leopard', 'giant panda'], [59.41, 32.03, 16.81, 10.53, 3.26])"
D:\ZSL\CNN\Test_TRIAL_DATASET_1-CLASS_1\leopard\leopard_10293.jpg,leopard,bobcat,22,2,bobcat,"(['raccoon', 'persian cat', 'humpback whale', 'leopard', 'giant panda'], [59.41, 32.03, 16.81, 10.53, 3.26])"
D:\ZSL\CNN\Test_TRIAL_DATASET_1-CLASS_1\leopard\leopard_10294.jpg,leopard,bobcat,22,2,bobcat,"(['raccoon', 'persian cat', 'humpback whale', 'leopard', 'giant panda'], [59.41, 32.03, 16.81, 10.53, 3.26])"
D:\ZSL\CNN\Test_TRIAL_DATASET_1-CLASS_1\leopard\leopard_10295.jpg,leopard,mouse,22,9,mouse,"(['rat', 'leopard', 'pig', 'raccoon', 'persian cat'], [84.74, 53.94, 16.24, -3.35, -10.14])"
D:\ZSL\CNN\Test_TRIAL_DATASET_1-CLASS_1\leopard\leopard_10296.jpg,leopard,bobcat,22,2,bobcat,"(['raccoon', 'persian cat', 'humpback whale', 'leopard', 'giant panda'], [59.41, 32.03, 16.81, 10.53, 3.26])"
D:\ZSL\CNN\Test_TRIAL_DATASET_1-CLASS_1\leopard\leopard_10297.jpg,leopard,bobcat,22,2,bobcat,"(['raccoon', 'persian cat', 'humpback whale', 'leopard', 'giant panda'], [59.41, 32.03, 16.81, 10.53, 3.26])"
D:\ZSL\CNN\Test_TRIAL_DATASET_1-CLASS_1\leopard\leopard_10298.jpg,leopard,bobcat,22,2,bobcat,"(['raccoon', 'persian cat', 'humpback whale', 'leopard', 'giant panda'], [59.41, 32.03, 16.81, 10.53, 3.26])"
D:\ZSL\CNN\Test_TRIAL_DATASET_1-CLASS_1\leopard\leopard_10299.jpg,leopard,bobcat,22,2,bobcat,"(['raccoon', 'persian cat', 'humpback whale', 'leopard', 'giant panda'], [59.41, 32.03, 16.81, 10.53, 3.26])"
D:\ZSL\CNN\Test_TRIAL_DATASET_1-CLASS_1\leopard\leopard_10300.jpg,leopard,bobcat,22,2,bobcat,"(['raccoon', 'persian cat', 'humpback whale', 'leopard', 'giant panda'], [59.41, 32.03, 16.81, 10.53, 3.26])"
D:\ZSL\CNN\Test_TRIAL_DATASET_1-CLASS_1\leopard\leopard_10301.jpg,leopard,bobcat,22,2,bobcat,"(['raccoon', 'persian cat', 'humpback whale', 'leopard', 'giant panda'], [59.41, 32.03, 16.81, 10.53, 3.26])"
D:\ZSL\CNN\Test_TRIAL_DATASET_1-CLASS_1\leopard\leopard_10302.jpg,leopard,bobcat,22,2,bobcat,"(['raccoon', 'persian cat', 'humpback whale', 'leopard', 'giant panda'], [59.41, 32.03, 16.81, 10.53, 3.26])"
D:\ZSL\CNN\Test_TRIAL_DATASET_1-CLASS_1\leopard\leopard_10303.jpg,leopard,bobcat,22,2,bobcat,"(['raccoon', 'persian cat', 'humpback whale', 'leopard', 'giant panda'], [59.41, 32.03, 16.81, 10.53, 3.26])"
D:\ZSL\CNN\Test_TRIAL_DATASET_1-CLASS_1\leopard\leopard_10304.jpg,leopard,bobcat,22,2,bobcat,"(['raccoon', 'persian cat', 'humpback whale', 'leopard', 'giant panda'], [59.41, 32.03, 16.81, 10.53, 3.26])"
D:\ZSL\CNN\Test_TRIAL_DATASET_1-CLASS_1\leopard\leopard_10305.jpg,leopard,bobcat,22,2,bobcat,"(['raccoon', 'persian cat', 'humpback whale', 'leopard', 'giant panda'], [59.41, 32.03, 16.81, 10.53, 3.26])"
D:\ZSL\CNN\Test_TRIAL_DATASET_1-CLASS_1\leopard\leopard_10306.jpg,leopard,bobcat,22,2,bobcat,"(['raccoon', 'persian cat', 'humpback whale', 'leopard', 'giant panda'], [59.41, 32.03, 16.81, 10.53, 3.26])"
D:\ZSL\CNN\Test_TRIAL_DATASET_1-CLASS_1\leopard\leopard_10307.jpg,leopard,bobcat,22,2,bobcat,"(['raccoon', 'persian cat', 'humpback whale', 'leopard', 'giant panda'], [59.41, 32.03, 16.81, 10.53, 3.26])"
D:\ZSL\CNN\Test_TRIAL_DATASET_1-CLASS_1\leopard\leopard_10308.jpg,leopard,bobcat,22,2,bobcat,"(['raccoon', 'persian cat', 'humpback whale', 'leopard', 'giant panda'], [59.41, 32.03, 16.81, 10.53, 3.26])"
D:\ZSL\CNN\Test_TRIAL_DATASET_1-CLASS_1\leopard\leopard_10309.jpg,leopard,bobcat,22,2,bobcat,"(['raccoon', 'persian cat', 'humpback whale', 'leopard', 'giant panda'], [59.41, 32.03, 16.81, 10.53, 3.26])"
D:\ZSL\CNN\Test_TRIAL_DATASET_1-CLASS_1\leopard\leopard_10310.jpg,leopard,bobcat,22,2,bobcat,"(['raccoon', 'persian cat', 'humpback whale', 'leopard', 'giant panda'], [59.41, 32.03, 16.81, 10.53, 3.26])"
D:\ZSL\CNN\Test_TRIAL_DATASET_1-CLASS_1\leopard\leopard_10311.jpg,leopard,bobcat,22,2,bobcat,"(['raccoon', 'persian cat', 'humpback whale', 'leopard', 'giant panda'], [59.41, 32.03, 16.81, 10.53, 3.26])"
D:\ZSL\CNN\Test_TRIAL_DATASET_1-CLASS_1\leopard\leopard_10312.jpg,leopard,tiger,22,16,tiger,"(['leopard', 'giant panda', 'persian cat', 'seal', 'pig'], [75.51, 32.01, 21.95, 9.29, -0.46])"
D:\ZSL\CNN\Test_TRIAL_DATASET_1-CLASS_1\leopard\leopard_10313.jpg,leopard,bobcat,22,2,bobcat,"(['raccoon', 'persian cat', 'humpback whale', 'leopard', 'giant panda'], [59.41, 32.03, 16.81, 10.53, 3.26])"
D:\ZSL\CNN\Test_TRIAL_DATASET_1-CLASS_1\leopard\leopard_10314.jpg,leopard,bobcat,22,2,bobcat,"(['raccoon', 'persian cat', 'humpback whale', 'leopard', 'giant panda'], [59.41, 32.03, 16.81, 10.53, 3.26])"
D:\ZSL\CNN\Test_TRIAL_DATASET_1-CLASS_1\leopard\leopard_10315.jpg,leopard,bobcat,22,2,bobcat,"(['raccoon', 'persian cat', 'humpback whale', 'leopard', 'giant panda'], [59.41, 32.03, 16.81, 10.53, 3.26])"
D:\ZSL\CNN\Test_TRIAL_DATASET_1-CLASS_1\leopard\leopard_10316.jpg,leopard,bobcat,22,2,bobcat,"(['raccoon', 'persian cat', 'humpback whale', 'leopard', 'giant panda'], [59.41, 32.03, 16.81, 10.53, 3.26])"
D:\ZSL\CNN\Test_TRIAL_DATASET_1-CLASS_1\leopard\leopard_10317.jpg,leopard,tiger,22,16,tiger,"(['leopard', 'giant panda', 'persian cat', 'seal', 'pig'], [75.51, 32.01, 21.95, 9.29, -0.46])"
D:\ZSL\CNN\Test_TRIAL_DATASET_1-CLASS_1\leopard\leopard_10318.jpg,leopard,bobcat,22,2,bobcat,"(['raccoon', 'persian cat', 'humpback whale', 'leopard', 'giant panda'], [59.41, 32.03, 16.81, 10.53, 3.26])"
D:\ZSL\CNN\Test_TRIAL_DATASET_1-CLASS_1\leopard\leopard_10319.jpg,leopard,bobcat,22,2,bobcat,"(['raccoon', 'persian cat', 'humpback whale', 'leopard', 'giant panda'], [59.41, 32.03, 16.81, 10.53, 3.26])"
D:\ZSL\CNN\Test_TRIAL_DATASET_1-CLASS_1\leopard\leopard_10320.jpg,leopard,bobcat,22,2,bobcat,"(['raccoon', 'persian cat', 'humpback whale', 'leopard', 'giant panda'], [59.41, 32.03, 16.81, 10.53, 3.26])"
D:\ZSL\CNN\Test_TRIAL_DATASET_1-CLASS_1\leopard\leopard_10321.jpg,leopard,bobcat,22,2,bobcat,"(['raccoon', 'persian cat', 'humpback whale', 'leopard', 'giant panda'], [59.41, 32.03, 16.81, 10.53, 3.26])"
D:\ZSL\CNN\Test_TRIAL_DATASET_1-CLASS_1\leopard\leopard_10322.jpg,leopard,bobcat,22,2,bobcat,"(['raccoon', 'persian cat', 'humpback whale', 'leopard', 'giant panda'], [59.41, 32.03, 16.81, 10.53, 3.26])"
D:\ZSL\CNN\Test_TRIAL_DATASET_1-CLASS_1\leopard\leopard_10323.jpg,leopard,bobcat,22,2,bobcat,"(['raccoon', 'persian cat', 'humpback whale', 'leopard', 'giant panda'], [59.41, 32.03, 16.81, 10.53, 3.26])"
D:\ZSL\CNN\Test_TRIAL_DATASET_1-CLASS_1\leopard\leopard_10324.jpg,leopard,bobcat,22,2,bobcat,"(['raccoon', 'persian cat', 'humpback whale', 'leopard', 'giant panda'], [59.41, 32.03, 16.81, 10.53, 3.26])"
D:\ZSL\CNN\Test_TRIAL_DATASET_1-CLASS_1\leopard\leopard_10325.jpg,leopard,bobcat,22,2,bobcat,"(['raccoon', 'persian cat', 'humpback whale', 'leopard', 'giant panda'], [59.41, 32.03, 16.81, 10.53, 3.26])"
D:\ZSL\CNN\Test_TRIAL_DATASET_1-CLASS_1\leopard\leopard_10326.jpg,leopard,bobcat,22,2,bobcat,"(['raccoon', 'persian cat', 'humpback whale', 'leopard', 'giant panda'], [59.41, 32.03, 16.81, 10.53, 3.26])"
D:\ZSL\CNN\Test_TRIAL_DATASET_1-CLASS_1\leopard\leopard_10327.jpg,leopard,tiger,22,16,tiger,"(['leopard', 'giant panda', 'persian cat', 'seal', 'pig'], [75.51, 32.01, 21.95, 9.29, -0.46])"
D:\ZSL\CNN\Test_TRIAL_DATASET_1-CLASS_1\leopard\leopard_10328.jpg,leopard,bobcat,22,2,bobcat,"(['raccoon', 'persian cat', 'humpback whale', 'leopard', 'giant panda'], [59.41, 32.03, 16.81, 10.53, 3.26])"
D:\ZSL\CNN\Test_TRIAL_DATASET_1-CLASS_1\leopard\leopard_10329.jpg,leopard,bobcat,22,2,bobcat,"(['raccoon', 'persian cat', 'humpback whale', 'leopard', 'giant panda'], [59.41, 32.03, 16.81, 10.53, 3.26])"
D:\ZSL\CNN\Test_TRIAL_DATASET_1-CLASS_1\leopard\leopard_10330.jpg,leopard,bobcat,22,2,bobcat,"(['raccoon', 'persian cat', 'humpback whale', 'leopard', 'giant panda'], [59.41, 32.03, 16.81, 10.53, 3.26])"
D:\ZSL\CNN\Test_TRIAL_DATASET_1-CLASS_1\leopard\leopard_10331.jpg,leopard,bobcat,22,2,bobcat,"(['raccoon', 'persian cat', 'humpback whale', 'leopard', 'giant panda'], [59.41, 32.03, 16.81, 10.53, 3.26])"
D:\ZSL\CNN\Test_TRIAL_DATASET_1-CLASS_1\leopard\leopard_10332.jpg,leopard,tiger,22,16,tiger,"(['leopard', 'giant panda', 'persian cat', 'seal', 'pig'], [75.51, 32.01, 21.95, 9.29, -0.46])"
D:\ZSL\CNN\Test_TRIAL_DATASET_1-CLASS_1\leopard\leopard_10333.jpg,leopard,tiger,22,16,tiger,"(['leopard', 'giant panda', 'persian cat', 'seal', 'pig'], [75.51, 32.01, 21.95, 9.29, -0.46])"
D:\ZSL\CNN\Test_TRIAL_DATASET_1-CLASS_1\leopard\leopard_10334.jpg,leopard,tiger,22,16,tiger,"(['leopard', 'giant panda', 'persian cat', 'seal', 'pig'], [75.51, 32.01, 21.95, 9.29, -0.46])"
D:\ZSL\CNN\Test_TRIAL_DATASET_1-CLASS_1\leopard\leopard_10335.jpg,leopard,bobcat,22,2,bobcat,"(['raccoon', 'persian cat', 'humpback whale', 'leopard', 'giant panda'], [59.41, 32.03, 16.81, 10.53, 3.26])"
D:\ZSL\CNN\Test_TRIAL_DATASET_1-CLASS_1\leopard\leopard_10336.jpg,leopard,bobcat,22,2,bobcat,"(['raccoon', 'persian cat', 'humpback whale', 'leopard', 'giant panda'], [59.41, 32.03, 16.81, 10.53, 3.26])"
D:\ZSL\CNN\Test_TRIAL_DATASET_1-CLASS_1\leopard\leopard_10337.jpg,leopard,bobcat,22,2,bobcat,"(['raccoon', 'persian cat', 'humpback whale', 'leopard', 'giant panda'], [59.41, 32.03, 16.81, 10.53, 3.26])"
D:\ZSL\CNN\Test_TRIAL_DATASET_1-CLASS_1\leopard\leopard_10338.jpg,leopard,bobcat,22,2,bobcat,"(['raccoon', 'persian cat', 'humpback whale', 'leopard', 'giant panda'], [59.41, 32.03, 16.81, 10.53, 3.26])"
D:\ZSL\CNN\Test_TRIAL_DATASET_1-CLASS_1\leopard\leopard_10339.jpg,leopard,bobcat,22,2,bobcat,"(['raccoon', 'persian cat', 'humpback whale', 'leopard', 'giant panda'], [59.41, 32.03, 16.81, 10.53, 3.26])"
D:\ZSL\CNN\Test_TRIAL_DATASET_1-CLASS_1\leopard\leopard_10340.jpg,leopard,tiger,22,16,tiger,"(['leopard', 'giant panda', 'persian cat', 'seal', 'pig'], [75.51, 32.01, 21.95, 9.29, -0.46])"
D:\ZSL\CNN\Test_TRIAL_DATASET_1-CLASS_1\leopard\leopard_10341.jpg,leopard,bobcat,22,2,bobcat,"(['raccoon', 'persian cat', 'humpback whale', 'leopard', 'giant panda'], [59.41, 32.03, 16.81, 10.53, 3.26])"
D:\ZSL\CNN\Test_TRIAL_DATASET_1-CLASS_1\leopard\leopard_10342.jpg,leopard,bobcat,22,2,bobcat,"(['raccoon', 'persian cat', 'humpback whale', 'leopard', 'giant panda'], [59.41, 32.03, 16.81, 10.53, 3.26])"
D:\ZSL\CNN\Test_TRIAL_DATASET_1-CLASS_1\leopard\leopard_10343.jpg,leopard,bobcat,22,2,bobcat,"(['raccoon', 'persian cat', 'humpback whale', 'leopard', 'giant panda'], [59.41, 32.03, 16.81, 10.53, 3.26])"
D:\ZSL\CNN\Test_TRIAL_DATASET_1-CLASS_1\leopard\leopard_10344.jpg,leopard,bobcat,22,2,bobcat,"(['raccoon', 'persian cat', 'humpback whale', 'leopard', 'giant panda'], [59.41, 32.03, 16.81, 10.53, 3.26])"
D:\ZSL\CNN\Test_TRIAL_DATASET_1-CLASS_1\leopard\leopard_10345.jpg,leopard,bobcat,22,2,bobcat,"(['raccoon', 'persian cat', 'humpback whale', 'leopard', 'giant panda'], [59.41, 32.03, 16.81, 10.53, 3.26])"
D:\ZSL\CNN\Test_TRIAL_DATASET_1-CLASS_1\leopard\leopard_10346.jpg,leopard,bobcat,22,2,bobcat,"(['raccoon', 'persian cat', 'humpback whale', 'leopard', 'giant panda'], [59.41, 32.03, 16.81, 10.53, 3.26])"
D:\ZSL\CNN\Test_TRIAL_DATASET_1-CLASS_1\leopard\leopard_10347.jpg,leopard,bobcat,22,2,bobcat,"(['raccoon', 'persian cat', 'humpback whale', 'leopard', 'giant panda'], [59.41, 32.03, 16.81, 10.53, 3.26])"
D:\ZSL\CNN\Test_TRIAL_DATASET_1-CLASS_1\leopard\leopard_10348.jpg,leopard,bobcat,22,2,bobcat,"(['raccoon', 'persian cat', 'humpback whale', 'leopard', 'giant panda'], [59.41, 32.03, 16.81, 10.53, 3.26])"
D:\ZSL\CNN\Test_TRIAL_DATASET_1-CLASS_1\leopard\leopard_10349.jpg,leopard,bobcat,22,2,bobcat,"(['raccoon', 'persian cat', 'humpback whale', 'leopard', 'giant panda'], [59.41, 32.03, 16.81, 10.53, 3.26])"
D:\ZSL\CNN\Test_TRIAL_DATASET_1-CLASS_1\leopard\leopard_10350.jpg,leopard,bobcat,22,2,bobcat,"(['raccoon', 'persian cat', 'humpback whale', 'leopard', 'giant panda'], [59.41, 32.03, 16.81, 10.53, 3.26])"
D:\ZSL\CNN\Test_TRIAL_DATASET_1-CLASS_1\leopard\leopard_10351.jpg,leopard,bobcat,22,2,bobcat,"(['raccoon', 'persian cat', 'humpback whale', 'leopard', 'giant panda'], [59.41, 32.03, 16.81, 10.53, 3.26])"
D:\ZSL\CNN\Test_TRIAL_DATASET_1-CLASS_1\leopard\leopard_10352.jpg,leopard,bobcat,22,2,bobcat,"(['raccoon', 'persian cat', 'humpback whale', 'leopard', 'giant panda'], [59.41, 32.03, 16.81, 10.53, 3.26])"
D:\ZSL\CNN\Test_TRIAL_DATASET_1-CLASS_1\leopard\leopard_10353.jpg,leopard,bobcat,22,2,bobcat,"(['raccoon', 'persian cat', 'humpback whale', 'leopard', 'giant panda'], [59.41, 32.03, 16.81, 10.53, 3.26])"
D:\ZSL\CNN\Test_TRIAL_DATASET_1-CLASS_1\leopard\leopard_10354.jpg,leopard,bobcat,22,2,bobcat,"(['raccoon', 'persian cat', 'humpback whale', 'leopard', 'giant panda'], [59.41, 32.03, 16.81, 10.53, 3.26])"
D:\ZSL\CNN\Test_TRIAL_DATASET_1-CLASS_1\leopard\leopard_10355.jpg,leopard,bobcat,22,2,bobcat,"(['raccoon', 'persian cat', 'humpback whale', 'leopard', 'giant panda'], [59.41, 32.03, 16.81, 10.53, 3.26])"
D:\ZSL\CNN\Test_TRIAL_DATASET_1-CLASS_1\leopard\leopard_10356.jpg,leopard,bobcat,22,2,bobcat,"(['raccoon', 'persian cat', 'humpback whale', 'leopard', 'giant panda'], [59.41, 32.03, 16.81, 10.53, 3.26])"
D:\ZSL\CNN\Test_TRIAL_DATASET_1-CLASS_1\leopard\leopard_10357.jpg,leopard,bobcat,22,2,bobcat,"(['raccoon', 'persian cat', 'humpback whale', 'leopard', 'giant panda'], [59.41, 32.03, 16.81, 10.53, 3.26])"
D:\ZSL\CNN\Test_TRIAL_DATASET_1-CLASS_1\leopard\leopard_10358.jpg,leopard,bobcat,22,2,bobcat,"(['raccoon', 'persian cat', 'humpback whale', 'leopard', 'giant panda'], [59.41, 32.03, 16.81, 10.53, 3.26])"
D:\ZSL\CNN\Test_TRIAL_DATASET_1-CLASS_1\leopard\leopard_10359.jpg,leopard,bobcat,22,2,bobcat,"(['raccoon', 'persian cat', 'humpback whale', 'leopard', 'giant panda'], [59.41, 32.03, 16.81, 10.53, 3.26])"
D:\ZSL\CNN\Test_TRIAL_DATASET_1-CLASS_1\leopard\leopard_10360.jpg,leopard,bobcat,22,2,bobcat,"(['raccoon', 'persian cat', 'humpback whale', 'leopard', 'giant panda'], [59.41, 32.03, 16.81, 10.53, 3.26])"
D:\ZSL\CNN\Test_TRIAL_DATASET_1-CLASS_1\leopard\leopard_10361.jpg,leopard,tiger,22,16,tiger,"(['leopard', 'giant panda', 'persian cat', 'seal', 'pig'], [75.51, 32.01, 21.95, 9.29, -0.46])"
D:\ZSL\CNN\Test_TRIAL_DATASET_1-CLASS_1\leopard\leopard_10362.jpg,leopard,tiger,22,16,tiger,"(['leopard', 'giant panda', 'persian cat', 'seal', 'pig'], [75.51, 32.01, 21.95, 9.29, -0.46])"
D:\ZSL\CNN\Test_TRIAL_DATASET_1-CLASS_1\leopard\leopard_10363.jpg,leopard,tiger,22,16,tiger,"(['leopard', 'giant panda', 'persian cat', 'seal', 'pig'], [75.51, 32.01, 21.95, 9.29, -0.46])"
D:\ZSL\CNN\Test_TRIAL_DATASET_1-CLASS_1\leopard\leopard_10364.jpg,leopard,bobcat,22,2,bobcat,"(['raccoon', 'persian cat', 'humpback whale', 'leopard', 'giant panda'], [59.41, 32.03, 16.81, 10.53, 3.26])"
D:\ZSL\CNN\Test_TRIAL_DATASET_1-CLASS_1\leopard\leopard_10365.jpg,leopard,bobcat,22,2,bobcat,"(['raccoon', 'persian cat', 'humpback whale', 'leopard', 'giant panda'], [59.41, 32.03, 16.81, 10.53, 3.26])"
D:\ZSL\CNN\Test_TRIAL_DATASET_1-CLASS_1\leopard\leopard_10366.jpg,leopard,bobcat,22,2,bobcat,"(['raccoon', 'persian cat', 'humpback whale', 'leopard', 'giant panda'], [59.41, 32.03, 16.81, 10.53, 3.26])"
D:\ZSL\CNN\Test_TRIAL_DATASET_1-CLASS_1\leopard\leopard_10367.jpg,leopard,bobcat,22,2,bobcat,"(['raccoon', 'persian cat', 'humpback whale', 'leopard', 'giant panda'], [59.41, 32.03, 16.81, 10.53, 3.26])"
D:\ZSL\CNN\Test_TRIAL_DATASET_1-CLASS_1\leopard\leopard_10368.jpg,leopard,bobcat,22,2,bobcat,"(['raccoon', 'persian cat', 'humpback whale', 'leopard', 'giant panda'], [59.41, 32.03, 16.81, 10.53, 3.26])"
D:\ZSL\CNN\Test_TRIAL_DATASET_1-CLASS_1\leopard\leopard_10369.jpg,leopard,bobcat,22,2,bobcat,"(['raccoon', 'persian cat', 'humpback whale', 'leopard', 'giant panda'], [59.41, 32.03, 16.81, 10.53, 3.26])"
D:\ZSL\CNN\Test_TRIAL_DATASET_1-CLASS_1\leopard\leopard_10370.jpg,leopard,bobcat,22,2,bobcat,"(['raccoon', 'persian cat', 'humpback whale', 'leopard', 'giant panda'], [59.41, 32.03, 16.81, 10.53, 3.26])"
D:\ZSL\CNN\Test_TRIAL_DATASET_1-CLASS_1\leopard\leopard_10371.jpg,leopard,bobcat,22,2,bobcat,"(['raccoon', 'persian cat', 'humpback whale', 'leopard', 'giant panda'], [59.41, 32.03, 16.81, 10.53, 3.26])"
D:\ZSL\CNN\Test_TRIAL_DATASET_1-CLASS_1\leopard\leopard_10372.jpg,leopard,tiger,22,16,tiger,"(['leopard', 'giant panda', 'persian cat', 'seal', 'pig'], [75.51, 32.01, 21.95, 9.29, -0.46])"
D:\ZSL\CNN\Test_TRIAL_DATASET_1-CLASS_1\leopard\leopard_10373.jpg,leopard,bobcat,22,2,bobcat,"(['raccoon', 'persian cat', 'humpback whale', 'leopard', 'giant panda'], [59.41, 32.03, 16.81, 10.53, 3.26])"
D:\ZSL\CNN\Test_TRIAL_DATASET_1-CLASS_1\leopard\leopard_10374.jpg,leopard,bobcat,22,2,bobcat,"(['raccoon', 'persian cat', 'humpback whale', 'leopard', 'giant panda'], [59.41, 32.03, 16.81, 10.53, 3.26])"
D:\ZSL\CNN\Test_TRIAL_DATASET_1-CLASS_1\leopard\leopard_10375.jpg,leopard,bobcat,22,2,bobcat,"(['raccoon', 'persian cat', 'humpback whale', 'leopard', 'giant panda'], [59.41, 32.03, 16.81, 10.53, 3.26])"
D:\ZSL\CNN\Test_TRIAL_DATASET_1-CLASS_1\leopard\leopard_10376.jpg,leopard,tiger,22,16,tiger,"(['leopard', 'giant panda', 'persian cat', 'seal', 'pig'], [75.51, 32.01, 21.95, 9.29, -0.46])"
D:\ZSL\CNN\Test_TRIAL_DATASET_1-CLASS_1\leopard\leopard_10377.jpg,leopard,tiger,22,16,tiger,"(['leopard', 'giant panda', 'persian cat', 'seal', 'pig'], [75.51, 32.01, 21.95, 9.29, -0.46])"
D:\ZSL\CNN\Test_TRIAL_DATASET_1-CLASS_1\leopard\leopard_10378.jpg,leopard,tiger,22,16,tiger,"(['leopard', 'giant panda', 'persian cat', 'seal', 'pig'], [75.51, 32.01, 21.95, 9.29, -0.46])"
D:\ZSL\CNN\Test_TRIAL_DATASET_1-CLASS_1\leopard\leopard_10379.jpg,leopard,bobcat,22,2,bobcat,"(['raccoon', 'persian cat', 'humpback whale', 'leopard', 'giant panda'], [59.41, 32.03, 16.81, 10.53, 3.26])"
D:\ZSL\CNN\Test_TRIAL_DATASET_1-CLASS_1\leopard\leopard_10380.jpg,leopard,bobcat,22,2,bobcat,"(['raccoon', 'persian cat', 'humpback whale', 'leopard', 'giant panda'], [59.41, 32.03, 16.81, 10.53, 3.26])"
D:\ZSL\CNN\Test_TRIAL_DATASET_1-CLASS_1\leopard\leopard_10381.jpg,leopard,bobcat,22,2,bobcat,"(['raccoon', 'persian cat', 'humpback whale', 'leopard', 'giant panda'], [59.41, 32.03, 16.81, 10.53, 3.26])"
D:\ZSL\CNN\Test_TRIAL_DATASET_1-CLASS_1\leopard\leopard_10382.jpg,leopard,bobcat,22,2,bobcat,"(['raccoon', 'persian cat', 'humpback whale', 'leopard', 'giant panda'], [59.41, 32.03, 16.81, 10.53, 3.26])"
D:\ZSL\CNN\Test_TRIAL_DATASET_1-CLASS_1\leopard\leopard_10383.jpg,leopard,bobcat,22,2,bobcat,"(['raccoon', 'persian cat', 'humpback whale', 'leopard', 'giant panda'], [59.41, 32.03, 16.81, 10.53, 3.26])"
D:\ZSL\CNN\Test_TRIAL_DATASET_1-CLASS_1\leopard\leopard_10384.jpg,leopard,bobcat,22,2,bobcat,"(['raccoon', 'persian cat', 'humpback whale', 'leopard', 'giant panda'], [59.41, 32.03, 16.81, 10.53, 3.26])"
D:\ZSL\CNN\Test_TRIAL_DATASET_1-CLASS_1\leopard\leopard_10385.jpg,leopard,bobcat,22,2,bobcat,"(['raccoon', 'persian cat', 'humpback whale', 'leopard', 'giant panda'], [59.41, 32.03, 16.81, 10.53, 3.26])"
D:\ZSL\CNN\Test_TRIAL_DATASET_1-CLASS_1\leopard\leopard_10386.jpg,leopard,bobcat,22,2,bobcat,"(['raccoon', 'persian cat', 'humpback whale', 'leopard', 'giant panda'], [59.41, 32.03, 16.81, 10.53, 3.26])"
D:\ZSL\CNN\Test_TRIAL_DATASET_1-CLASS_1\leopard\leopard_10387.jpg,leopard,bobcat,22,2,bobcat,"(['raccoon', 'persian cat', 'humpback whale', 'leopard', 'giant panda'], [59.41, 32.03, 16.81, 10.53, 3.26])"
D:\ZSL\CNN\Test_TRIAL_DATASET_1-CLASS_1\leopard\leopard_10388.jpg,leopard,bobcat,22,2,bobcat,"(['raccoon', 'persian cat', 'humpback whale', 'leopard', 'giant panda'], [59.41, 32.03, 16.81, 10.53, 3.26])"
D:\ZSL\CNN\Test_TRIAL_DATASET_1-CLASS_1\leopard\leopard_10389.jpg,leopard,tiger,22,16,tiger,"(['leopard', 'giant panda', 'persian cat', 'seal', 'pig'], [75.51, 32.01, 21.95, 9.29, -0.46])"
D:\ZSL\CNN\Test_TRIAL_DATASET_1-CLASS_1\leopard\leopard_10390.jpg,leopard,bobcat,22,2,bobcat,"(['raccoon', 'persian cat', 'humpback whale', 'leopard', 'giant panda'], [59.41, 32.03, 16.81, 10.53, 3.26])"
D:\ZSL\CNN\Test_TRIAL_DATASET_1-CLASS_1\leopard\leopard_10391.jpg,leopard,bobcat,22,2,bobcat,"(['raccoon', 'persian cat', 'humpback whale', 'leopard', 'giant panda'], [59.41, 32.03, 16.81, 10.53, 3.26])"
D:\ZSL\CNN\Test_TRIAL_DATASET_1-CLASS_1\leopard\leopard_10392.jpg,leopard,bobcat,22,2,bobcat,"(['raccoon', 'persian cat', 'humpback whale', 'leopard', 'giant panda'], [59.41, 32.03, 16.81, 10.53, 3.26])"
D:\ZSL\CNN\Test_TRIAL_DATASET_1-CLASS_1\leopard\leopard_10393.jpg,leopard,bobcat,22,2,bobcat,"(['raccoon', 'persian cat', 'humpback whale', 'leopard', 'giant panda'], [59.41, 32.03, 16.81, 10.53, 3.26])"
D:\ZSL\CNN\Test_TRIAL_DATASET_1-CLASS_1\leopard\leopard_10394.jpg,leopard,bobcat,22,2,bobcat,"(['raccoon', 'persian cat', 'humpback whale', 'leopard', 'giant panda'], [59.41, 32.03, 16.81, 10.53, 3.26])"
D:\ZSL\CNN\Test_TRIAL_DATASET_1-CLASS_1\leopard\leopard_10395.jpg,leopard,bobcat,22,2,bobcat,"(['raccoon', 'persian cat', 'humpback whale', 'leopard', 'giant panda'], [59.41, 32.03, 16.81, 10.53, 3.26])"
D:\ZSL\CNN\Test_TRIAL_DATASET_1-CLASS_1\leopard\leopard_10396.jpg,leopard,bobcat,22,2,bobcat,"(['raccoon', 'persian cat', 'humpback whale', 'leopard', 'giant panda'], [59.41, 32.03, 16.81, 10.53, 3.26])"
D:\ZSL\CNN\Test_TRIAL_DATASET_1-CLASS_1\leopard\leopard_10397.jpg,leopard,bobcat,22,2,bobcat,"(['raccoon', 'persian cat', 'humpback whale', 'leopard', 'giant panda'], [59.41, 32.03, 16.81, 10.53, 3.26])"
D:\ZSL\CNN\Test_TRIAL_DATASET_1-CLASS_1\leopard\leopard_10398.jpg,leopard,bobcat,22,2,bobcat,"(['raccoon', 'persian cat', 'humpback whale', 'leopard', 'giant panda'], [59.41, 32.03, 16.81, 10.53, 3.26])"
D:\ZSL\CNN\Test_TRIAL_DATASET_1-CLASS_1\leopard\leopard_10399.jpg,leopard,bobcat,22,2,bobcat,"(['raccoon', 'persian cat', 'humpback whale', 'leopard', 'giant panda'], [59.41, 32.03, 16.81, 10.53, 3.26])"
D:\ZSL\CNN\Test_TRIAL_DATASET_1-CLASS_1\leopard\leopard_10400.jpg,leopard,bobcat,22,2,bobcat,"(['raccoon', 'persian cat', 'humpback whale', 'leopard', 'giant panda'], [59.41, 32.03, 16.81, 10.53, 3.26])"
D:\ZSL\CNN\Test_TRIAL_DATASET_1-CLASS_1\leopard\leopard_10401.jpg,leopard,tiger,22,16,tiger,"(['leopard', 'giant panda', 'persian cat', 'seal', 'pig'], [75.51, 32.01, 21.95, 9.29, -0.46])"
D:\ZSL\CNN\Test_TRIAL_DATASET_1-CLASS_1\leopard\leopard_10402.jpg,leopard,bobcat,22,2,bobcat,"(['raccoon', 'persian cat', 'humpback whale', 'leopard', 'giant panda'], [59.41, 32.03, 16.81, 10.53, 3.26])"
D:\ZSL\CNN\Test_TRIAL_DATASET_1-CLASS_1\leopard\leopard_10403.jpg,leopard,bobcat,22,2,bobcat,"(['raccoon', 'persian cat', 'humpback whale', 'leopard', 'giant panda'], [59.41, 32.03, 16.81, 10.53, 3.26])"
D:\ZSL\CNN\Test_TRIAL_DATASET_1-CLASS_1\leopard\leopard_10404.jpg,leopard,bobcat,22,2,bobcat,"(['raccoon', 'persian cat', 'humpback whale', 'leopard', 'giant panda'], [59.41, 32.03, 16.81, 10.53, 3.26])"
D:\ZSL\CNN\Test_TRIAL_DATASET_1-CLASS_1\leopard\leopard_10405.jpg,leopard,bobcat,22,2,bobcat,"(['raccoon', 'persian cat', 'humpback whale', 'leopard', 'giant panda'], [59.41, 32.03, 16.81, 10.53, 3.26])"
D:\ZSL\CNN\Test_TRIAL_DATASET_1-CLASS_1\leopard\leopard_10406.jpg,leopard,bobcat,22,2,bobcat,"(['raccoon', 'persian cat', 'humpback whale', 'leopard', 'giant panda'], [59.41, 32.03, 16.81, 10.53, 3.26])"
D:\ZSL\CNN\Test_TRIAL_DATASET_1-CLASS_1\leopard\leopard_10407.jpg,leopard,tiger,22,16,tiger,"(['leopard', 'giant panda', 'persian cat', 'seal', 'pig'], [75.51, 32.01, 21.95, 9.29, -0.46])"
D:\ZSL\CNN\Test_TRIAL_DATASET_1-CLASS_1\leopard\leopard_10408.jpg,leopard,bobcat,22,2,bobcat,"(['raccoon', 'persian cat', 'humpback whale', 'leopard', 'giant panda'], [59.41, 32.03, 16.81, 10.53, 3.26])"
D:\ZSL\CNN\Test_TRIAL_DATASET_1-CLASS_1\leopard\leopard_10409.jpg,leopard,bobcat,22,2,bobcat,"(['raccoon', 'persian cat', 'humpback whale', 'leopard', 'giant panda'], [59.41, 32.03, 16.81, 10.53, 3.26])"
D:\ZSL\CNN\Test_TRIAL_DATASET_1-CLASS_1\leopard\leopard_10410.jpg,leopard,bobcat,22,2,bobcat,"(['raccoon', 'persian cat', 'humpback whale', 'leopard', 'giant panda'], [59.41, 32.03, 16.81, 10.53, 3.26])"
D:\ZSL\CNN\Test_TRIAL_DATASET_1-CLASS_1\leopard\leopard_10411.jpg,leopard,bobcat,22,2,bobcat,"(['raccoon', 'persian cat', 'humpback whale', 'leopard', 'giant panda'], [59.41, 32.03, 16.81, 10.53, 3.26])"
D:\ZSL\CNN\Test_TRIAL_DATASET_1-CLASS_1\leopard\leopard_10412.jpg,leopard,bobcat,22,2,bobcat,"(['raccoon', 'persian cat', 'humpback whale', 'leopard', 'giant panda'], [59.41, 32.03, 16.81, 10.53, 3.26])"
D:\ZSL\CNN\Test_TRIAL_DATASET_1-CLASS_1\leopard\leopard_10413.jpg,leopard,bobcat,22,2,bobcat,"(['raccoon', 'persian cat', 'humpback whale', 'leopard', 'giant panda'], [59.41, 32.03, 16.81, 10.53, 3.26])"
D:\ZSL\CNN\Test_TRIAL_DATASET_1-CLASS_1\leopard\leopard_10414.jpg,leopard,bobcat,22,2,bobcat,"(['raccoon', 'persian cat', 'humpback whale', 'leopard', 'giant panda'], [59.41, 32.03, 16.81, 10.53, 3.26])"
D:\ZSL\CNN\Test_TRIAL_DATASET_1-CLASS_1\leopard\leopard_10415.jpg,leopard,tiger,22,16,tiger,"(['leopard', 'giant panda', 'persian cat', 'seal', 'pig'], [75.51, 32.01, 21.95, 9.29, -0.46])"
D:\ZSL\CNN\Test_TRIAL_DATASET_1-CLASS_1\leopard\leopard_10416.jpg,leopard,bobcat,22,2,bobcat,"(['raccoon', 'persian cat', 'humpback whale', 'leopard', 'giant panda'], [59.41, 32.03, 16.81, 10.53, 3.26])"
D:\ZSL\CNN\Test_TRIAL_DATASET_1-CLASS_1\leopard\leopard_10417.jpg,leopard,tiger,22,16,tiger,"(['leopard', 'giant panda', 'persian cat', 'seal', 'pig'], [75.51, 32.01, 21.95, 9.29, -0.46])"
D:\ZSL\CNN\Test_TRIAL_DATASET_1-CLASS_1\leopard\leopard_10418.jpg,leopard,bobcat,22,2,bobcat,"(['raccoon', 'persian cat', 'humpback whale', 'leopard', 'giant panda'], [59.41, 32.03, 16.81, 10.53, 3.26])"
D:\ZSL\CNN\Test_TRIAL_DATASET_1-CLASS_1\leopard\leopard_10419.jpg,leopard,bobcat,22,2,bobcat,"(['raccoon', 'persian cat', 'humpback whale', 'leopard', 'giant panda'], [59.41, 32.03, 16.81, 10.53, 3.26])"
D:\ZSL\CNN\Test_TRIAL_DATASET_1-CLASS_1\leopard\leopard_10420.jpg,leopard,bobcat,22,2,bobcat,"(['raccoon', 'persian cat', 'humpback whale', 'leopard', 'giant panda'], [59.41, 32.03, 16.81, 10.53, 3.26])"
D:\ZSL\CNN\Test_TRIAL_DATASET_1-CLASS_1\leopard\leopard_10421.jpg,leopard,bobcat,22,2,bobcat,"(['raccoon', 'persian cat', 'humpback whale', 'leopard', 'giant panda'], [59.41, 32.03, 16.81, 10.53, 3.26])"
D:\ZSL\CNN\Test_TRIAL_DATASET_1-CLASS_1\leopard\leopard_10422.jpg,leopard,bobcat,22,2,bobcat,"(['raccoon', 'persian cat', 'humpback whale', 'leopard', 'giant panda'], [59.41, 32.03, 16.81, 10.53, 3.26])"
D:\ZSL\CNN\Test_TRIAL_DATASET_1-CLASS_1\leopard\leopard_10423.jpg,leopard,bobcat,22,2,bobcat,"(['raccoon', 'persian cat', 'humpback whale', 'leopard', 'giant panda'], [59.41, 32.03, 16.81, 10.53, 3.26])"
D:\ZSL\CNN\Test_TRIAL_DATASET_1-CLASS_1\leopard\leopard_10424.jpg,leopard,bobcat,22,2,bobcat,"(['raccoon', 'persian cat', 'humpback whale', 'leopard', 'giant panda'], [59.41, 32.03, 16.81, 10.53, 3.26])"
D:\ZSL\CNN\Test_TRIAL_DATASET_1-CLASS_1\leopard\leopard_10425.jpg,leopard,bobcat,22,2,bobcat,"(['raccoon', 'persian cat', 'humpback whale', 'leopard', 'giant panda'], [59.41, 32.03, 16.81, 10.53, 3.26])"
D:\ZSL\CNN\Test_TRIAL_DATASET_1-CLASS_1\leopard\leopard_10426.jpg,leopard,bobcat,22,2,bobcat,"(['raccoon', 'persian cat', 'humpback whale', 'leopard', 'giant panda'], [59.41, 32.03, 16.81, 10.53, 3.26])"
D:\ZSL\CNN\Test_TRIAL_DATASET_1-CLASS_1\leopard\leopard_10427.jpg,leopard,bobcat,22,2,bobcat,"(['raccoon', 'persian cat', 'humpback whale', 'leopard', 'giant panda'], [59.41, 32.03, 16.81, 10.53, 3.26])"
D:\ZSL\CNN\Test_TRIAL_DATASET_1-CLASS_1\leopard\leopard_10428.jpg,leopard,bobcat,22,2,bobcat,"(['raccoon', 'persian cat', 'humpback whale', 'leopard', 'giant panda'], [59.41, 32.03, 16.81, 10.53, 3.26])"
D:\ZSL\CNN\Test_TRIAL_DATASET_1-CLASS_1\leopard\leopard_10429.jpg,leopard,bobcat,22,2,bobcat,"(['raccoon', 'persian cat', 'humpback whale', 'leopard', 'giant panda'], [59.41, 32.03, 16.81, 10.53, 3.26])"
D:\ZSL\CNN\Test_TRIAL_DATASET_1-CLASS_1\leopard\leopard_10430.jpg,leopard,bobcat,22,2,bobcat,"(['raccoon', 'persian cat', 'humpback whale', 'leopard', 'giant panda'], [59.41, 32.03, 16.81, 10.53, 3.26])"
D:\ZSL\CNN\Test_TRIAL_DATASET_1-CLASS_1\leopard\leopard_10431.jpg,leopard,bobcat,22,2,bobcat,"(['raccoon', 'persian cat', 'humpback whale', 'leopard', 'giant panda'], [59.41, 32.03, 16.81, 10.53, 3.26])"
D:\ZSL\CNN\Test_TRIAL_DATASET_1-CLASS_1\leopard\leopard_10432.jpg,leopard,bobcat,22,2,bobcat,"(['raccoon', 'persian cat', 'humpback whale', 'leopard', 'giant panda'], [59.41, 32.03, 16.81, 10.53, 3.26])"
D:\ZSL\CNN\Test_TRIAL_DATASET_1-CLASS_1\leopard\leopard_10433.jpg,leopard,bobcat,22,2,bobcat,"(['raccoon', 'persian cat', 'humpback whale', 'leopard', 'giant panda'], [59.41, 32.03, 16.81, 10.53, 3.26])"
D:\ZSL\CNN\Test_TRIAL_DATASET_1-CLASS_1\leopard\leopard_10434.jpg,leopard,bobcat,22,2,bobcat,"(['raccoon', 'persian cat', 'humpback whale', 'leopard', 'giant panda'], [59.41, 32.03, 16.81, 10.53, 3.26])"
D:\ZSL\CNN\Test_TRIAL_DATASET_1-CLASS_1\leopard\leopard_10435.jpg,leopard,bobcat,22,2,bobcat,"(['raccoon', 'persian cat', 'humpback whale', 'leopard', 'giant panda'], [59.41, 32.03, 16.81, 10.53, 3.26])"
D:\ZSL\CNN\Test_TRIAL_DATASET_1-CLASS_1\leopard\leopard_10436.jpg,leopard,bobcat,22,2,bobcat,"(['raccoon', 'persian cat', 'humpback whale', 'leopard', 'giant panda'], [59.41, 32.03, 16.81, 10.53, 3.26])"
D:\ZSL\CNN\Test_TRIAL_DATASET_1-CLASS_1\leopard\leopard_10437.jpg,leopard,bobcat,22,2,bobcat,"(['raccoon', 'persian cat', 'humpback whale', 'leopard', 'giant panda'], [59.41, 32.03, 16.81, 10.53, 3.26])"
D:\ZSL\CNN\Test_TRIAL_DATASET_1-CLASS_1\leopard\leopard_10438.jpg,leopard,bobcat,22,2,bobcat,"(['raccoon', 'persian cat', 'humpback whale', 'leopard', 'giant panda'], [59.41, 32.03, 16.81, 10.53, 3.26])"
D:\ZSL\CNN\Test_TRIAL_DATASET_1-CLASS_1\leopard\leopard_10439.jpg,leopard,bobcat,22,2,bobcat,"(['raccoon', 'persian cat', 'humpback whale', 'leopard', 'giant panda'], [59.41, 32.03, 16.81, 10.53, 3.26])"
D:\ZSL\CNN\Test_TRIAL_DATASET_1-CLASS_1\leopard\leopard_10440.jpg,leopard,bobcat,22,2,bobcat,"(['raccoon', 'persian cat', 'humpback whale', 'leopard', 'giant panda'], [59.41, 32.03, 16.81, 10.53, 3.26])"
D:\ZSL\CNN\Test_TRIAL_DATASET_1-CLASS_1\leopard\leopard_10441.jpg,leopard,bobcat,22,2,bobcat,"(['raccoon', 'persian cat', 'humpback whale', 'leopard', 'giant panda'], [59.41, 32.03, 16.81, 10.53, 3.26])"
D:\ZSL\CNN\Test_TRIAL_DATASET_1-CLASS_1\leopard\leopard_10442.jpg,leopard,tiger,22,16,tiger,"(['leopard', 'giant panda', 'persian cat', 'seal', 'pig'], [75.51, 32.01, 21.95, 9.29, -0.46])"
D:\ZSL\CNN\Test_TRIAL_DATASET_1-CLASS_1\leopard\leopard_10443.jpg,leopard,bobcat,22,2,bobcat,"(['raccoon', 'persian cat', 'humpback whale', 'leopard', 'giant panda'], [59.41, 32.03, 16.81, 10.53, 3.26])"
D:\ZSL\CNN\Test_TRIAL_DATASET_1-CLASS_1\leopard\leopard_10444.jpg,leopard,tiger,22,16,tiger,"(['leopard', 'giant panda', 'persian cat', 'seal', 'pig'], [75.51, 32.01, 21.95, 9.29, -0.46])"
D:\ZSL\CNN\Test_TRIAL_DATASET_1-CLASS_1\leopard\leopard_10445.jpg,leopard,bobcat,22,2,bobcat,"(['raccoon', 'persian cat', 'humpback whale', 'leopard', 'giant panda'], [59.41, 32.03, 16.81, 10.53, 3.26])"
D:\ZSL\CNN\Test_TRIAL_DATASET_1-CLASS_1\leopard\leopard_10446.jpg,leopard,bobcat,22,2,bobcat,"(['raccoon', 'persian cat', 'humpback whale', 'leopard', 'giant panda'], [59.41, 32.03, 16.81, 10.53, 3.26])"
D:\ZSL\CNN\Test_TRIAL_DATASET_1-CLASS_1\leopard\leopard_10447.jpg,leopard,bobcat,22,2,bobcat,"(['raccoon', 'persian cat', 'humpback whale', 'leopard', 'giant panda'], [59.41, 32.03, 16.81, 10.53, 3.26])"
D:\ZSL\CNN\Test_TRIAL_DATASET_1-CLASS_1\leopard\leopard_10448.jpg,leopard,bobcat,22,2,bobcat,"(['raccoon', 'persian cat', 'humpback whale', 'leopard', 'giant panda'], [59.41, 32.03, 16.81, 10.53, 3.26])"
D:\ZSL\CNN\Test_TRIAL_DATASET_1-CLASS_1\leopard\leopard_10449.jpg,leopard,tiger,22,16,tiger,"(['leopard', 'giant panda', 'persian cat', 'seal', 'pig'], [75.51, 32.01, 21.95, 9.29, -0.46])"
D:\ZSL\CNN\Test_TRIAL_DATASET_1-CLASS_1\leopard\leopard_10450.jpg,leopard,tiger,22,16,tiger,"(['leopard', 'giant panda', 'persian cat', 'seal', 'pig'], [75.51, 32.01, 21.95, 9.29, -0.46])"
D:\ZSL\CNN\Test_TRIAL_DATASET_1-CLASS_1\leopard\leopard_10451.jpg,leopard,bobcat,22,2,bobcat,"(['raccoon', 'persian cat', 'humpback whale', 'leopard', 'giant panda'], [59.41, 32.03, 16.81, 10.53, 3.26])"
D:\ZSL\CNN\Test_TRIAL_DATASET_1-CLASS_1\leopard\leopard_10452.jpg,leopard,bobcat,22,2,bobcat,"(['raccoon', 'persian cat', 'humpback whale', 'leopard', 'giant panda'], [59.41, 32.03, 16.81, 10.53, 3.26])"
D:\ZSL\CNN\Test_TRIAL_DATASET_1-CLASS_1\leopard\leopard_10453.jpg,leopard,bobcat,22,2,bobcat,"(['raccoon', 'persian cat', 'humpback whale', 'leopard', 'giant panda'], [59.41, 32.03, 16.81, 10.53, 3.26])"
D:\ZSL\CNN\Test_TRIAL_DATASET_1-CLASS_1\leopard\leopard_10454.jpg,leopard,bobcat,22,2,bobcat,"(['raccoon', 'persian cat', 'humpback whale', 'leopard', 'giant panda'], [59.41, 32.03, 16.81, 10.53, 3.26])"
D:\ZSL\CNN\Test_TRIAL_DATASET_1-CLASS_1\leopard\leopard_10455.jpg,leopard,bobcat,22,2,bobcat,"(['raccoon', 'persian cat', 'humpback whale', 'leopard', 'giant panda'], [59.41, 32.03, 16.81, 10.53, 3.26])"
D:\ZSL\CNN\Test_TRIAL_DATASET_1-CLASS_1\leopard\leopard_10456.jpg,leopard,bobcat,22,2,bobcat,"(['raccoon', 'persian cat', 'humpback whale', 'leopard', 'giant panda'], [59.41, 32.03, 16.81, 10.53, 3.26])"
D:\ZSL\CNN\Test_TRIAL_DATASET_1-CLASS_1\leopard\leopard_10457.jpg,leopard,bobcat,22,2,bobcat,"(['raccoon', 'persian cat', 'humpback whale', 'leopard', 'giant panda'], [59.41, 32.03, 16.81, 10.53, 3.26])"
D:\ZSL\CNN\Test_TRIAL_DATASET_1-CLASS_1\leopard\leopard_10458.jpg,leopard,bobcat,22,2,bobcat,"(['raccoon', 'persian cat', 'humpback whale', 'leopard', 'giant panda'], [59.41, 32.03, 16.81, 10.53, 3.26])"
D:\ZSL\CNN\Test_TRIAL_DATASET_1-CLASS_1\leopard\leopard_10459.jpg,leopard,bobcat,22,2,bobcat,"(['raccoon', 'persian cat', 'humpback whale', 'leopard', 'giant panda'], [59.41, 32.03, 16.81, 10.53, 3.26])"
D:\ZSL\CNN\Test_TRIAL_DATASET_1-CLASS_1\leopard\leopard_10460.jpg,leopard,bobcat,22,2,bobcat,"(['raccoon', 'persian cat', 'humpback whale', 'leopard', 'giant panda'], [59.41, 32.03, 16.81, 10.53, 3.26])"
D:\ZSL\CNN\Test_TRIAL_DATASET_1-CLASS_1\leopard\leopard_10461.jpg,leopard,bobcat,22,2,bobcat,"(['raccoon', 'persian cat', 'humpback whale', 'leopard', 'giant panda'], [59.41, 32.03, 16.81, 10.53, 3.26])"
D:\ZSL\CNN\Test_TRIAL_DATASET_1-CLASS_1\leopard\leopard_10462.jpg,leopard,bobcat,22,2,bobcat,"(['raccoon', 'persian cat', 'humpback whale', 'leopard', 'giant panda'], [59.41, 32.03, 16.81, 10.53, 3.26])"
D:\ZSL\CNN\Test_TRIAL_DATASET_1-CLASS_1\leopard\leopard_10463.jpg,leopard,bobcat,22,2,bobcat,"(['raccoon', 'persian cat', 'humpback whale', 'leopard', 'giant panda'], [59.41, 32.03, 16.81, 10.53, 3.26])"
D:\ZSL\CNN\Test_TRIAL_DATASET_1-CLASS_1\leopard\leopard_10464.jpg,leopard,bobcat,22,2,bobcat,"(['raccoon', 'persian cat', 'humpback whale', 'leopard', 'giant panda'], [59.41, 32.03, 16.81, 10.53, 3.26])"
D:\ZSL\CNN\Test_TRIAL_DATASET_1-CLASS_1\leopard\leopard_10465.jpg,leopard,bobcat,22,2,bobcat,"(['raccoon', 'persian cat', 'humpback whale', 'leopard', 'giant panda'], [59.41, 32.03, 16.81, 10.53, 3.26])"
D:\ZSL\CNN\Test_TRIAL_DATASET_1-CLASS_1\leopard\leopard_10466.jpg,leopard,bobcat,22,2,bobcat,"(['raccoon', 'persian cat', 'humpback whale', 'leopard', 'giant panda'], [59.41, 32.03, 16.81, 10.53, 3.26])"
D:\ZSL\CNN\Test_TRIAL_DATASET_1-CLASS_1\leopard\leopard_10467.jpg,leopard,bobcat,22,2,bobcat,"(['raccoon', 'persian cat', 'humpback whale', 'leopard', 'giant panda'], [59.41, 32.03, 16.81, 10.53, 3.26])"
D:\ZSL\CNN\Test_TRIAL_DATASET_1-CLASS_1\leopard\leopard_10468.jpg,leopard,bobcat,22,2,bobcat,"(['raccoon', 'persian cat', 'humpback whale', 'leopard', 'giant panda'], [59.41, 32.03, 16.81, 10.53, 3.26])"
D:\ZSL\CNN\Test_TRIAL_DATASET_1-CLASS_1\leopard\leopard_10469.jpg,leopard,bobcat,22,2,bobcat,"(['raccoon', 'persian cat', 'humpback whale', 'leopard', 'giant panda'], [59.41, 32.03, 16.81, 10.53, 3.26])"
D:\ZSL\CNN\Test_TRIAL_DATASET_1-CLASS_1\leopard\leopard_10470.jpg,leopard,bobcat,22,2,bobcat,"(['raccoon', 'persian cat', 'humpback whale', 'leopard', 'giant panda'], [59.41, 32.03, 16.81, 10.53, 3.26])"
D:\ZSL\CNN\Test_TRIAL_DATASET_1-CLASS_1\leopard\leopard_10471.jpg,leopard,bobcat,22,2,bobcat,"(['raccoon', 'persian cat', 'humpback whale', 'leopard', 'giant panda'], [59.41, 32.03, 16.81, 10.53, 3.26])"
D:\ZSL\CNN\Test_TRIAL_DATASET_1-CLASS_1\leopard\leopard_10472.jpg,leopard,bobcat,22,2,bobcat,"(['raccoon', 'persian cat', 'humpback whale', 'leopard', 'giant panda'], [59.41, 32.03, 16.81, 10.53, 3.26])"
D:\ZSL\CNN\Test_TRIAL_DATASET_1-CLASS_1\leopard\leopard_10473.jpg,leopard,bobcat,22,2,bobcat,"(['raccoon', 'persian cat', 'humpback whale', 'leopard', 'giant panda'], [59.41, 32.03, 16.81, 10.53, 3.26])"
D:\ZSL\CNN\Test_TRIAL_DATASET_1-CLASS_1\leopard\leopard_10474.jpg,leopard,bobcat,22,2,bobcat,"(['raccoon', 'persian cat', 'humpback whale', 'leopard', 'giant panda'], [59.41, 32.03, 16.81, 10.53, 3.26])"
D:\ZSL\CNN\Test_TRIAL_DATASET_1-CLASS_1\leopard\leopard_10475.jpg,leopard,bobcat,22,2,bobcat,"(['raccoon', 'persian cat', 'humpback whale', 'leopard', 'giant panda'], [59.41, 32.03, 16.81, 10.53, 3.26])"
D:\ZSL\CNN\Test_TRIAL_DATASET_1-CLASS_1\leopard\leopard_10476.jpg,leopard,bobcat,22,2,bobcat,"(['raccoon', 'persian cat', 'humpback whale', 'leopard', 'giant panda'], [59.41, 32.03, 16.81, 10.53, 3.26])"
D:\ZSL\CNN\Test_TRIAL_DATASET_1-CLASS_1\leopard\leopard_10477.jpg,leopard,bobcat,22,2,bobcat,"(['raccoon', 'persian cat', 'humpback whale', 'leopard', 'giant panda'], [59.41, 32.03, 16.81, 10.53, 3.26])"
D:\ZSL\CNN\Test_TRIAL_DATASET_1-CLASS_1\leopard\leopard_10478.jpg,leopard,bobcat,22,2,bobcat,"(['raccoon', 'persian cat', 'humpback whale', 'leopard', 'giant panda'], [59.41, 32.03, 16.81, 10.53, 3.26])"
D:\ZSL\CNN\Test_TRIAL_DATASET_1-CLASS_1\leopard\leopard_10479.jpg,leopard,bobcat,22,2,bobcat,"(['raccoon', 'persian cat', 'humpback whale', 'leopard', 'giant panda'], [59.41, 32.03, 16.81, 10.53, 3.26])"
D:\ZSL\CNN\Test_TRIAL_DATASET_1-CLASS_1\leopard\leopard_10480.jpg,leopard,bobcat,22,2,bobcat,"(['raccoon', 'persian cat', 'humpback whale', 'leopard', 'giant panda'], [59.41, 32.03, 16.81, 10.53, 3.26])"
D:\ZSL\CNN\Test_TRIAL_DATASET_1-CLASS_1\leopard\leopard_10481.jpg,leopard,bobcat,22,2,bobcat,"(['raccoon', 'persian cat', 'humpback whale', 'leopard', 'giant panda'], [59.41, 32.03, 16.81, 10.53, 3.26])"
D:\ZSL\CNN\Test_TRIAL_DATASET_1-CLASS_1\leopard\leopard_10482.jpg,leopard,bobcat,22,2,bobcat,"(['raccoon', 'persian cat', 'humpback whale', 'leopard', 'giant panda'], [59.41, 32.03, 16.81, 10.53, 3.26])"
D:\ZSL\CNN\Test_TRIAL_DATASET_1-CLASS_1\leopard\leopard_10483.jpg,leopard,bobcat,22,2,bobcat,"(['raccoon', 'persian cat', 'humpback whale', 'leopard', 'giant panda'], [59.41, 32.03, 16.81, 10.53, 3.26])"
D:\ZSL\CNN\Test_TRIAL_DATASET_1-CLASS_1\leopard\leopard_10484.jpg,leopard,bobcat,22,2,bobcat,"(['raccoon', 'persian cat', 'humpback whale', 'leopard', 'giant panda'], [59.41, 32.03, 16.81, 10.53, 3.26])"
D:\ZSL\CNN\Test_TRIAL_DATASET_1-CLASS_1\leopard\leopard_10485.jpg,leopard,bobcat,22,2,bobcat,"(['raccoon', 'persian cat', 'humpback whale', 'leopard', 'giant panda'], [59.41, 32.03, 16.81, 10.53, 3.26])"
D:\ZSL\CNN\Test_TRIAL_DATASET_1-CLASS_1\leopard\leopard_10486.jpg,leopard,bobcat,22,2,bobcat,"(['raccoon', 'persian cat', 'humpback whale', 'leopard', 'giant panda'], [59.41, 32.03, 16.81, 10.53, 3.26])"
D:\ZSL\CNN\Test_TRIAL_DATASET_1-CLASS_1\leopard\leopard_10487.jpg,leopard,bobcat,22,2,bobcat,"(['raccoon', 'persian cat', 'humpback whale', 'leopard', 'giant panda'], [59.41, 32.03, 16.81, 10.53, 3.26])"
D:\ZSL\CNN\Test_TRIAL_DATASET_1-CLASS_1\leopard\leopard_10488.jpg,leopard,tiger,22,16,tiger,"(['leopard', 'giant panda', 'persian cat', 'seal', 'pig'], [75.51, 32.01, 21.95, 9.29, -0.46])"
D:\ZSL\CNN\Test_TRIAL_DATASET_1-CLASS_1\leopard\leopard_10489.jpg,leopard,bobcat,22,2,bobcat,"(['raccoon', 'persian cat', 'humpback whale', 'leopard', 'giant panda'], [59.41, 32.03, 16.81, 10.53, 3.26])"
D:\ZSL\CNN\Test_TRIAL_DATASET_1-CLASS_1\leopard\leopard_10490.jpg,leopard,tiger,22,16,tiger,"(['leopard', 'giant panda', 'persian cat', 'seal', 'pig'], [75.51, 32.01, 21.95, 9.29, -0.46])"
D:\ZSL\CNN\Test_TRIAL_DATASET_1-CLASS_1\leopard\leopard_10491.jpg,leopard,tiger,22,16,tiger,"(['leopard', 'giant panda', 'persian cat', 'seal', 'pig'], [75.51, 32.01, 21.95, 9.29, -0.46])"
D:\ZSL\CNN\Test_TRIAL_DATASET_1-CLASS_1\leopard\leopard_10492.jpg,leopard,bobcat,22,2,bobcat,"(['raccoon', 'persian cat', 'humpback whale', 'leopard', 'giant panda'], [59.41, 32.03, 16.81, 10.53, 3.26])"
D:\ZSL\CNN\Test_TRIAL_DATASET_1-CLASS_1\leopard\leopard_10493.jpg,leopard,bobcat,22,2,bobcat,"(['raccoon', 'persian cat', 'humpback whale', 'leopard', 'giant panda'], [59.41, 32.03, 16.81, 10.53, 3.26])"
D:\ZSL\CNN\Test_TRIAL_DATASET_1-CLASS_1\leopard\leopard_10494.jpg,leopard,bobcat,22,2,bobcat,"(['raccoon', 'persian cat', 'humpback whale', 'leopard', 'giant panda'], [59.41, 32.03, 16.81, 10.53, 3.26])"
D:\ZSL\CNN\Test_TRIAL_DATASET_1-CLASS_1\leopard\leopard_10495.jpg,leopard,tiger,22,16,tiger,"(['leopard', 'giant panda', 'persian cat', 'seal', 'pig'], [75.51, 32.01, 21.95, 9.29, -0.46])"
D:\ZSL\CNN\Test_TRIAL_DATASET_1-CLASS_1\leopard\leopard_10496.jpg,leopard,tiger,22,16,tiger,"(['leopard', 'giant panda', 'persian cat', 'seal', 'pig'], [75.51, 32.01, 21.95, 9.29, -0.46])"
D:\ZSL\CNN\Test_TRIAL_DATASET_1-CLASS_1\leopard\leopard_10497.jpg,leopard,tiger,22,16,tiger,"(['leopard', 'giant panda', 'persian cat', 'seal', 'pig'], [75.51, 32.01, 21.95, 9.29, -0.46])"
D:\ZSL\CNN\Test_TRIAL_DATASET_1-CLASS_1\leopard\leopard_10498.jpg,leopard,bobcat,22,2,bobcat,"(['raccoon', 'persian cat', 'humpback whale', 'leopard', 'giant panda'], [59.41, 32.03, 16.81, 10.53, 3.26])"
D:\ZSL\CNN\Test_TRIAL_DATASET_1-CLASS_1\leopard\leopard_10499.jpg,leopard,bobcat,22,2,bobcat,"(['raccoon', 'persian cat', 'humpback whale', 'leopard', 'giant panda'], [59.41, 32.03, 16.81, 10.53, 3.26])"
D:\ZSL\CNN\Test_TRIAL_DATASET_1-CLASS_1\leopard\leopard_10500.jpg,leopard,bobcat,22,2,bobcat,"(['raccoon', 'persian cat', 'humpback whale', 'leopard', 'giant panda'], [59.41, 32.03, 16.81, 10.53, 3.26])"
D:\ZSL\CNN\Test_TRIAL_DATASET_1-CLASS_1\leopard\leopard_10501.jpg,leopard,bobcat,22,2,bobcat,"(['raccoon', 'persian cat', 'humpback whale', 'leopard', 'giant panda'], [59.41, 32.03, 16.81, 10.53, 3.26])"
D:\ZSL\CNN\Test_TRIAL_DATASET_1-CLASS_1\leopard\leopard_10502.jpg,leopard,bobcat,22,2,bobcat,"(['raccoon', 'persian cat', 'humpback whale', 'leopard', 'giant panda'], [59.41, 32.03, 16.81, 10.53, 3.26])"
D:\ZSL\CNN\Test_TRIAL_DATASET_1-CLASS_1\leopard\leopard_10503.jpg,leopard,tiger,22,16,tiger,"(['leopard', 'giant panda', 'persian cat', 'seal', 'pig'], [75.51, 32.01, 21.95, 9.29, -0.46])"
D:\ZSL\CNN\Test_TRIAL_DATASET_1-CLASS_1\leopard\leopard_10504.jpg,leopard,bobcat,22,2,bobcat,"(['raccoon', 'persian cat', 'humpback whale', 'leopard', 'giant panda'], [59.41, 32.03, 16.81, 10.53, 3.26])"
D:\ZSL\CNN\Test_TRIAL_DATASET_1-CLASS_1\leopard\leopard_10505.jpg,leopard,bobcat,22,2,bobcat,"(['raccoon', 'persian cat', 'humpback whale', 'leopard', 'giant panda'], [59.41, 32.03, 16.81, 10.53, 3.26])"
D:\ZSL\CNN\Test_TRIAL_DATASET_1-CLASS_1\leopard\leopard_10506.jpg,leopard,bobcat,22,2,bobcat,"(['raccoon', 'persian cat', 'humpback whale', 'leopard', 'giant panda'], [59.41, 32.03, 16.81, 10.53, 3.26])"
D:\ZSL\CNN\Test_TRIAL_DATASET_1-CLASS_1\leopard\leopard_10507.jpg,leopard,bobcat,22,2,bobcat,"(['raccoon', 'persian cat', 'humpback whale', 'leopard', 'giant panda'], [59.41, 32.03, 16.81, 10.53, 3.26])"
D:\ZSL\CNN\Test_TRIAL_DATASET_1-CLASS_1\leopard\leopard_10508.jpg,leopard,bobcat,22,2,bobcat,"(['raccoon', 'persian cat', 'humpback whale', 'leopard', 'giant panda'], [59.41, 32.03, 16.81, 10.53, 3.26])"
D:\ZSL\CNN\Test_TRIAL_DATASET_1-CLASS_1\leopard\leopard_10509.jpg,leopard,bobcat,22,2,bobcat,"(['raccoon', 'persian cat', 'humpback whale', 'leopard', 'giant panda'], [59.41, 32.03, 16.81, 10.53, 3.26])"
D:\ZSL\CNN\Test_TRIAL_DATASET_1-CLASS_1\leopard\leopard_10510.jpg,leopard,bobcat,22,2,bobcat,"(['raccoon', 'persian cat', 'humpback whale', 'leopard', 'giant panda'], [59.41, 32.03, 16.81, 10.53, 3.26])"
D:\ZSL\CNN\Test_TRIAL_DATASET_1-CLASS_1\leopard\leopard_10511.jpg,leopard,bobcat,22,2,bobcat,"(['raccoon', 'persian cat', 'humpback whale', 'leopard', 'giant panda'], [59.41, 32.03, 16.81, 10.53, 3.26])"
D:\ZSL\CNN\Test_TRIAL_DATASET_1-CLASS_1\leopard\leopard_10512.jpg,leopard,bobcat,22,2,bobcat,"(['raccoon', 'persian cat', 'humpback whale', 'leopard', 'giant panda'], [59.41, 32.03, 16.81, 10.53, 3.26])"
D:\ZSL\CNN\Test_TRIAL_DATASET_1-CLASS_1\leopard\leopard_10513.jpg,leopard,bobcat,22,2,bobcat,"(['raccoon', 'persian cat', 'humpback whale', 'leopard', 'giant panda'], [59.41, 32.03, 16.81, 10.53, 3.26])"
D:\ZSL\CNN\Test_TRIAL_DATASET_1-CLASS_1\leopard\leopard_10514.jpg,leopard,bobcat,22,2,bobcat,"(['raccoon', 'persian cat', 'humpback whale', 'leopard', 'giant panda'], [59.41, 32.03, 16.81, 10.53, 3.26])"
D:\ZSL\CNN\Test_TRIAL_DATASET_1-CLASS_1\leopard\leopard_10515.jpg,leopard,bobcat,22,2,bobcat,"(['raccoon', 'persian cat', 'humpback whale', 'leopard', 'giant panda'], [59.41, 32.03, 16.81, 10.53, 3.26])"
D:\ZSL\CNN\Test_TRIAL_DATASET_1-CLASS_1\leopard\leopard_10516.jpg,leopard,bobcat,22,2,bobcat,"(['raccoon', 'persian cat', 'humpback whale', 'leopard', 'giant panda'], [59.41, 32.03, 16.81, 10.53, 3.26])"
D:\ZSL\CNN\Test_TRIAL_DATASET_1-CLASS_1\leopard\leopard_10517.jpg,leopard,bobcat,22,2,bobcat,"(['raccoon', 'persian cat', 'humpback whale', 'leopard', 'giant panda'], [59.41, 32.03, 16.81, 10.53, 3.26])"
D:\ZSL\CNN\Test_TRIAL_DATASET_1-CLASS_1\leopard\leopard_10518.jpg,leopard,bobcat,22,2,bobcat,"(['raccoon', 'persian cat', 'humpback whale', 'leopard', 'giant panda'], [59.41, 32.03, 16.81, 10.53, 3.26])"
D:\ZSL\CNN\Test_TRIAL_DATASET_1-CLASS_1\leopard\leopard_10519.jpg,leopard,bobcat,22,2,bobcat,"(['raccoon', 'persian cat', 'humpback whale', 'leopard', 'giant panda'], [59.41, 32.03, 16.81, 10.53, 3.26])"
D:\ZSL\CNN\Test_TRIAL_DATASET_1-CLASS_1\leopard\leopard_10520.jpg,leopard,bobcat,22,2,bobcat,"(['raccoon', 'persian cat', 'humpback whale', 'leopard', 'giant panda'], [59.41, 32.03, 16.81, 10.53, 3.26])"
D:\ZSL\CNN\Test_TRIAL_DATASET_1-CLASS_1\leopard\leopard_10521.jpg,leopard,bobcat,22,2,bobcat,"(['raccoon', 'persian cat', 'humpback whale', 'leopard', 'giant panda'], [59.41, 32.03, 16.81, 10.53, 3.26])"
D:\ZSL\CNN\Test_TRIAL_DATASET_1-CLASS_1\leopard\leopard_10522.jpg,leopard,bobcat,22,2,bobcat,"(['raccoon', 'persian cat', 'humpback whale', 'leopard', 'giant panda'], [59.41, 32.03, 16.81, 10.53, 3.26])"
D:\ZSL\CNN\Test_TRIAL_DATASET_1-CLASS_1\leopard\leopard_10523.jpg,leopard,bobcat,22,2,bobcat,"(['raccoon', 'persian cat', 'humpback whale', 'leopard', 'giant panda'], [59.41, 32.03, 16.81, 10.53, 3.26])"
D:\ZSL\CNN\Test_TRIAL_DATASET_1-CLASS_1\leopard\leopard_10524.jpg,leopard,bobcat,22,2,bobcat,"(['raccoon', 'persian cat', 'humpback whale', 'leopard', 'giant panda'], [59.41, 32.03, 16.81, 10.53, 3.26])"
D:\ZSL\CNN\Test_TRIAL_DATASET_1-CLASS_1\leopard\leopard_10525.jpg,leopard,tiger,22,16,tiger,"(['leopard', 'giant panda', 'persian cat', 'seal', 'pig'], [75.51, 32.01, 21.95, 9.29, -0.46])"
D:\ZSL\CNN\Test_TRIAL_DATASET_1-CLASS_1\leopard\leopard_10526.jpg,leopard,bobcat,22,2,bobcat,"(['raccoon', 'persian cat', 'humpback whale', 'leopard', 'giant panda'], [59.41, 32.03, 16.81, 10.53, 3.26])"
D:\ZSL\CNN\Test_TRIAL_DATASET_1-CLASS_1\leopard\leopard_10527.jpg,leopard,bobcat,22,2,bobcat,"(['raccoon', 'persian cat', 'humpback whale', 'leopard', 'giant panda'], [59.41, 32.03, 16.81, 10.53, 3.26])"
D:\ZSL\CNN\Test_TRIAL_DATASET_1-CLASS_1\leopard\leopard_10528.jpg,leopard,bobcat,22,2,bobcat,"(['raccoon', 'persian cat', 'humpback whale', 'leopard', 'giant panda'], [59.41, 32.03, 16.81, 10.53, 3.26])"
D:\ZSL\CNN\Test_TRIAL_DATASET_1-CLASS_1\leopard\leopard_10529.jpg,leopard,bobcat,22,2,bobcat,"(['raccoon', 'persian cat', 'humpback whale', 'leopard', 'giant panda'], [59.41, 32.03, 16.81, 10.53, 3.26])"
D:\ZSL\CNN\Test_TRIAL_DATASET_1-CLASS_1\leopard\leopard_10530.jpg,leopard,bobcat,22,2,bobcat,"(['raccoon', 'persian cat', 'humpback whale', 'leopard', 'giant panda'], [59.41, 32.03, 16.81, 10.53, 3.26])"
D:\ZSL\CNN\Test_TRIAL_DATASET_1-CLASS_1\leopard\leopard_10531.jpg,leopard,bobcat,22,2,bobcat,"(['raccoon', 'persian cat', 'humpback whale', 'leopard', 'giant panda'], [59.41, 32.03, 16.81, 10.53, 3.26])"
D:\ZSL\CNN\Test_TRIAL_DATASET_1-CLASS_1\leopard\leopard_10532.jpg,leopard,bobcat,22,2,bobcat,"(['raccoon', 'persian cat', 'humpback whale', 'leopard', 'giant panda'], [59.41, 32.03, 16.81, 10.53, 3.26])"
D:\ZSL\CNN\Test_TRIAL_DATASET_1-CLASS_1\leopard\leopard_10533.jpg,leopard,bobcat,22,2,bobcat,"(['raccoon', 'persian cat', 'humpback whale', 'leopard', 'giant panda'], [59.41, 32.03, 16.81, 10.53, 3.26])"
D:\ZSL\CNN\Test_TRIAL_DATASET_1-CLASS_1\leopard\leopard_10534.jpg,leopard,bobcat,22,2,bobcat,"(['raccoon', 'persian cat', 'humpback whale', 'leopard', 'giant panda'], [59.41, 32.03, 16.81, 10.53, 3.26])"
D:\ZSL\CNN\Test_TRIAL_DATASET_1-CLASS_1\leopard\leopard_10535.jpg,leopard,tiger,22,16,tiger,"(['leopard', 'giant panda', 'persian cat', 'seal', 'pig'], [75.51, 32.01, 21.95, 9.29, -0.46])"
D:\ZSL\CNN\Test_TRIAL_DATASET_1-CLASS_1\leopard\leopard_10536.jpg,leopard,bobcat,22,2,bobcat,"(['raccoon', 'persian cat', 'humpback whale', 'leopard', 'giant panda'], [59.41, 32.03, 16.81, 10.53, 3.26])"
D:\ZSL\CNN\Test_TRIAL_DATASET_1-CLASS_1\leopard\leopard_10537.jpg,leopard,bobcat,22,2,bobcat,"(['raccoon', 'persian cat', 'humpback whale', 'leopard', 'giant panda'], [59.41, 32.03, 16.81, 10.53, 3.26])"
D:\ZSL\CNN\Test_TRIAL_DATASET_1-CLASS_1\leopard\leopard_10538.jpg,leopard,bobcat,22,2,bobcat,"(['raccoon', 'persian cat', 'humpback whale', 'leopard', 'giant panda'], [59.41, 32.03, 16.81, 10.53, 3.26])"
D:\ZSL\CNN\Test_TRIAL_DATASET_1-CLASS_1\leopard\leopard_10539.jpg,leopard,bobcat,22,2,bobcat,"(['raccoon', 'persian cat', 'humpback whale', 'leopard', 'giant panda'], [59.41, 32.03, 16.81, 10.53, 3.26])"
D:\ZSL\CNN\Test_TRIAL_DATASET_1-CLASS_1\leopard\leopard_10540.jpg,leopard,bobcat,22,2,bobcat,"(['raccoon', 'persian cat', 'humpback whale', 'leopard', 'giant panda'], [59.41, 32.03, 16.81, 10.53, 3.26])"
D:\ZSL\CNN\Test_TRIAL_DATASET_1-CLASS_1\leopard\leopard_10541.jpg,leopard,bobcat,22,2,bobcat,"(['raccoon', 'persian cat', 'humpback whale', 'leopard', 'giant panda'], [59.41, 32.03, 16.81, 10.53, 3.26])"
D:\ZSL\CNN\Test_TRIAL_DATASET_1-CLASS_1\leopard\leopard_10542.jpg,leopard,bobcat,22,2,bobcat,"(['raccoon', 'persian cat', 'humpback whale', 'leopard', 'giant panda'], [59.41, 32.03, 16.81, 10.53, 3.26])"
D:\ZSL\CNN\Test_TRIAL_DATASET_1-CLASS_1\leopard\leopard_10543.jpg,leopard,tiger,22,16,tiger,"(['leopard', 'giant panda', 'persian cat', 'seal', 'pig'], [75.51, 32.01, 21.95, 9.29, -0.46])"
D:\ZSL\CNN\Test_TRIAL_DATASET_1-CLASS_1\leopard\leopard_10544.jpg,leopard,tiger,22,16,tiger,"(['leopard', 'giant panda', 'persian cat', 'seal', 'pig'], [75.51, 32.01, 21.95, 9.29, -0.46])"
D:\ZSL\CNN\Test_TRIAL_DATASET_1-CLASS_1\leopard\leopard_10545.jpg,leopard,bobcat,22,2,bobcat,"(['raccoon', 'persian cat', 'humpback whale', 'leopard', 'giant panda'], [59.41, 32.03, 16.81, 10.53, 3.26])"
D:\ZSL\CNN\Test_TRIAL_DATASET_1-CLASS_1\leopard\leopard_10546.jpg,leopard,bobcat,22,2,bobcat,"(['raccoon', 'persian cat', 'humpback whale', 'leopard', 'giant panda'], [59.41, 32.03, 16.81, 10.53, 3.26])"
D:\ZSL\CNN\Test_TRIAL_DATASET_1-CLASS_1\leopard\leopard_10547.jpg,leopard,bobcat,22,2,bobcat,"(['raccoon', 'persian cat', 'humpback whale', 'leopard', 'giant panda'], [59.41, 32.03, 16.81, 10.53, 3.26])"
D:\ZSL\CNN\Test_TRIAL_DATASET_1-CLASS_1\leopard\leopard_10548.jpg,leopard,tiger,22,16,tiger,"(['leopard', 'giant panda', 'persian cat', 'seal', 'pig'], [75.51, 32.01, 21.95, 9.29, -0.46])"
D:\ZSL\CNN\Test_TRIAL_DATASET_1-CLASS_1\leopard\leopard_10549.jpg,leopard,bobcat,22,2,bobcat,"(['raccoon', 'persian cat', 'humpback whale', 'leopard', 'giant panda'], [59.41, 32.03, 16.81, 10.53, 3.26])"
D:\ZSL\CNN\Test_TRIAL_DATASET_1-CLASS_1\leopard\leopard_10550.jpg,leopard,bobcat,22,2,bobcat,"(['raccoon', 'persian cat', 'humpback whale', 'leopard', 'giant panda'], [59.41, 32.03, 16.81, 10.53, 3.26])"
D:\ZSL\CNN\Test_TRIAL_DATASET_1-CLASS_1\leopard\leopard_10551.jpg,leopard,bobcat,22,2,bobcat,"(['raccoon', 'persian cat', 'humpback whale', 'leopard', 'giant panda'], [59.41, 32.03, 16.81, 10.53, 3.26])"
D:\ZSL\CNN\Test_TRIAL_DATASET_1-CLASS_1\leopard\leopard_10552.jpg,leopard,bobcat,22,2,bobcat,"(['raccoon', 'persian cat', 'humpback whale', 'leopard', 'giant panda'], [59.41, 32.03, 16.81, 10.53, 3.26])"
D:\ZSL\CNN\Test_TRIAL_DATASET_1-CLASS_1\leopard\leopard_10553.jpg,leopard,bobcat,22,2,bobcat,"(['raccoon', 'persian cat', 'humpback whale', 'leopard', 'giant panda'], [59.41, 32.03, 16.81, 10.53, 3.26])"
D:\ZSL\CNN\Test_TRIAL_DATASET_1-CLASS_1\leopard\leopard_10554.jpg,leopard,bobcat,22,2,bobcat,"(['raccoon', 'persian cat', 'humpback whale', 'leopard', 'giant panda'], [59.41, 32.03, 16.81, 10.53, 3.26])"
D:\ZSL\CNN\Test_TRIAL_DATASET_1-CLASS_1\leopard\leopard_10555.jpg,leopard,bobcat,22,2,bobcat,"(['raccoon', 'persian cat', 'humpback whale', 'leopard', 'giant panda'], [59.41, 32.03, 16.81, 10.53, 3.26])"
D:\ZSL\CNN\Test_TRIAL_DATASET_1-CLASS_1\leopard\leopard_10556.jpg,leopard,bobcat,22,2,bobcat,"(['raccoon', 'persian cat', 'humpback whale', 'leopard', 'giant panda'], [59.41, 32.03, 16.81, 10.53, 3.26])"
D:\ZSL\CNN\Test_TRIAL_DATASET_1-CLASS_1\leopard\leopard_10557.jpg,leopard,bobcat,22,2,bobcat,"(['raccoon', 'persian cat', 'humpback whale', 'leopard', 'giant panda'], [59.41, 32.03, 16.81, 10.53, 3.26])"
D:\ZSL\CNN\Test_TRIAL_DATASET_1-CLASS_1\leopard\leopard_10558.jpg,leopard,bobcat,22,2,bobcat,"(['raccoon', 'persian cat', 'humpback whale', 'leopard', 'giant panda'], [59.41, 32.03, 16.81, 10.53, 3.26])"
D:\ZSL\CNN\Test_TRIAL_DATASET_1-CLASS_1\leopard\leopard_10559.jpg,leopard,bobcat,22,2,bobcat,"(['raccoon', 'persian cat', 'humpback whale', 'leopard', 'giant panda'], [59.41, 32.03, 16.81, 10.53, 3.26])"
D:\ZSL\CNN\Test_TRIAL_DATASET_1-CLASS_1\leopard\leopard_10560.jpg,leopard,bobcat,22,2,bobcat,"(['raccoon', 'persian cat', 'humpback whale', 'leopard', 'giant panda'], [59.41, 32.03, 16.81, 10.53, 3.26])"
D:\ZSL\CNN\Test_TRIAL_DATASET_1-CLASS_1\leopard\leopard_10561.jpg,leopard,tiger,22,16,tiger,"(['leopard', 'giant panda', 'persian cat', 'seal', 'pig'], [75.51, 32.01, 21.95, 9.29, -0.46])"
D:\ZSL\CNN\Test_TRIAL_DATASET_1-CLASS_1\leopard\leopard_10562.jpg,leopard,bobcat,22,2,bobcat,"(['raccoon', 'persian cat', 'humpback whale', 'leopard', 'giant panda'], [59.41, 32.03, 16.81, 10.53, 3.26])"
D:\ZSL\CNN\Test_TRIAL_DATASET_1-CLASS_1\leopard\leopard_10563.jpg,leopard,bobcat,22,2,bobcat,"(['raccoon', 'persian cat', 'humpback whale', 'leopard', 'giant panda'], [59.41, 32.03, 16.81, 10.53, 3.26])"
D:\ZSL\CNN\Test_TRIAL_DATASET_1-CLASS_1\leopard\leopard_10564.jpg,leopard,bobcat,22,2,bobcat,"(['raccoon', 'persian cat', 'humpback whale', 'leopard', 'giant panda'], [59.41, 32.03, 16.81, 10.53, 3.26])"
D:\ZSL\CNN\Test_TRIAL_DATASET_1-CLASS_1\leopard\leopard_10565.jpg,leopard,bobcat,22,2,bobcat,"(['raccoon', 'persian cat', 'humpback whale', 'leopard', 'giant panda'], [59.41, 32.03, 16.81, 10.53, 3.26])"
D:\ZSL\CNN\Test_TRIAL_DATASET_1-CLASS_1\leopard\leopard_10566.jpg,leopard,bobcat,22,2,bobcat,"(['raccoon', 'persian cat', 'humpback whale', 'leopard', 'giant panda'], [59.41, 32.03, 16.81, 10.53, 3.26])"
D:\ZSL\CNN\Test_TRIAL_DATASET_1-CLASS_1\leopard\leopard_10567.jpg,leopard,bobcat,22,2,bobcat,"(['raccoon', 'persian cat', 'humpback whale', 'leopard', 'giant panda'], [59.41, 32.03, 16.81, 10.53, 3.26])"
D:\ZSL\CNN\Test_TRIAL_DATASET_1-CLASS_1\leopard\leopard_10568.jpg,leopard,bobcat,22,2,bobcat,"(['raccoon', 'persian cat', 'humpback whale', 'leopard', 'giant panda'], [59.41, 32.03, 16.81, 10.53, 3.26])"
D:\ZSL\CNN\Test_TRIAL_DATASET_1-CLASS_1\leopard\leopard_10569.jpg,leopard,bobcat,22,2,bobcat,"(['raccoon', 'persian cat', 'humpback whale', 'leopard', 'giant panda'], [59.41, 32.03, 16.81, 10.53, 3.26])"
D:\ZSL\CNN\Test_TRIAL_DATASET_1-CLASS_1\leopard\leopard_10570.jpg,leopard,bobcat,22,2,bobcat,"(['raccoon', 'persian cat', 'humpback whale', 'leopard', 'giant panda'], [59.41, 32.03, 16.81, 10.53, 3.26])"
D:\ZSL\CNN\Test_TRIAL_DATASET_1-CLASS_1\leopard\leopard_10571.jpg,leopard,bobcat,22,2,bobcat,"(['raccoon', 'persian cat', 'humpback whale', 'leopard', 'giant panda'], [59.41, 32.03, 16.81, 10.53, 3.26])"
D:\ZSL\CNN\Test_TRIAL_DATASET_1-CLASS_1\leopard\leopard_10572.jpg,leopard,bobcat,22,2,bobcat,"(['raccoon', 'persian cat', 'humpback whale', 'leopard', 'giant panda'], [59.41, 32.03, 16.81, 10.53, 3.26])"
D:\ZSL\CNN\Test_TRIAL_DATASET_1-CLASS_1\leopard\leopard_10573.jpg,leopard,bobcat,22,2,bobcat,"(['raccoon', 'persian cat', 'humpback whale', 'leopard', 'giant panda'], [59.41, 32.03, 16.81, 10.53, 3.26])"
D:\ZSL\CNN\Test_TRIAL_DATASET_1-CLASS_1\leopard\leopard_10574.jpg,leopard,bobcat,22,2,bobcat,"(['raccoon', 'persian cat', 'humpback whale', 'leopard', 'giant panda'], [59.41, 32.03, 16.81, 10.53, 3.26])"
D:\ZSL\CNN\Test_TRIAL_DATASET_1-CLASS_1\leopard\leopard_10575.jpg,leopard,bobcat,22,2,bobcat,"(['raccoon', 'persian cat', 'humpback whale', 'leopard', 'giant panda'], [59.41, 32.03, 16.81, 10.53, 3.26])"
D:\ZSL\CNN\Test_TRIAL_DATASET_1-CLASS_1\leopard\leopard_10576.jpg,leopard,bobcat,22,2,bobcat,"(['raccoon', 'persian cat', 'humpback whale', 'leopard', 'giant panda'], [59.41, 32.03, 16.81, 10.53, 3.26])"
D:\ZSL\CNN\Test_TRIAL_DATASET_1-CLASS_1\leopard\leopard_10577.jpg,leopard,bobcat,22,2,bobcat,"(['raccoon', 'persian cat', 'humpback whale', 'leopard', 'giant panda'], [59.41, 32.03, 16.81, 10.53, 3.26])"
D:\ZSL\CNN\Test_TRIAL_DATASET_1-CLASS_1\leopard\leopard_10578.jpg,leopard,bobcat,22,2,bobcat,"(['raccoon', 'persian cat', 'humpback whale', 'leopard', 'giant panda'], [59.41, 32.03, 16.81, 10.53, 3.26])"
D:\ZSL\CNN\Test_TRIAL_DATASET_1-CLASS_1\leopard\leopard_10579.jpg,leopard,bobcat,22,2,bobcat,"(['raccoon', 'persian cat', 'humpback whale', 'leopard', 'giant panda'], [59.41, 32.03, 16.81, 10.53, 3.26])"
D:\ZSL\CNN\Test_TRIAL_DATASET_1-CLASS_1\leopard\leopard_10580.jpg,leopard,bobcat,22,2,bobcat,"(['raccoon', 'persian cat', 'humpback whale', 'leopard', 'giant panda'], [59.41, 32.03, 16.81, 10.53, 3.26])"
D:\ZSL\CNN\Test_TRIAL_DATASET_1-CLASS_1\leopard\leopard_10581.jpg,leopard,tiger,22,16,tiger,"(['leopard', 'giant panda', 'persian cat', 'seal', 'pig'], [75.51, 32.01, 21.95, 9.29, -0.46])"
D:\ZSL\CNN\Test_TRIAL_DATASET_1-CLASS_1\leopard\leopard_10582.jpg,leopard,bobcat,22,2,bobcat,"(['raccoon', 'persian cat', 'humpback whale', 'leopard', 'giant panda'], [59.41, 32.03, 16.81, 10.53, 3.26])"
D:\ZSL\CNN\Test_TRIAL_DATASET_1-CLASS_1\leopard\leopard_10583.jpg,leopard,bobcat,22,2,bobcat,"(['raccoon', 'persian cat', 'humpback whale', 'leopard', 'giant panda'], [59.41, 32.03, 16.81, 10.53, 3.26])"
D:\ZSL\CNN\Test_TRIAL_DATASET_1-CLASS_1\leopard\leopard_10584.jpg,leopard,bobcat,22,2,bobcat,"(['raccoon', 'persian cat', 'humpback whale', 'leopard', 'giant panda'], [59.41, 32.03, 16.81, 10.53, 3.26])"
D:\ZSL\CNN\Test_TRIAL_DATASET_1-CLASS_1\leopard\leopard_10585.jpg,leopard,bobcat,22,2,bobcat,"(['raccoon', 'persian cat', 'humpback whale', 'leopard', 'giant panda'], [59.41, 32.03, 16.81, 10.53, 3.26])"
D:\ZSL\CNN\Test_TRIAL_DATASET_1-CLASS_1\leopard\leopard_10586.jpg,leopard,bobcat,22,2,bobcat,"(['raccoon', 'persian cat', 'humpback whale', 'leopard', 'giant panda'], [59.41, 32.03, 16.81, 10.53, 3.26])"
D:\ZSL\CNN\Test_TRIAL_DATASET_1-CLASS_1\leopard\leopard_10587.jpg,leopard,bobcat,22,2,bobcat,"(['raccoon', 'persian cat', 'humpback whale', 'leopard', 'giant panda'], [59.41, 32.03, 16.81, 10.53, 3.26])"
D:\ZSL\CNN\Test_TRIAL_DATASET_1-CLASS_1\leopard\leopard_10588.jpg,leopard,bobcat,22,2,bobcat,"(['raccoon', 'persian cat', 'humpback whale', 'leopard', 'giant panda'], [59.41, 32.03, 16.81, 10.53, 3.26])"
D:\ZSL\CNN\Test_TRIAL_DATASET_1-CLASS_1\leopard\leopard_10589.jpg,leopard,tiger,22,16,tiger,"(['leopard', 'giant panda', 'persian cat', 'seal', 'pig'], [75.51, 32.01, 21.95, 9.29, -0.46])"
D:\ZSL\CNN\Test_TRIAL_DATASET_1-CLASS_1\leopard\leopard_10590.jpg,leopard,bobcat,22,2,bobcat,"(['raccoon', 'persian cat', 'humpback whale', 'leopard', 'giant panda'], [59.41, 32.03, 16.81, 10.53, 3.26])"
D:\ZSL\CNN\Test_TRIAL_DATASET_1-CLASS_1\leopard\leopard_10591.jpg,leopard,bobcat,22,2,bobcat,"(['raccoon', 'persian cat', 'humpback whale', 'leopard', 'giant panda'], [59.41, 32.03, 16.81, 10.53, 3.26])"
D:\ZSL\CNN\Test_TRIAL_DATASET_1-CLASS_1\leopard\leopard_10592.jpg,leopard,bobcat,22,2,bobcat,"(['raccoon', 'persian cat', 'humpback whale', 'leopard', 'giant panda'], [59.41, 32.03, 16.81, 10.53, 3.26])"
D:\ZSL\CNN\Test_TRIAL_DATASET_1-CLASS_1\leopard\leopard_10593.jpg,leopard,bobcat,22,2,bobcat,"(['raccoon', 'persian cat', 'humpback whale', 'leopard', 'giant panda'], [59.41, 32.03, 16.81, 10.53, 3.26])"
D:\ZSL\CNN\Test_TRIAL_DATASET_1-CLASS_1\leopard\leopard_10594.jpg,leopard,bobcat,22,2,bobcat,"(['raccoon', 'persian cat', 'humpback whale', 'leopard', 'giant panda'], [59.41, 32.03, 16.81, 10.53, 3.26])"
D:\ZSL\CNN\Test_TRIAL_DATASET_1-CLASS_1\leopard\leopard_10595.jpg,leopard,tiger,22,16,tiger,"(['leopard', 'giant panda', 'persian cat', 'seal', 'pig'], [75.51, 32.01, 21.95, 9.29, -0.46])"
D:\ZSL\CNN\Test_TRIAL_DATASET_1-CLASS_1\leopard\leopard_10596.jpg,leopard,bobcat,22,2,bobcat,"(['raccoon', 'persian cat', 'humpback whale', 'leopard', 'giant panda'], [59.41, 32.03, 16.81, 10.53, 3.26])"
D:\ZSL\CNN\Test_TRIAL_DATASET_1-CLASS_1\leopard\leopard_10597.jpg,leopard,bobcat,22,2,bobcat,"(['raccoon', 'persian cat', 'humpback whale', 'leopard', 'giant panda'], [59.41, 32.03, 16.81, 10.53, 3.26])"
D:\ZSL\CNN\Test_TRIAL_DATASET_1-CLASS_1\leopard\leopard_10598.jpg,leopard,bobcat,22,2,bobcat,"(['raccoon', 'persian cat', 'humpback whale', 'leopard', 'giant panda'], [59.41, 32.03, 16.81, 10.53, 3.26])"
D:\ZSL\CNN\Test_TRIAL_DATASET_1-CLASS_1\leopard\leopard_10599.jpg,leopard,bobcat,22,2,bobcat,"(['raccoon', 'persian cat', 'humpback whale', 'leopard', 'giant panda'], [59.41, 32.03, 16.81, 10.53, 3.26])"
D:\ZSL\CNN\Test_TRIAL_DATASET_1-CLASS_1\leopard\leopard_10600.jpg,leopard,bobcat,22,2,bobcat,"(['raccoon', 'persian cat', 'humpback whale', 'leopard', 'giant panda'], [59.41, 32.03, 16.81, 10.53, 3.26])"
D:\ZSL\CNN\Test_TRIAL_DATASET_1-CLASS_1\leopard\leopard_10601.jpg,leopard,bobcat,22,2,bobcat,"(['raccoon', 'persian cat', 'humpback whale', 'leopard', 'giant panda'], [59.41, 32.03, 16.81, 10.53, 3.26])"
D:\ZSL\CNN\Test_TRIAL_DATASET_1-CLASS_1\leopard\leopard_10602.jpg,leopard,bobcat,22,2,bobcat,"(['raccoon', 'persian cat', 'humpback whale', 'leopard', 'giant panda'], [59.41, 32.03, 16.81, 10.53, 3.26])"
D:\ZSL\CNN\Test_TRIAL_DATASET_1-CLASS_1\leopard\leopard_10603.jpg,leopard,bobcat,22,2,bobcat,"(['raccoon', 'persian cat', 'humpback whale', 'leopard', 'giant panda'], [59.41, 32.03, 16.81, 10.53, 3.26])"
D:\ZSL\CNN\Test_TRIAL_DATASET_1-CLASS_1\leopard\leopard_10604.jpg,leopard,bobcat,22,2,bobcat,"(['raccoon', 'persian cat', 'humpback whale', 'leopard', 'giant panda'], [59.41, 32.03, 16.81, 10.53, 3.26])"
D:\ZSL\CNN\Test_TRIAL_DATASET_1-CLASS_1\leopard\leopard_10605.jpg,leopard,bobcat,22,2,bobcat,"(['raccoon', 'persian cat', 'humpback whale', 'leopard', 'giant panda'], [59.41, 32.03, 16.81, 10.53, 3.26])"
D:\ZSL\CNN\Test_TRIAL_DATASET_1-CLASS_1\leopard\leopard_10606.jpg,leopard,bobcat,22,2,bobcat,"(['raccoon', 'persian cat', 'humpback whale', 'leopard', 'giant panda'], [59.41, 32.03, 16.81, 10.53, 3.26])"
D:\ZSL\CNN\Test_TRIAL_DATASET_1-CLASS_1\leopard\leopard_10607.jpg,leopard,bobcat,22,2,bobcat,"(['raccoon', 'persian cat', 'humpback whale', 'leopard', 'giant panda'], [59.41, 32.03, 16.81, 10.53, 3.26])"
D:\ZSL\CNN\Test_TRIAL_DATASET_1-CLASS_1\leopard\leopard_10608.jpg,leopard,bobcat,22,2,bobcat,"(['raccoon', 'persian cat', 'humpback whale', 'leopard', 'giant panda'], [59.41, 32.03, 16.81, 10.53, 3.26])"
D:\ZSL\CNN\Test_TRIAL_DATASET_1-CLASS_1\leopard\leopard_10609.jpg,leopard,bobcat,22,2,bobcat,"(['raccoon', 'persian cat', 'humpback whale', 'leopard', 'giant panda'], [59.41, 32.03, 16.81, 10.53, 3.26])"
D:\ZSL\CNN\Test_TRIAL_DATASET_1-CLASS_1\leopard\leopard_10610.jpg,leopard,bobcat,22,2,bobcat,"(['raccoon', 'persian cat', 'humpback whale', 'leopard', 'giant panda'], [59.41, 32.03, 16.81, 10.53, 3.26])"
D:\ZSL\CNN\Test_TRIAL_DATASET_1-CLASS_1\leopard\leopard_10611.jpg,leopard,bobcat,22,2,bobcat,"(['raccoon', 'persian cat', 'humpback whale', 'leopard', 'giant panda'], [59.41, 32.03, 16.81, 10.53, 3.26])"
D:\ZSL\CNN\Test_TRIAL_DATASET_1-CLASS_1\leopard\leopard_10612.jpg,leopard,bobcat,22,2,bobcat,"(['raccoon', 'persian cat', 'humpback whale', 'leopard', 'giant panda'], [59.41, 32.03, 16.81, 10.53, 3.26])"
D:\ZSL\CNN\Test_TRIAL_DATASET_1-CLASS_1\leopard\leopard_10613.jpg,leopard,bobcat,22,2,bobcat,"(['raccoon', 'persian cat', 'humpback whale', 'leopard', 'giant panda'], [59.41, 32.03, 16.81, 10.53, 3.26])"
D:\ZSL\CNN\Test_TRIAL_DATASET_1-CLASS_1\leopard\leopard_10614.jpg,leopard,bobcat,22,2,bobcat,"(['raccoon', 'persian cat', 'humpback whale', 'leopard', 'giant panda'], [59.41, 32.03, 16.81, 10.53, 3.26])"
D:\ZSL\CNN\Test_TRIAL_DATASET_1-CLASS_1\leopard\leopard_10615.jpg,leopard,bobcat,22,2,bobcat,"(['raccoon', 'persian cat', 'humpback whale', 'leopard', 'giant panda'], [59.41, 32.03, 16.81, 10.53, 3.26])"
D:\ZSL\CNN\Test_TRIAL_DATASET_1-CLASS_1\leopard\leopard_10616.jpg,leopard,bobcat,22,2,bobcat,"(['raccoon', 'persian cat', 'humpback whale', 'leopard', 'giant panda'], [59.41, 32.03, 16.81, 10.53, 3.26])"
D:\ZSL\CNN\Test_TRIAL_DATASET_1-CLASS_1\leopard\leopard_10617.jpg,leopard,bobcat,22,2,bobcat,"(['raccoon', 'persian cat', 'humpback whale', 'leopard', 'giant panda'], [59.41, 32.03, 16.81, 10.53, 3.26])"
D:\ZSL\CNN\Test_TRIAL_DATASET_1-CLASS_1\leopard\leopard_10618.jpg,leopard,bobcat,22,2,bobcat,"(['raccoon', 'persian cat', 'humpback whale', 'leopard', 'giant panda'], [59.41, 32.03, 16.81, 10.53, 3.26])"
D:\ZSL\CNN\Test_TRIAL_DATASET_1-CLASS_1\leopard\leopard_10619.jpg,leopard,bobcat,22,2,bobcat,"(['raccoon', 'persian cat', 'humpback whale', 'leopard', 'giant panda'], [59.41, 32.03, 16.81, 10.53, 3.26])"
D:\ZSL\CNN\Test_TRIAL_DATASET_1-CLASS_1\leopard\leopard_10620.jpg,leopard,bobcat,22,2,bobcat,"(['raccoon', 'persian cat', 'humpback whale', 'leopard', 'giant panda'], [59.41, 32.03, 16.81, 10.53, 3.26])"
D:\ZSL\CNN\Test_TRIAL_DATASET_1-CLASS_1\leopard\leopard_10621.jpg,leopard,bobcat,22,2,bobcat,"(['raccoon', 'persian cat', 'humpback whale', 'leopard', 'giant panda'], [59.41, 32.03, 16.81, 10.53, 3.26])"
D:\ZSL\CNN\Test_TRIAL_DATASET_1-CLASS_1\leopard\leopard_10622.jpg,leopard,bobcat,22,2,bobcat,"(['raccoon', 'persian cat', 'humpback whale', 'leopard', 'giant panda'], [59.41, 32.03, 16.81, 10.53, 3.26])"
D:\ZSL\CNN\Test_TRIAL_DATASET_1-CLASS_1\leopard\leopard_10623.jpg,leopard,bobcat,22,2,bobcat,"(['raccoon', 'persian cat', 'humpback whale', 'leopard', 'giant panda'], [59.41, 32.03, 16.81, 10.53, 3.26])"
D:\ZSL\CNN\Test_TRIAL_DATASET_1-CLASS_1\leopard\leopard_10624.jpg,leopard,bobcat,22,2,bobcat,"(['raccoon', 'persian cat', 'humpback whale', 'leopard', 'giant panda'], [59.41, 32.03, 16.81, 10.53, 3.26])"
D:\ZSL\CNN\Test_TRIAL_DATASET_1-CLASS_1\leopard\leopard_10625.jpg,leopard,bobcat,22,2,bobcat,"(['raccoon', 'persian cat', 'humpback whale', 'leopard', 'giant panda'], [59.41, 32.03, 16.81, 10.53, 3.26])"
D:\ZSL\CNN\Test_TRIAL_DATASET_1-CLASS_1\leopard\leopard_10626.jpg,leopard,bobcat,22,2,bobcat,"(['raccoon', 'persian cat', 'humpback whale', 'leopard', 'giant panda'], [59.41, 32.03, 16.81, 10.53, 3.26])"
D:\ZSL\CNN\Test_TRIAL_DATASET_1-CLASS_1\leopard\leopard_10627.jpg,leopard,bobcat,22,2,bobcat,"(['raccoon', 'persian cat', 'humpback whale', 'leopard', 'giant panda'], [59.41, 32.03, 16.81, 10.53, 3.26])"
D:\ZSL\CNN\Test_TRIAL_DATASET_1-CLASS_1\leopard\leopard_10628.jpg,leopard,bobcat,22,2,bobcat,"(['raccoon', 'persian cat', 'humpback whale', 'leopard', 'giant panda'], [59.41, 32.03, 16.81, 10.53, 3.26])"
D:\ZSL\CNN\Test_TRIAL_DATASET_1-CLASS_1\leopard\leopard_10629.jpg,leopard,bobcat,22,2,bobcat,"(['raccoon', 'persian cat', 'humpback whale', 'leopard', 'giant panda'], [59.41, 32.03, 16.81, 10.53, 3.26])"
D:\ZSL\CNN\Test_TRIAL_DATASET_1-CLASS_1\leopard\leopard_10630.jpg,leopard,tiger,22,16,tiger,"(['leopard', 'giant panda', 'persian cat', 'seal', 'pig'], [75.51, 32.01, 21.95, 9.29, -0.46])"
D:\ZSL\CNN\Test_TRIAL_DATASET_1-CLASS_1\leopard\leopard_10631.jpg,leopard,bobcat,22,2,bobcat,"(['raccoon', 'persian cat', 'humpback whale', 'leopard', 'giant panda'], [59.41, 32.03, 16.81, 10.53, 3.26])"
D:\ZSL\CNN\Test_TRIAL_DATASET_1-CLASS_1\leopard\leopard_10632.jpg,leopard,bobcat,22,2,bobcat,"(['raccoon', 'persian cat', 'humpback whale', 'leopard', 'giant panda'], [59.41, 32.03, 16.81, 10.53, 3.26])"
D:\ZSL\CNN\Test_TRIAL_DATASET_1-CLASS_1\leopard\leopard_10633.jpg,leopard,bobcat,22,2,bobcat,"(['raccoon', 'persian cat', 'humpback whale', 'leopard', 'giant panda'], [59.41, 32.03, 16.81, 10.53, 3.26])"
D:\ZSL\CNN\Test_TRIAL_DATASET_1-CLASS_1\leopard\leopard_10634.jpg,leopard,bobcat,22,2,bobcat,"(['raccoon', 'persian cat', 'humpback whale', 'leopard', 'giant panda'], [59.41, 32.03, 16.81, 10.53, 3.26])"
D:\ZSL\CNN\Test_TRIAL_DATASET_1-CLASS_1\leopard\leopard_10635.jpg,leopard,bobcat,22,2,bobcat,"(['raccoon', 'persian cat', 'humpback whale', 'leopard', 'giant panda'], [59.41, 32.03, 16.81, 10.53, 3.26])"
D:\ZSL\CNN\Test_TRIAL_DATASET_1-CLASS_1\leopard\leopard_10636.jpg,leopard,bobcat,22,2,bobcat,"(['raccoon', 'persian cat', 'humpback whale', 'leopard', 'giant panda'], [59.41, 32.03, 16.81, 10.53, 3.26])"
D:\ZSL\CNN\Test_TRIAL_DATASET_1-CLASS_1\leopard\leopard_10637.jpg,leopard,tiger,22,16,tiger,"(['leopard', 'giant panda', 'persian cat', 'seal', 'pig'], [75.51, 32.01, 21.95, 9.29, -0.46])"
D:\ZSL\CNN\Test_TRIAL_DATASET_1-CLASS_1\leopard\leopard_10638.jpg,leopard,bobcat,22,2,bobcat,"(['raccoon', 'persian cat', 'humpback whale', 'leopard', 'giant panda'], [59.41, 32.03, 16.81, 10.53, 3.26])"
D:\ZSL\CNN\Test_TRIAL_DATASET_1-CLASS_1\leopard\leopard_10639.jpg,leopard,bobcat,22,2,bobcat,"(['raccoon', 'persian cat', 'humpback whale', 'leopard', 'giant panda'], [59.41, 32.03, 16.81, 10.53, 3.26])"
D:\ZSL\CNN\Test_TRIAL_DATASET_1-CLASS_1\leopard\leopard_10640.jpg,leopard,bobcat,22,2,bobcat,"(['raccoon', 'persian cat', 'humpback whale', 'leopard', 'giant panda'], [59.41, 32.03, 16.81, 10.53, 3.26])"
D:\ZSL\CNN\Test_TRIAL_DATASET_1-CLASS_1\leopard\leopard_10641.jpg,leopard,bobcat,22,2,bobcat,"(['raccoon', 'persian cat', 'humpback whale', 'leopard', 'giant panda'], [59.41, 32.03, 16.81, 10.53, 3.26])"
D:\ZSL\CNN\Test_TRIAL_DATASET_1-CLASS_1\leopard\leopard_10642.jpg,leopard,bobcat,22,2,bobcat,"(['raccoon', 'persian cat', 'humpback whale', 'leopard', 'giant panda'], [59.41, 32.03, 16.81, 10.53, 3.26])"
D:\ZSL\CNN\Test_TRIAL_DATASET_1-CLASS_1\leopard\leopard_10643.jpg,leopard,bobcat,22,2,bobcat,"(['raccoon', 'persian cat', 'humpback whale', 'leopard', 'giant panda'], [59.41, 32.03, 16.81, 10.53, 3.26])"
D:\ZSL\CNN\Test_TRIAL_DATASET_1-CLASS_1\leopard\leopard_10644.jpg,leopard,bobcat,22,2,bobcat,"(['raccoon', 'persian cat', 'humpback whale', 'leopard', 'giant panda'], [59.41, 32.03, 16.81, 10.53, 3.26])"
D:\ZSL\CNN\Test_TRIAL_DATASET_1-CLASS_1\leopard\leopard_10645.jpg,leopard,bobcat,22,2,bobcat,"(['raccoon', 'persian cat', 'humpback whale', 'leopard', 'giant panda'], [59.41, 32.03, 16.81, 10.53, 3.26])"
D:\ZSL\CNN\Test_TRIAL_DATASET_1-CLASS_1\leopard\leopard_10646.jpg,leopard,bobcat,22,2,bobcat,"(['raccoon', 'persian cat', 'humpback whale', 'leopard', 'giant panda'], [59.41, 32.03, 16.81, 10.53, 3.26])"
D:\ZSL\CNN\Test_TRIAL_DATASET_1-CLASS_1\leopard\leopard_10647.jpg,leopard,bobcat,22,2,bobcat,"(['raccoon', 'persian cat', 'humpback whale', 'leopard', 'giant panda'], [59.41, 32.03, 16.81, 10.53, 3.26])"
D:\ZSL\CNN\Test_TRIAL_DATASET_1-CLASS_1\leopard\leopard_10648.jpg,leopard,bobcat,22,2,bobcat,"(['raccoon', 'persian cat', 'humpback whale', 'leopard', 'giant panda'], [59.41, 32.03, 16.81, 10.53, 3.26])"
D:\ZSL\CNN\Test_TRIAL_DATASET_1-CLASS_1\leopard\leopard_10649.jpg,leopard,bobcat,22,2,bobcat,"(['raccoon', 'persian cat', 'humpback whale', 'leopard', 'giant panda'], [59.41, 32.03, 16.81, 10.53, 3.26])"
D:\ZSL\CNN\Test_TRIAL_DATASET_1-CLASS_1\leopard\leopard_10650.jpg,leopard,tiger,22,16,tiger,"(['leopard', 'giant panda', 'persian cat', 'seal', 'pig'], [75.51, 32.01, 21.95, 9.29, -0.46])"
D:\ZSL\CNN\Test_TRIAL_DATASET_1-CLASS_1\leopard\leopard_10651.jpg,leopard,bobcat,22,2,bobcat,"(['raccoon', 'persian cat', 'humpback whale', 'leopard', 'giant panda'], [59.41, 32.03, 16.81, 10.53, 3.26])"
D:\ZSL\CNN\Test_TRIAL_DATASET_1-CLASS_1\leopard\leopard_10652.jpg,leopard,bobcat,22,2,bobcat,"(['raccoon', 'persian cat', 'humpback whale', 'leopard', 'giant panda'], [59.41, 32.03, 16.81, 10.53, 3.26])"
D:\ZSL\CNN\Test_TRIAL_DATASET_1-CLASS_1\leopard\leopard_10653.jpg,leopard,bobcat,22,2,bobcat,"(['raccoon', 'persian cat', 'humpback whale', 'leopard', 'giant panda'], [59.41, 32.03, 16.81, 10.53, 3.26])"
D:\ZSL\CNN\Test_TRIAL_DATASET_1-CLASS_1\leopard\leopard_10654.jpg,leopard,bobcat,22,2,bobcat,"(['raccoon', 'persian cat', 'humpback whale', 'leopard', 'giant panda'], [59.41, 32.03, 16.81, 10.53, 3.26])"
D:\ZSL\CNN\Test_TRIAL_DATASET_1-CLASS_1\leopard\leopard_10655.jpg,leopard,bobcat,22,2,bobcat,"(['raccoon', 'persian cat', 'humpback whale', 'leopard', 'giant panda'], [59.41, 32.03, 16.81, 10.53, 3.26])"
D:\ZSL\CNN\Test_TRIAL_DATASET_1-CLASS_1\leopard\leopard_10656.jpg,leopard,bobcat,22,2,bobcat,"(['raccoon', 'persian cat', 'humpback whale', 'leopard', 'giant panda'], [59.41, 32.03, 16.81, 10.53, 3.26])"
D:\ZSL\CNN\Test_TRIAL_DATASET_1-CLASS_1\leopard\leopard_10657.jpg,leopard,bobcat,22,2,bobcat,"(['raccoon', 'persian cat', 'humpback whale', 'leopard', 'giant panda'], [59.41, 32.03, 16.81, 10.53, 3.26])"
D:\ZSL\CNN\Test_TRIAL_DATASET_1-CLASS_1\leopard\leopard_10658.jpg,leopard,bobcat,22,2,bobcat,"(['raccoon', 'persian cat', 'humpback whale', 'leopard', 'giant panda'], [59.41, 32.03, 16.81, 10.53, 3.26])"
D:\ZSL\CNN\Test_TRIAL_DATASET_1-CLASS_1\leopard\leopard_10659.jpg,leopard,bobcat,22,2,bobcat,"(['raccoon', 'persian cat', 'humpback whale', 'leopard', 'giant panda'], [59.41, 32.03, 16.81, 10.53, 3.26])"
D:\ZSL\CNN\Test_TRIAL_DATASET_1-CLASS_1\leopard\leopard_10660.jpg,leopard,tiger,22,16,tiger,"(['leopard', 'giant panda', 'persian cat', 'seal', 'pig'], [75.51, 32.01, 21.95, 9.29, -0.46])"
D:\ZSL\CNN\Test_TRIAL_DATASET_1-CLASS_1\leopard\leopard_10661.jpg,leopard,bobcat,22,2,bobcat,"(['raccoon', 'persian cat', 'humpback whale', 'leopard', 'giant panda'], [59.41, 32.03, 16.81, 10.53, 3.26])"
D:\ZSL\CNN\Test_TRIAL_DATASET_1-CLASS_1\leopard\leopard_10662.jpg,leopard,bobcat,22,2,bobcat,"(['raccoon', 'persian cat', 'humpback whale', 'leopard', 'giant panda'], [59.41, 32.03, 16.81, 10.53, 3.26])"
D:\ZSL\CNN\Test_TRIAL_DATASET_1-CLASS_1\leopard\leopard_10663.jpg,leopard,bobcat,22,2,bobcat,"(['raccoon', 'persian cat', 'humpback whale', 'leopard', 'giant panda'], [59.41, 32.03, 16.81, 10.53, 3.26])"
D:\ZSL\CNN\Test_TRIAL_DATASET_1-CLASS_1\leopard\leopard_10664.jpg,leopard,bobcat,22,2,bobcat,"(['raccoon', 'persian cat', 'humpback whale', 'leopard', 'giant panda'], [59.41, 32.03, 16.81, 10.53, 3.26])"
D:\ZSL\CNN\Test_TRIAL_DATASET_1-CLASS_1\leopard\leopard_10665.jpg,leopard,tiger,22,16,tiger,"(['leopard', 'giant panda', 'persian cat', 'seal', 'pig'], [75.51, 32.01, 21.95, 9.29, -0.46])"
D:\ZSL\CNN\Test_TRIAL_DATASET_1-CLASS_1\leopard\leopard_10666.jpg,leopard,tiger,22,16,tiger,"(['leopard', 'giant panda', 'persian cat', 'seal', 'pig'], [75.51, 32.01, 21.95, 9.29, -0.46])"
D:\ZSL\CNN\Test_TRIAL_DATASET_1-CLASS_1\leopard\leopard_10667.jpg,leopard,bobcat,22,2,bobcat,"(['raccoon', 'persian cat', 'humpback whale', 'leopard', 'giant panda'], [59.41, 32.03, 16.81, 10.53, 3.26])"
D:\ZSL\CNN\Test_TRIAL_DATASET_1-CLASS_1\leopard\leopard_10668.jpg,leopard,bobcat,22,2,bobcat,"(['raccoon', 'persian cat', 'humpback whale', 'leopard', 'giant panda'], [59.41, 32.03, 16.81, 10.53, 3.26])"
D:\ZSL\CNN\Test_TRIAL_DATASET_1-CLASS_1\leopard\leopard_10669.jpg,leopard,bobcat,22,2,bobcat,"(['raccoon', 'persian cat', 'humpback whale', 'leopard', 'giant panda'], [59.41, 32.03, 16.81, 10.53, 3.26])"
D:\ZSL\CNN\Test_TRIAL_DATASET_1-CLASS_1\leopard\leopard_10670.jpg,leopard,bobcat,22,2,bobcat,"(['raccoon', 'persian cat', 'humpback whale', 'leopard', 'giant panda'], [59.41, 32.03, 16.81, 10.53, 3.26])"
D:\ZSL\CNN\Test_TRIAL_DATASET_1-CLASS_1\leopard\leopard_10671.jpg,leopard,bobcat,22,2,bobcat,"(['raccoon', 'persian cat', 'humpback whale', 'leopard', 'giant panda'], [59.41, 32.03, 16.81, 10.53, 3.26])"
D:\ZSL\CNN\Test_TRIAL_DATASET_1-CLASS_1\leopard\leopard_10672.jpg,leopard,bobcat,22,2,bobcat,"(['raccoon', 'persian cat', 'humpback whale', 'leopard', 'giant panda'], [59.41, 32.03, 16.81, 10.53, 3.26])"
D:\ZSL\CNN\Test_TRIAL_DATASET_1-CLASS_1\leopard\leopard_10673.jpg,leopard,bobcat,22,2,bobcat,"(['raccoon', 'persian cat', 'humpback whale', 'leopard', 'giant panda'], [59.41, 32.03, 16.81, 10.53, 3.26])"
D:\ZSL\CNN\Test_TRIAL_DATASET_1-CLASS_1\leopard\leopard_10674.jpg,leopard,tiger,22,16,tiger,"(['leopard', 'giant panda', 'persian cat', 'seal', 'pig'], [75.51, 32.01, 21.95, 9.29, -0.46])"
D:\ZSL\CNN\Test_TRIAL_DATASET_1-CLASS_1\leopard\leopard_10675.jpg,leopard,bobcat,22,2,bobcat,"(['raccoon', 'persian cat', 'humpback whale', 'leopard', 'giant panda'], [59.41, 32.03, 16.81, 10.53, 3.26])"
D:\ZSL\CNN\Test_TRIAL_DATASET_1-CLASS_1\leopard\leopard_10676.jpg,leopard,tiger,22,16,tiger,"(['leopard', 'giant panda', 'persian cat', 'seal', 'pig'], [75.51, 32.01, 21.95, 9.29, -0.46])"
D:\ZSL\CNN\Test_TRIAL_DATASET_1-CLASS_1\leopard\leopard_10677.jpg,leopard,bobcat,22,2,bobcat,"(['raccoon', 'persian cat', 'humpback whale', 'leopard', 'giant panda'], [59.41, 32.03, 16.81, 10.53, 3.26])"
D:\ZSL\CNN\Test_TRIAL_DATASET_1-CLASS_1\leopard\leopard_10678.jpg,leopard,bobcat,22,2,bobcat,"(['raccoon', 'persian cat', 'humpback whale', 'leopard', 'giant panda'], [59.41, 32.03, 16.81, 10.53, 3.26])"
D:\ZSL\CNN\Test_TRIAL_DATASET_1-CLASS_1\leopard\leopard_10679.jpg,leopard,bobcat,22,2,bobcat,"(['raccoon', 'persian cat', 'humpback whale', 'leopard', 'giant panda'], [59.41, 32.03, 16.81, 10.53, 3.26])"
D:\ZSL\CNN\Test_TRIAL_DATASET_1-CLASS_1\leopard\leopard_10680.jpg,leopard,bobcat,22,2,bobcat,"(['raccoon', 'persian cat', 'humpback whale', 'leopard', 'giant panda'], [59.41, 32.03, 16.81, 10.53, 3.26])"
D:\ZSL\CNN\Test_TRIAL_DATASET_1-CLASS_1\leopard\leopard_10681.jpg,leopard,bobcat,22,2,bobcat,"(['raccoon', 'persian cat', 'humpback whale', 'leopard', 'giant panda'], [59.41, 32.03, 16.81, 10.53, 3.26])"
D:\ZSL\CNN\Test_TRIAL_DATASET_1-CLASS_1\leopard\leopard_10682.jpg,leopard,bobcat,22,2,bobcat,"(['raccoon', 'persian cat', 'humpback whale', 'leopard', 'giant panda'], [59.41, 32.03, 16.81, 10.53, 3.26])"
D:\ZSL\CNN\Test_TRIAL_DATASET_1-CLASS_1\leopard\leopard_10683.jpg,leopard,bobcat,22,2,bobcat,"(['raccoon', 'persian cat', 'humpback whale', 'leopard', 'giant panda'], [59.41, 32.03, 16.81, 10.53, 3.26])"
D:\ZSL\CNN\Test_TRIAL_DATASET_1-CLASS_1\leopard\leopard_10684.jpg,leopard,bobcat,22,2,bobcat,"(['raccoon', 'persian cat', 'humpback whale', 'leopard', 'giant panda'], [59.41, 32.03, 16.81, 10.53, 3.26])"
D:\ZSL\CNN\Test_TRIAL_DATASET_1-CLASS_1\leopard\leopard_10685.jpg,leopard,bobcat,22,2,bobcat,"(['raccoon', 'persian cat', 'humpback whale', 'leopard', 'giant panda'], [59.41, 32.03, 16.81, 10.53, 3.26])"
D:\ZSL\CNN\Test_TRIAL_DATASET_1-CLASS_1\leopard\leopard_10686.jpg,leopard,bobcat,22,2,bobcat,"(['raccoon', 'persian cat', 'humpback whale', 'leopard', 'giant panda'], [59.41, 32.03, 16.81, 10.53, 3.26])"
D:\ZSL\CNN\Test_TRIAL_DATASET_1-CLASS_1\leopard\leopard_10687.jpg,leopard,tiger,22,16,tiger,"(['leopard', 'giant panda', 'persian cat', 'seal', 'pig'], [75.51, 32.01, 21.95, 9.29, -0.46])"
D:\ZSL\CNN\Test_TRIAL_DATASET_1-CLASS_1\leopard\leopard_10688.jpg,leopard,bobcat,22,2,bobcat,"(['raccoon', 'persian cat', 'humpback whale', 'leopard', 'giant panda'], [59.41, 32.03, 16.81, 10.53, 3.26])"
D:\ZSL\CNN\Test_TRIAL_DATASET_1-CLASS_1\leopard\leopard_10689.jpg,leopard,bobcat,22,2,bobcat,"(['raccoon', 'persian cat', 'humpback whale', 'leopard', 'giant panda'], [59.41, 32.03, 16.81, 10.53, 3.26])"
D:\ZSL\CNN\Test_TRIAL_DATASET_1-CLASS_1\leopard\leopard_10690.jpg,leopard,bobcat,22,2,bobcat,"(['raccoon', 'persian cat', 'humpback whale', 'leopard', 'giant panda'], [59.41, 32.03, 16.81, 10.53, 3.26])"
D:\ZSL\CNN\Test_TRIAL_DATASET_1-CLASS_1\leopard\leopard_10691.jpg,leopard,bobcat,22,2,bobcat,"(['raccoon', 'persian cat', 'humpback whale', 'leopard', 'giant panda'], [59.41, 32.03, 16.81, 10.53, 3.26])"
D:\ZSL\CNN\Test_TRIAL_DATASET_1-CLASS_1\leopard\leopard_10692.jpg,leopard,bobcat,22,2,bobcat,"(['raccoon', 'persian cat', 'humpback whale', 'leopard', 'giant panda'], [59.41, 32.03, 16.81, 10.53, 3.26])"
D:\ZSL\CNN\Test_TRIAL_DATASET_1-CLASS_1\leopard\leopard_10693.jpg,leopard,bobcat,22,2,bobcat,"(['raccoon', 'persian cat', 'humpback whale', 'leopard', 'giant panda'], [59.41, 32.03, 16.81, 10.53, 3.26])"
D:\ZSL\CNN\Test_TRIAL_DATASET_1-CLASS_1\leopard\leopard_10694.jpg,leopard,bobcat,22,2,bobcat,"(['raccoon', 'persian cat', 'humpback whale', 'leopard', 'giant panda'], [59.41, 32.03, 16.81, 10.53, 3.26])"
D:\ZSL\CNN\Test_TRIAL_DATASET_1-CLASS_1\leopard\leopard_10695.jpg,leopard,bobcat,22,2,bobcat,"(['raccoon', 'persian cat', 'humpback whale', 'leopard', 'giant panda'], [59.41, 32.03, 16.81, 10.53, 3.26])"
D:\ZSL\CNN\Test_TRIAL_DATASET_1-CLASS_1\leopard\leopard_10696.jpg,leopard,bobcat,22,2,bobcat,"(['raccoon', 'persian cat', 'humpback whale', 'leopard', 'giant panda'], [59.41, 32.03, 16.81, 10.53, 3.26])"
D:\ZSL\CNN\Test_TRIAL_DATASET_1-CLASS_1\leopard\leopard_10697.jpg,leopard,bobcat,22,2,bobcat,"(['raccoon', 'persian cat', 'humpback whale', 'leopard', 'giant panda'], [59.41, 32.03, 16.81, 10.53, 3.26])"
D:\ZSL\CNN\Test_TRIAL_DATASET_1-CLASS_1\leopard\leopard_10698.jpg,leopard,bobcat,22,2,bobcat,"(['raccoon', 'persian cat', 'humpback whale', 'leopard', 'giant panda'], [59.41, 32.03, 16.81, 10.53, 3.26])"
D:\ZSL\CNN\Test_TRIAL_DATASET_1-CLASS_1\leopard\leopard_10699.jpg,leopard,bobcat,22,2,bobcat,"(['raccoon', 'persian cat', 'humpback whale', 'leopard', 'giant panda'], [59.41, 32.03, 16.81, 10.53, 3.26])"
D:\ZSL\CNN\Test_TRIAL_DATASET_1-CLASS_1\leopard\leopard_10700.jpg,leopard,bobcat,22,2,bobcat,"(['raccoon', 'persian cat', 'humpback whale', 'leopard', 'giant panda'], [59.41, 32.03, 16.81, 10.53, 3.26])"
D:\ZSL\CNN\Test_TRIAL_DATASET_1-CLASS_1\leopard\leopard_10701.jpg,leopard,tiger,22,16,tiger,"(['leopard', 'giant panda', 'persian cat', 'seal', 'pig'], [75.51, 32.01, 21.95, 9.29, -0.46])"
D:\ZSL\CNN\Test_TRIAL_DATASET_1-CLASS_1\leopard\leopard_10702.jpg,leopard,bobcat,22,2,bobcat,"(['raccoon', 'persian cat', 'humpback whale', 'leopard', 'giant panda'], [59.41, 32.03, 16.81, 10.53, 3.26])"
D:\ZSL\CNN\Test_TRIAL_DATASET_1-CLASS_1\leopard\leopard_10703.jpg,leopard,tiger,22,16,tiger,"(['leopard', 'giant panda', 'persian cat', 'seal', 'pig'], [75.51, 32.01, 21.95, 9.29, -0.46])"
D:\ZSL\CNN\Test_TRIAL_DATASET_1-CLASS_1\leopard\leopard_10704.jpg,leopard,bobcat,22,2,bobcat,"(['raccoon', 'persian cat', 'humpback whale', 'leopard', 'giant panda'], [59.41, 32.03, 16.81, 10.53, 3.26])"
D:\ZSL\CNN\Test_TRIAL_DATASET_1-CLASS_1\leopard\leopard_10705.jpg,leopard,bobcat,22,2,bobcat,"(['raccoon', 'persian cat', 'humpback whale', 'leopard', 'giant panda'], [59.41, 32.03, 16.81, 10.53, 3.26])"
D:\ZSL\CNN\Test_TRIAL_DATASET_1-CLASS_1\leopard\leopard_10706.jpg,leopard,bobcat,22,2,bobcat,"(['raccoon', 'persian cat', 'humpback whale', 'leopard', 'giant panda'], [59.41, 32.03, 16.81, 10.53, 3.26])"
D:\ZSL\CNN\Test_TRIAL_DATASET_1-CLASS_1\leopard\leopard_10707.jpg,leopard,bobcat,22,2,bobcat,"(['raccoon', 'persian cat', 'humpback whale', 'leopard', 'giant panda'], [59.41, 32.03, 16.81, 10.53, 3.26])"
D:\ZSL\CNN\Test_TRIAL_DATASET_1-CLASS_1\leopard\leopard_10708.jpg,leopard,bobcat,22,2,bobcat,"(['raccoon', 'persian cat', 'humpback whale', 'leopard', 'giant panda'], [59.41, 32.03, 16.81, 10.53, 3.26])"
D:\ZSL\CNN\Test_TRIAL_DATASET_1-CLASS_1\leopard\leopard_10709.jpg,leopard,tiger,22,16,tiger,"(['leopard', 'giant panda', 'persian cat', 'seal', 'pig'], [75.51, 32.01, 21.95, 9.29, -0.46])"
D:\ZSL\CNN\Test_TRIAL_DATASET_1-CLASS_1\leopard\leopard_10710.jpg,leopard,bobcat,22,2,bobcat,"(['raccoon', 'persian cat', 'humpback whale', 'leopard', 'giant panda'], [59.41, 32.03, 16.81, 10.53, 3.26])"
D:\ZSL\CNN\Test_TRIAL_DATASET_1-CLASS_1\leopard\leopard_10711.jpg,leopard,bobcat,22,2,bobcat,"(['raccoon', 'persian cat', 'humpback whale', 'leopard', 'giant panda'], [59.41, 32.03, 16.81, 10.53, 3.26])"
D:\ZSL\CNN\Test_TRIAL_DATASET_1-CLASS_1\leopard\leopard_10712.jpg,leopard,bobcat,22,2,bobcat,"(['raccoon', 'persian cat', 'humpback whale', 'leopard', 'giant panda'], [59.41, 32.03, 16.81, 10.53, 3.26])"
D:\ZSL\CNN\Test_TRIAL_DATASET_1-CLASS_1\leopard\leopard_10713.jpg,leopard,bobcat,22,2,bobcat,"(['raccoon', 'persian cat', 'humpback whale', 'leopard', 'giant panda'], [59.41, 32.03, 16.81, 10.53, 3.26])"
D:\ZSL\CNN\Test_TRIAL_DATASET_1-CLASS_1\leopard\leopard_10714.jpg,leopard,bobcat,22,2,bobcat,"(['raccoon', 'persian cat', 'humpback whale', 'leopard', 'giant panda'], [59.41, 32.03, 16.81, 10.53, 3.26])"
D:\ZSL\CNN\Test_TRIAL_DATASET_1-CLASS_1\leopard\leopard_10715.jpg,leopard,bobcat,22,2,bobcat,"(['raccoon', 'persian cat', 'humpback whale', 'leopard', 'giant panda'], [59.41, 32.03, 16.81, 10.53, 3.26])"
D:\ZSL\CNN\Test_TRIAL_DATASET_1-CLASS_1\leopard\leopard_10716.jpg,leopard,bobcat,22,2,bobcat,"(['raccoon', 'persian cat', 'humpback whale', 'leopard', 'giant panda'], [59.41, 32.03, 16.81, 10.53, 3.26])"
D:\ZSL\CNN\Test_TRIAL_DATASET_1-CLASS_1\leopard\leopard_10717.jpg,leopard,bobcat,22,2,bobcat,"(['raccoon', 'persian cat', 'humpback whale', 'leopard', 'giant panda'], [59.41, 32.03, 16.81, 10.53, 3.26])"
D:\ZSL\CNN\Test_TRIAL_DATASET_1-CLASS_1\leopard\leopard_10718.jpg,leopard,tiger,22,16,tiger,"(['leopard', 'giant panda', 'persian cat', 'seal', 'pig'], [75.51, 32.01, 21.95, 9.29, -0.46])"
D:\ZSL\CNN\Test_TRIAL_DATASET_1-CLASS_1\leopard\leopard_10719.jpg,leopard,bobcat,22,2,bobcat,"(['raccoon', 'persian cat', 'humpback whale', 'leopard', 'giant panda'], [59.41, 32.03, 16.81, 10.53, 3.26])"
D:\ZSL\CNN\Test_TRIAL_DATASET_1-CLASS_1\leopard\leopard_10720.jpg,leopard,bobcat,22,2,bobcat,"(['raccoon', 'persian cat', 'humpback whale', 'leopard', 'giant panda'], [59.41, 32.03, 16.81, 10.53, 3.26])"
