image_path,image_label,pred_image_label,act_label,pred_label,cleaned_pred_label,top5_similar_labels_with_scores
D:\ZSL\CNN\Test_TRIAL_DATASET_1-CLASS_1\pig\pig_10001.jpg,pig,rhinoceros,24,12,rhinoceros,"(['hippopotamus', 'humpback whale', 'raccoon', 'persian cat', 'seal'], [48.51, 40.93, 28.97, 23.56, 11.96])"
D:\ZSL\CNN\Test_TRIAL_DATASET_1-CLASS_1\pig\pig_10002.jpg,pig,mouse,24,9,mouse,"(['rat', 'leopard', 'pig', 'raccoon', 'persian cat'], [84.74, 53.94, 16.24, -3.35, -10.14])"
D:\ZSL\CNN\Test_TRIAL_DATASET_1-CLASS_1\pig\pig_10003.jpg,pig,rabbit,24,11,rabbit,"(['pig', 'rat', 'giant panda', 'raccoon', 'leopard'], [65.11, 46.21, 18.84, 14.3, -5.72])"
D:\ZSL\CNN\Test_TRIAL_DATASET_1-CLASS_1\pig\pig_10004.jpg,pig,rhinoceros,24,12,rhinoceros,"(['hippopotamus', 'humpback whale', 'raccoon', 'persian cat', 'seal'], [48.51, 40.93, 28.97, 23.56, 11.96])"
D:\ZSL\CNN\Test_TRIAL_DATASET_1-CLASS_1\pig\pig_10005.jpg,pig,mouse,24,9,mouse,"(['rat', 'leopard', 'pig', 'raccoon', 'persian cat'], [84.74, 53.94, 16.24, -3.35, -10.14])"
D:\ZSL\CNN\Test_TRIAL_DATASET_1-CLASS_1\pig\pig_10006.jpg,pig,cow,24,3,cow,"(['pig', 'seal', 'humpback whale', 'raccoon', 'leopard'], [75.45, 24.43, 0.16, -1.32, -1.99])"
D:\ZSL\CNN\Test_TRIAL_DATASET_1-CLASS_1\pig\pig_10007.jpg,pig,cow,24,3,cow,"(['pig', 'seal', 'humpback whale', 'raccoon', 'leopard'], [75.45, 24.43, 0.16, -1.32, -1.99])"
D:\ZSL\CNN\Test_TRIAL_DATASET_1-CLASS_1\pig\pig_10008.jpg,pig,killer_whale,24,6,killer whale,"(['humpback whale', 'seal', 'giant panda', 'hippopotamus', 'chimpanzee'], [95.35, 19.41, 19.04, 8.86, -6.86])"
D:\ZSL\CNN\Test_TRIAL_DATASET_1-CLASS_1\pig\pig_10009.jpg,pig,cow,24,3,cow,"(['pig', 'seal', 'humpback whale', 'raccoon', 'leopard'], [75.45, 24.43, 0.16, -1.32, -1.99])"
D:\ZSL\CNN\Test_TRIAL_DATASET_1-CLASS_1\pig\pig_10010.jpg,pig,cow,24,3,cow,"(['pig', 'seal', 'humpback whale', 'raccoon', 'leopard'], [75.45, 24.43, 0.16, -1.32, -1.99])"
D:\ZSL\CNN\Test_TRIAL_DATASET_1-CLASS_1\pig\pig_10011.jpg,pig,mouse,24,9,mouse,"(['rat', 'leopard', 'pig', 'raccoon', 'persian cat'], [84.74, 53.94, 16.24, -3.35, -10.14])"
D:\ZSL\CNN\Test_TRIAL_DATASET_1-CLASS_1\pig\pig_10012.jpg,pig,rhinoceros,24,12,rhinoceros,"(['hippopotamus', 'humpback whale', 'raccoon', 'persian cat', 'seal'], [48.51, 40.93, 28.97, 23.56, 11.96])"
D:\ZSL\CNN\Test_TRIAL_DATASET_1-CLASS_1\pig\pig_10013.jpg,pig,rhinoceros,24,12,rhinoceros,"(['hippopotamus', 'humpback whale', 'raccoon', 'persian cat', 'seal'], [48.51, 40.93, 28.97, 23.56, 11.96])"
D:\ZSL\CNN\Test_TRIAL_DATASET_1-CLASS_1\pig\pig_10014.jpg,pig,rhinoceros,24,12,rhinoceros,"(['hippopotamus', 'humpback whale', 'raccoon', 'persian cat', 'seal'], [48.51, 40.93, 28.97, 23.56, 11.96])"
D:\ZSL\CNN\Test_TRIAL_DATASET_1-CLASS_1\pig\pig_10015.jpg,pig,rhinoceros,24,12,rhinoceros,"(['hippopotamus', 'humpback whale', 'raccoon', 'persian cat', 'seal'], [48.51, 40.93, 28.97, 23.56, 11.96])"
D:\ZSL\CNN\Test_TRIAL_DATASET_1-CLASS_1\pig\pig_10016.jpg,pig,rhinoceros,24,12,rhinoceros,"(['hippopotamus', 'humpback whale', 'raccoon', 'persian cat', 'seal'], [48.51, 40.93, 28.97, 23.56, 11.96])"
D:\ZSL\CNN\Test_TRIAL_DATASET_1-CLASS_1\pig\pig_10017.jpg,pig,walrus,24,17,walrus,"(['humpback whale', 'pig', 'seal', 'hippopotamus', 'giant panda'], [49.61, 33.32, 21.44, 14.39, 6.44])"
D:\ZSL\CNN\Test_TRIAL_DATASET_1-CLASS_1\pig\pig_10018.jpg,pig,cow,24,3,cow,"(['pig', 'seal', 'humpback whale', 'raccoon', 'leopard'], [75.45, 24.43, 0.16, -1.32, -1.99])"
D:\ZSL\CNN\Test_TRIAL_DATASET_1-CLASS_1\pig\pig_10019.jpg,pig,cow,24,3,cow,"(['pig', 'seal', 'humpback whale', 'raccoon', 'leopard'], [75.45, 24.43, 0.16, -1.32, -1.99])"
D:\ZSL\CNN\Test_TRIAL_DATASET_1-CLASS_1\pig\pig_10020.jpg,pig,cow,24,3,cow,"(['pig', 'seal', 'humpback whale', 'raccoon', 'leopard'], [75.45, 24.43, 0.16, -1.32, -1.99])"
D:\ZSL\CNN\Test_TRIAL_DATASET_1-CLASS_1\pig\pig_10021.jpg,pig,cow,24,3,cow,"(['pig', 'seal', 'humpback whale', 'raccoon', 'leopard'], [75.45, 24.43, 0.16, -1.32, -1.99])"
D:\ZSL\CNN\Test_TRIAL_DATASET_1-CLASS_1\pig\pig_10022.jpg,pig,rhinoceros,24,12,rhinoceros,"(['hippopotamus', 'humpback whale', 'raccoon', 'persian cat', 'seal'], [48.51, 40.93, 28.97, 23.56, 11.96])"
D:\ZSL\CNN\Test_TRIAL_DATASET_1-CLASS_1\pig\pig_10023.jpg,pig,cow,24,3,cow,"(['pig', 'seal', 'humpback whale', 'raccoon', 'leopard'], [75.45, 24.43, 0.16, -1.32, -1.99])"
D:\ZSL\CNN\Test_TRIAL_DATASET_1-CLASS_1\pig\pig_10024.jpg,pig,rhinoceros,24,12,rhinoceros,"(['hippopotamus', 'humpback whale', 'raccoon', 'persian cat', 'seal'], [48.51, 40.93, 28.97, 23.56, 11.96])"
D:\ZSL\CNN\Test_TRIAL_DATASET_1-CLASS_1\pig\pig_10025.jpg,pig,monkey,24,8,monkey,"(['chimpanzee', 'pig', 'rat', 'leopard', 'giant panda'], [75.57, 41.33, 32.04, 6.61, -8.35])"
D:\ZSL\CNN\Test_TRIAL_DATASET_1-CLASS_1\pig\pig_10026.jpg,pig,cow,24,3,cow,"(['pig', 'seal', 'humpback whale', 'raccoon', 'leopard'], [75.45, 24.43, 0.16, -1.32, -1.99])"
D:\ZSL\CNN\Test_TRIAL_DATASET_1-CLASS_1\pig\pig_10027.jpg,pig,cow,24,3,cow,"(['pig', 'seal', 'humpback whale', 'raccoon', 'leopard'], [75.45, 24.43, 0.16, -1.32, -1.99])"
D:\ZSL\CNN\Test_TRIAL_DATASET_1-CLASS_1\pig\pig_10028.jpg,pig,cow,24,3,cow,"(['pig', 'seal', 'humpback whale', 'raccoon', 'leopard'], [75.45, 24.43, 0.16, -1.32, -1.99])"
D:\ZSL\CNN\Test_TRIAL_DATASET_1-CLASS_1\pig\pig_10029.jpg,pig,rhinoceros,24,12,rhinoceros,"(['hippopotamus', 'humpback whale', 'raccoon', 'persian cat', 'seal'], [48.51, 40.93, 28.97, 23.56, 11.96])"
D:\ZSL\CNN\Test_TRIAL_DATASET_1-CLASS_1\pig\pig_10030.jpg,pig,rhinoceros,24,12,rhinoceros,"(['hippopotamus', 'humpback whale', 'raccoon', 'persian cat', 'seal'], [48.51, 40.93, 28.97, 23.56, 11.96])"
D:\ZSL\CNN\Test_TRIAL_DATASET_1-CLASS_1\pig\pig_10031.jpg,pig,mouse,24,9,mouse,"(['rat', 'leopard', 'pig', 'raccoon', 'persian cat'], [84.74, 53.94, 16.24, -3.35, -10.14])"
D:\ZSL\CNN\Test_TRIAL_DATASET_1-CLASS_1\pig\pig_10032.jpg,pig,walrus,24,17,walrus,"(['humpback whale', 'pig', 'seal', 'hippopotamus', 'giant panda'], [49.61, 33.32, 21.44, 14.39, 6.44])"
D:\ZSL\CNN\Test_TRIAL_DATASET_1-CLASS_1\pig\pig_10033.jpg,pig,mouse,24,9,mouse,"(['rat', 'leopard', 'pig', 'raccoon', 'persian cat'], [84.74, 53.94, 16.24, -3.35, -10.14])"
D:\ZSL\CNN\Test_TRIAL_DATASET_1-CLASS_1\pig\pig_10034.jpg,pig,rhinoceros,24,12,rhinoceros,"(['hippopotamus', 'humpback whale', 'raccoon', 'persian cat', 'seal'], [48.51, 40.93, 28.97, 23.56, 11.96])"
D:\ZSL\CNN\Test_TRIAL_DATASET_1-CLASS_1\pig\pig_10035.jpg,pig,cow,24,3,cow,"(['pig', 'seal', 'humpback whale', 'raccoon', 'leopard'], [75.45, 24.43, 0.16, -1.32, -1.99])"
D:\ZSL\CNN\Test_TRIAL_DATASET_1-CLASS_1\pig\pig_10036.jpg,pig,siamese_cat,24,13,siamese cat,"(['persian cat', 'leopard', 'giant panda', 'raccoon', 'seal'], [95.16, 17.06, 6.12, -5.49, -8.13])"
D:\ZSL\CNN\Test_TRIAL_DATASET_1-CLASS_1\pig\pig_10037.jpg,pig,mouse,24,9,mouse,"(['rat', 'leopard', 'pig', 'raccoon', 'persian cat'], [84.74, 53.94, 16.24, -3.35, -10.14])"
D:\ZSL\CNN\Test_TRIAL_DATASET_1-CLASS_1\pig\pig_10038.jpg,pig,rhinoceros,24,12,rhinoceros,"(['hippopotamus', 'humpback whale', 'raccoon', 'persian cat', 'seal'], [48.51, 40.93, 28.97, 23.56, 11.96])"
D:\ZSL\CNN\Test_TRIAL_DATASET_1-CLASS_1\pig\pig_10039.jpg,pig,rhinoceros,24,12,rhinoceros,"(['hippopotamus', 'humpback whale', 'raccoon', 'persian cat', 'seal'], [48.51, 40.93, 28.97, 23.56, 11.96])"
D:\ZSL\CNN\Test_TRIAL_DATASET_1-CLASS_1\pig\pig_10040.jpg,pig,rhinoceros,24,12,rhinoceros,"(['hippopotamus', 'humpback whale', 'raccoon', 'persian cat', 'seal'], [48.51, 40.93, 28.97, 23.56, 11.96])"
D:\ZSL\CNN\Test_TRIAL_DATASET_1-CLASS_1\pig\pig_10041.jpg,pig,mouse,24,9,mouse,"(['rat', 'leopard', 'pig', 'raccoon', 'persian cat'], [84.74, 53.94, 16.24, -3.35, -10.14])"
D:\ZSL\CNN\Test_TRIAL_DATASET_1-CLASS_1\pig\pig_10042.jpg,pig,mouse,24,9,mouse,"(['rat', 'leopard', 'pig', 'raccoon', 'persian cat'], [84.74, 53.94, 16.24, -3.35, -10.14])"
D:\ZSL\CNN\Test_TRIAL_DATASET_1-CLASS_1\pig\pig_10043.jpg,pig,walrus,24,17,walrus,"(['humpback whale', 'pig', 'seal', 'hippopotamus', 'giant panda'], [49.61, 33.32, 21.44, 14.39, 6.44])"
D:\ZSL\CNN\Test_TRIAL_DATASET_1-CLASS_1\pig\pig_10044.jpg,pig,walrus,24,17,walrus,"(['humpback whale', 'pig', 'seal', 'hippopotamus', 'giant panda'], [49.61, 33.32, 21.44, 14.39, 6.44])"
D:\ZSL\CNN\Test_TRIAL_DATASET_1-CLASS_1\pig\pig_10045.jpg,pig,cow,24,3,cow,"(['pig', 'seal', 'humpback whale', 'raccoon', 'leopard'], [75.45, 24.43, 0.16, -1.32, -1.99])"
D:\ZSL\CNN\Test_TRIAL_DATASET_1-CLASS_1\pig\pig_10046.jpg,pig,cow,24,3,cow,"(['pig', 'seal', 'humpback whale', 'raccoon', 'leopard'], [75.45, 24.43, 0.16, -1.32, -1.99])"
D:\ZSL\CNN\Test_TRIAL_DATASET_1-CLASS_1\pig\pig_10047.jpg,pig,cow,24,3,cow,"(['pig', 'seal', 'humpback whale', 'raccoon', 'leopard'], [75.45, 24.43, 0.16, -1.32, -1.99])"
D:\ZSL\CNN\Test_TRIAL_DATASET_1-CLASS_1\pig\pig_10048.jpg,pig,cow,24,3,cow,"(['pig', 'seal', 'humpback whale', 'raccoon', 'leopard'], [75.45, 24.43, 0.16, -1.32, -1.99])"
D:\ZSL\CNN\Test_TRIAL_DATASET_1-CLASS_1\pig\pig_10049.jpg,pig,rabbit,24,11,rabbit,"(['pig', 'rat', 'giant panda', 'raccoon', 'leopard'], [65.11, 46.21, 18.84, 14.3, -5.72])"
D:\ZSL\CNN\Test_TRIAL_DATASET_1-CLASS_1\pig\pig_10050.jpg,pig,rhinoceros,24,12,rhinoceros,"(['hippopotamus', 'humpback whale', 'raccoon', 'persian cat', 'seal'], [48.51, 40.93, 28.97, 23.56, 11.96])"
D:\ZSL\CNN\Test_TRIAL_DATASET_1-CLASS_1\pig\pig_10051.jpg,pig,mouse,24,9,mouse,"(['rat', 'leopard', 'pig', 'raccoon', 'persian cat'], [84.74, 53.94, 16.24, -3.35, -10.14])"
D:\ZSL\CNN\Test_TRIAL_DATASET_1-CLASS_1\pig\pig_10052.jpg,pig,monkey,24,8,monkey,"(['chimpanzee', 'pig', 'rat', 'leopard', 'giant panda'], [75.57, 41.33, 32.04, 6.61, -8.35])"
D:\ZSL\CNN\Test_TRIAL_DATASET_1-CLASS_1\pig\pig_10053.jpg,pig,mouse,24,9,mouse,"(['rat', 'leopard', 'pig', 'raccoon', 'persian cat'], [84.74, 53.94, 16.24, -3.35, -10.14])"
D:\ZSL\CNN\Test_TRIAL_DATASET_1-CLASS_1\pig\pig_10054.jpg,pig,mouse,24,9,mouse,"(['rat', 'leopard', 'pig', 'raccoon', 'persian cat'], [84.74, 53.94, 16.24, -3.35, -10.14])"
D:\ZSL\CNN\Test_TRIAL_DATASET_1-CLASS_1\pig\pig_10055.jpg,pig,mouse,24,9,mouse,"(['rat', 'leopard', 'pig', 'raccoon', 'persian cat'], [84.74, 53.94, 16.24, -3.35, -10.14])"
D:\ZSL\CNN\Test_TRIAL_DATASET_1-CLASS_1\pig\pig_10056.jpg,pig,mouse,24,9,mouse,"(['rat', 'leopard', 'pig', 'raccoon', 'persian cat'], [84.74, 53.94, 16.24, -3.35, -10.14])"
D:\ZSL\CNN\Test_TRIAL_DATASET_1-CLASS_1\pig\pig_10057.jpg,pig,mouse,24,9,mouse,"(['rat', 'leopard', 'pig', 'raccoon', 'persian cat'], [84.74, 53.94, 16.24, -3.35, -10.14])"
D:\ZSL\CNN\Test_TRIAL_DATASET_1-CLASS_1\pig\pig_10058.jpg,pig,mouse,24,9,mouse,"(['rat', 'leopard', 'pig', 'raccoon', 'persian cat'], [84.74, 53.94, 16.24, -3.35, -10.14])"
D:\ZSL\CNN\Test_TRIAL_DATASET_1-CLASS_1\pig\pig_10059.jpg,pig,rhinoceros,24,12,rhinoceros,"(['hippopotamus', 'humpback whale', 'raccoon', 'persian cat', 'seal'], [48.51, 40.93, 28.97, 23.56, 11.96])"
D:\ZSL\CNN\Test_TRIAL_DATASET_1-CLASS_1\pig\pig_10060.jpg,pig,cow,24,3,cow,"(['pig', 'seal', 'humpback whale', 'raccoon', 'leopard'], [75.45, 24.43, 0.16, -1.32, -1.99])"
D:\ZSL\CNN\Test_TRIAL_DATASET_1-CLASS_1\pig\pig_10061.jpg,pig,rhinoceros,24,12,rhinoceros,"(['hippopotamus', 'humpback whale', 'raccoon', 'persian cat', 'seal'], [48.51, 40.93, 28.97, 23.56, 11.96])"
D:\ZSL\CNN\Test_TRIAL_DATASET_1-CLASS_1\pig\pig_10062.jpg,pig,walrus,24,17,walrus,"(['humpback whale', 'pig', 'seal', 'hippopotamus', 'giant panda'], [49.61, 33.32, 21.44, 14.39, 6.44])"
D:\ZSL\CNN\Test_TRIAL_DATASET_1-CLASS_1\pig\pig_10063.jpg,pig,rhinoceros,24,12,rhinoceros,"(['hippopotamus', 'humpback whale', 'raccoon', 'persian cat', 'seal'], [48.51, 40.93, 28.97, 23.56, 11.96])"
D:\ZSL\CNN\Test_TRIAL_DATASET_1-CLASS_1\pig\pig_10064.jpg,pig,mouse,24,9,mouse,"(['rat', 'leopard', 'pig', 'raccoon', 'persian cat'], [84.74, 53.94, 16.24, -3.35, -10.14])"
D:\ZSL\CNN\Test_TRIAL_DATASET_1-CLASS_1\pig\pig_10065.jpg,pig,cow,24,3,cow,"(['pig', 'seal', 'humpback whale', 'raccoon', 'leopard'], [75.45, 24.43, 0.16, -1.32, -1.99])"
D:\ZSL\CNN\Test_TRIAL_DATASET_1-CLASS_1\pig\pig_10066.jpg,pig,cow,24,3,cow,"(['pig', 'seal', 'humpback whale', 'raccoon', 'leopard'], [75.45, 24.43, 0.16, -1.32, -1.99])"
D:\ZSL\CNN\Test_TRIAL_DATASET_1-CLASS_1\pig\pig_10067.jpg,pig,cow,24,3,cow,"(['pig', 'seal', 'humpback whale', 'raccoon', 'leopard'], [75.45, 24.43, 0.16, -1.32, -1.99])"
D:\ZSL\CNN\Test_TRIAL_DATASET_1-CLASS_1\pig\pig_10068.jpg,pig,rhinoceros,24,12,rhinoceros,"(['hippopotamus', 'humpback whale', 'raccoon', 'persian cat', 'seal'], [48.51, 40.93, 28.97, 23.56, 11.96])"
D:\ZSL\CNN\Test_TRIAL_DATASET_1-CLASS_1\pig\pig_10069.jpg,pig,cow,24,3,cow,"(['pig', 'seal', 'humpback whale', 'raccoon', 'leopard'], [75.45, 24.43, 0.16, -1.32, -1.99])"
D:\ZSL\CNN\Test_TRIAL_DATASET_1-CLASS_1\pig\pig_10070.jpg,pig,rhinoceros,24,12,rhinoceros,"(['hippopotamus', 'humpback whale', 'raccoon', 'persian cat', 'seal'], [48.51, 40.93, 28.97, 23.56, 11.96])"
D:\ZSL\CNN\Test_TRIAL_DATASET_1-CLASS_1\pig\pig_10071.jpg,pig,cow,24,3,cow,"(['pig', 'seal', 'humpback whale', 'raccoon', 'leopard'], [75.45, 24.43, 0.16, -1.32, -1.99])"
D:\ZSL\CNN\Test_TRIAL_DATASET_1-CLASS_1\pig\pig_10072.jpg,pig,cow,24,3,cow,"(['pig', 'seal', 'humpback whale', 'raccoon', 'leopard'], [75.45, 24.43, 0.16, -1.32, -1.99])"
D:\ZSL\CNN\Test_TRIAL_DATASET_1-CLASS_1\pig\pig_10073.jpg,pig,rhinoceros,24,12,rhinoceros,"(['hippopotamus', 'humpback whale', 'raccoon', 'persian cat', 'seal'], [48.51, 40.93, 28.97, 23.56, 11.96])"
D:\ZSL\CNN\Test_TRIAL_DATASET_1-CLASS_1\pig\pig_10074.jpg,pig,cow,24,3,cow,"(['pig', 'seal', 'humpback whale', 'raccoon', 'leopard'], [75.45, 24.43, 0.16, -1.32, -1.99])"
D:\ZSL\CNN\Test_TRIAL_DATASET_1-CLASS_1\pig\pig_10075.jpg,pig,cow,24,3,cow,"(['pig', 'seal', 'humpback whale', 'raccoon', 'leopard'], [75.45, 24.43, 0.16, -1.32, -1.99])"
D:\ZSL\CNN\Test_TRIAL_DATASET_1-CLASS_1\pig\pig_10076.jpg,pig,rhinoceros,24,12,rhinoceros,"(['hippopotamus', 'humpback whale', 'raccoon', 'persian cat', 'seal'], [48.51, 40.93, 28.97, 23.56, 11.96])"
D:\ZSL\CNN\Test_TRIAL_DATASET_1-CLASS_1\pig\pig_10077.jpg,pig,cow,24,3,cow,"(['pig', 'seal', 'humpback whale', 'raccoon', 'leopard'], [75.45, 24.43, 0.16, -1.32, -1.99])"
D:\ZSL\CNN\Test_TRIAL_DATASET_1-CLASS_1\pig\pig_10078.jpg,pig,cow,24,3,cow,"(['pig', 'seal', 'humpback whale', 'raccoon', 'leopard'], [75.45, 24.43, 0.16, -1.32, -1.99])"
D:\ZSL\CNN\Test_TRIAL_DATASET_1-CLASS_1\pig\pig_10079.jpg,pig,rhinoceros,24,12,rhinoceros,"(['hippopotamus', 'humpback whale', 'raccoon', 'persian cat', 'seal'], [48.51, 40.93, 28.97, 23.56, 11.96])"
D:\ZSL\CNN\Test_TRIAL_DATASET_1-CLASS_1\pig\pig_10080.jpg,pig,rhinoceros,24,12,rhinoceros,"(['hippopotamus', 'humpback whale', 'raccoon', 'persian cat', 'seal'], [48.51, 40.93, 28.97, 23.56, 11.96])"
D:\ZSL\CNN\Test_TRIAL_DATASET_1-CLASS_1\pig\pig_10081.jpg,pig,rabbit,24,11,rabbit,"(['pig', 'rat', 'giant panda', 'raccoon', 'leopard'], [65.11, 46.21, 18.84, 14.3, -5.72])"
D:\ZSL\CNN\Test_TRIAL_DATASET_1-CLASS_1\pig\pig_10082.jpg,pig,mouse,24,9,mouse,"(['rat', 'leopard', 'pig', 'raccoon', 'persian cat'], [84.74, 53.94, 16.24, -3.35, -10.14])"
D:\ZSL\CNN\Test_TRIAL_DATASET_1-CLASS_1\pig\pig_10083.jpg,pig,rhinoceros,24,12,rhinoceros,"(['hippopotamus', 'humpback whale', 'raccoon', 'persian cat', 'seal'], [48.51, 40.93, 28.97, 23.56, 11.96])"
D:\ZSL\CNN\Test_TRIAL_DATASET_1-CLASS_1\pig\pig_10084.jpg,pig,cow,24,3,cow,"(['pig', 'seal', 'humpback whale', 'raccoon', 'leopard'], [75.45, 24.43, 0.16, -1.32, -1.99])"
D:\ZSL\CNN\Test_TRIAL_DATASET_1-CLASS_1\pig\pig_10085.jpg,pig,rhinoceros,24,12,rhinoceros,"(['hippopotamus', 'humpback whale', 'raccoon', 'persian cat', 'seal'], [48.51, 40.93, 28.97, 23.56, 11.96])"
D:\ZSL\CNN\Test_TRIAL_DATASET_1-CLASS_1\pig\pig_10086.jpg,pig,rhinoceros,24,12,rhinoceros,"(['hippopotamus', 'humpback whale', 'raccoon', 'persian cat', 'seal'], [48.51, 40.93, 28.97, 23.56, 11.96])"
D:\ZSL\CNN\Test_TRIAL_DATASET_1-CLASS_1\pig\pig_10087.jpg,pig,cow,24,3,cow,"(['pig', 'seal', 'humpback whale', 'raccoon', 'leopard'], [75.45, 24.43, 0.16, -1.32, -1.99])"
D:\ZSL\CNN\Test_TRIAL_DATASET_1-CLASS_1\pig\pig_10088.jpg,pig,skunk,24,14,skunk,"(['rat', 'raccoon', 'seal', 'pig', 'giant panda'], [62.36, 41.18, 24.96, 18.58, -0.51])"
D:\ZSL\CNN\Test_TRIAL_DATASET_1-CLASS_1\pig\pig_10089.jpg,pig,rhinoceros,24,12,rhinoceros,"(['hippopotamus', 'humpback whale', 'raccoon', 'persian cat', 'seal'], [48.51, 40.93, 28.97, 23.56, 11.96])"
D:\ZSL\CNN\Test_TRIAL_DATASET_1-CLASS_1\pig\pig_10090.jpg,pig,walrus,24,17,walrus,"(['humpback whale', 'pig', 'seal', 'hippopotamus', 'giant panda'], [49.61, 33.32, 21.44, 14.39, 6.44])"
D:\ZSL\CNN\Test_TRIAL_DATASET_1-CLASS_1\pig\pig_10091.jpg,pig,rhinoceros,24,12,rhinoceros,"(['hippopotamus', 'humpback whale', 'raccoon', 'persian cat', 'seal'], [48.51, 40.93, 28.97, 23.56, 11.96])"
D:\ZSL\CNN\Test_TRIAL_DATASET_1-CLASS_1\pig\pig_10092.jpg,pig,cow,24,3,cow,"(['pig', 'seal', 'humpback whale', 'raccoon', 'leopard'], [75.45, 24.43, 0.16, -1.32, -1.99])"
D:\ZSL\CNN\Test_TRIAL_DATASET_1-CLASS_1\pig\pig_10093.jpg,pig,cow,24,3,cow,"(['pig', 'seal', 'humpback whale', 'raccoon', 'leopard'], [75.45, 24.43, 0.16, -1.32, -1.99])"
D:\ZSL\CNN\Test_TRIAL_DATASET_1-CLASS_1\pig\pig_10094.jpg,pig,cow,24,3,cow,"(['pig', 'seal', 'humpback whale', 'raccoon', 'leopard'], [75.45, 24.43, 0.16, -1.32, -1.99])"
D:\ZSL\CNN\Test_TRIAL_DATASET_1-CLASS_1\pig\pig_10095.jpg,pig,cow,24,3,cow,"(['pig', 'seal', 'humpback whale', 'raccoon', 'leopard'], [75.45, 24.43, 0.16, -1.32, -1.99])"
D:\ZSL\CNN\Test_TRIAL_DATASET_1-CLASS_1\pig\pig_10096.jpg,pig,rhinoceros,24,12,rhinoceros,"(['hippopotamus', 'humpback whale', 'raccoon', 'persian cat', 'seal'], [48.51, 40.93, 28.97, 23.56, 11.96])"
D:\ZSL\CNN\Test_TRIAL_DATASET_1-CLASS_1\pig\pig_10097.jpg,pig,cow,24,3,cow,"(['pig', 'seal', 'humpback whale', 'raccoon', 'leopard'], [75.45, 24.43, 0.16, -1.32, -1.99])"
D:\ZSL\CNN\Test_TRIAL_DATASET_1-CLASS_1\pig\pig_10098.jpg,pig,rhinoceros,24,12,rhinoceros,"(['hippopotamus', 'humpback whale', 'raccoon', 'persian cat', 'seal'], [48.51, 40.93, 28.97, 23.56, 11.96])"
D:\ZSL\CNN\Test_TRIAL_DATASET_1-CLASS_1\pig\pig_10099.jpg,pig,rabbit,24,11,rabbit,"(['pig', 'rat', 'giant panda', 'raccoon', 'leopard'], [65.11, 46.21, 18.84, 14.3, -5.72])"
D:\ZSL\CNN\Test_TRIAL_DATASET_1-CLASS_1\pig\pig_10100.jpg,pig,cow,24,3,cow,"(['pig', 'seal', 'humpback whale', 'raccoon', 'leopard'], [75.45, 24.43, 0.16, -1.32, -1.99])"
D:\ZSL\CNN\Test_TRIAL_DATASET_1-CLASS_1\pig\pig_10101.jpg,pig,cow,24,3,cow,"(['pig', 'seal', 'humpback whale', 'raccoon', 'leopard'], [75.45, 24.43, 0.16, -1.32, -1.99])"
D:\ZSL\CNN\Test_TRIAL_DATASET_1-CLASS_1\pig\pig_10102.jpg,pig,rhinoceros,24,12,rhinoceros,"(['hippopotamus', 'humpback whale', 'raccoon', 'persian cat', 'seal'], [48.51, 40.93, 28.97, 23.56, 11.96])"
D:\ZSL\CNN\Test_TRIAL_DATASET_1-CLASS_1\pig\pig_10103.jpg,pig,rhinoceros,24,12,rhinoceros,"(['hippopotamus', 'humpback whale', 'raccoon', 'persian cat', 'seal'], [48.51, 40.93, 28.97, 23.56, 11.96])"
D:\ZSL\CNN\Test_TRIAL_DATASET_1-CLASS_1\pig\pig_10104.jpg,pig,cow,24,3,cow,"(['pig', 'seal', 'humpback whale', 'raccoon', 'leopard'], [75.45, 24.43, 0.16, -1.32, -1.99])"
D:\ZSL\CNN\Test_TRIAL_DATASET_1-CLASS_1\pig\pig_10105.jpg,pig,walrus,24,17,walrus,"(['humpback whale', 'pig', 'seal', 'hippopotamus', 'giant panda'], [49.61, 33.32, 21.44, 14.39, 6.44])"
D:\ZSL\CNN\Test_TRIAL_DATASET_1-CLASS_1\pig\pig_10106.jpg,pig,cow,24,3,cow,"(['pig', 'seal', 'humpback whale', 'raccoon', 'leopard'], [75.45, 24.43, 0.16, -1.32, -1.99])"
D:\ZSL\CNN\Test_TRIAL_DATASET_1-CLASS_1\pig\pig_10107.jpg,pig,cow,24,3,cow,"(['pig', 'seal', 'humpback whale', 'raccoon', 'leopard'], [75.45, 24.43, 0.16, -1.32, -1.99])"
D:\ZSL\CNN\Test_TRIAL_DATASET_1-CLASS_1\pig\pig_10108.jpg,pig,rhinoceros,24,12,rhinoceros,"(['hippopotamus', 'humpback whale', 'raccoon', 'persian cat', 'seal'], [48.51, 40.93, 28.97, 23.56, 11.96])"
D:\ZSL\CNN\Test_TRIAL_DATASET_1-CLASS_1\pig\pig_10109.jpg,pig,squirrel,24,15,squirrel,"(['rat', 'raccoon', 'leopard', 'pig', 'chimpanzee'], [80.96, 55.32, 17.24, 10.5, 5.34])"
D:\ZSL\CNN\Test_TRIAL_DATASET_1-CLASS_1\pig\pig_10110.jpg,pig,rabbit,24,11,rabbit,"(['pig', 'rat', 'giant panda', 'raccoon', 'leopard'], [65.11, 46.21, 18.84, 14.3, -5.72])"
D:\ZSL\CNN\Test_TRIAL_DATASET_1-CLASS_1\pig\pig_10111.jpg,pig,mouse,24,9,mouse,"(['rat', 'leopard', 'pig', 'raccoon', 'persian cat'], [84.74, 53.94, 16.24, -3.35, -10.14])"
D:\ZSL\CNN\Test_TRIAL_DATASET_1-CLASS_1\pig\pig_10112.jpg,pig,monkey,24,8,monkey,"(['chimpanzee', 'pig', 'rat', 'leopard', 'giant panda'], [75.57, 41.33, 32.04, 6.61, -8.35])"
D:\ZSL\CNN\Test_TRIAL_DATASET_1-CLASS_1\pig\pig_10113.jpg,pig,mouse,24,9,mouse,"(['rat', 'leopard', 'pig', 'raccoon', 'persian cat'], [84.74, 53.94, 16.24, -3.35, -10.14])"
D:\ZSL\CNN\Test_TRIAL_DATASET_1-CLASS_1\pig\pig_10114.jpg,pig,mouse,24,9,mouse,"(['rat', 'leopard', 'pig', 'raccoon', 'persian cat'], [84.74, 53.94, 16.24, -3.35, -10.14])"
D:\ZSL\CNN\Test_TRIAL_DATASET_1-CLASS_1\pig\pig_10115.jpg,pig,siamese_cat,24,13,siamese cat,"(['persian cat', 'leopard', 'giant panda', 'raccoon', 'seal'], [95.16, 17.06, 6.12, -5.49, -8.13])"
D:\ZSL\CNN\Test_TRIAL_DATASET_1-CLASS_1\pig\pig_10116.jpg,pig,rhinoceros,24,12,rhinoceros,"(['hippopotamus', 'humpback whale', 'raccoon', 'persian cat', 'seal'], [48.51, 40.93, 28.97, 23.56, 11.96])"
D:\ZSL\CNN\Test_TRIAL_DATASET_1-CLASS_1\pig\pig_10117.jpg,pig,rhinoceros,24,12,rhinoceros,"(['hippopotamus', 'humpback whale', 'raccoon', 'persian cat', 'seal'], [48.51, 40.93, 28.97, 23.56, 11.96])"
D:\ZSL\CNN\Test_TRIAL_DATASET_1-CLASS_1\pig\pig_10118.jpg,pig,mouse,24,9,mouse,"(['rat', 'leopard', 'pig', 'raccoon', 'persian cat'], [84.74, 53.94, 16.24, -3.35, -10.14])"
D:\ZSL\CNN\Test_TRIAL_DATASET_1-CLASS_1\pig\pig_10119.jpg,pig,rhinoceros,24,12,rhinoceros,"(['hippopotamus', 'humpback whale', 'raccoon', 'persian cat', 'seal'], [48.51, 40.93, 28.97, 23.56, 11.96])"
D:\ZSL\CNN\Test_TRIAL_DATASET_1-CLASS_1\pig\pig_10120.jpg,pig,cow,24,3,cow,"(['pig', 'seal', 'humpback whale', 'raccoon', 'leopard'], [75.45, 24.43, 0.16, -1.32, -1.99])"
D:\ZSL\CNN\Test_TRIAL_DATASET_1-CLASS_1\pig\pig_10121.jpg,pig,cow,24,3,cow,"(['pig', 'seal', 'humpback whale', 'raccoon', 'leopard'], [75.45, 24.43, 0.16, -1.32, -1.99])"
D:\ZSL\CNN\Test_TRIAL_DATASET_1-CLASS_1\pig\pig_10122.jpg,pig,rabbit,24,11,rabbit,"(['pig', 'rat', 'giant panda', 'raccoon', 'leopard'], [65.11, 46.21, 18.84, 14.3, -5.72])"
D:\ZSL\CNN\Test_TRIAL_DATASET_1-CLASS_1\pig\pig_10123.jpg,pig,walrus,24,17,walrus,"(['humpback whale', 'pig', 'seal', 'hippopotamus', 'giant panda'], [49.61, 33.32, 21.44, 14.39, 6.44])"
D:\ZSL\CNN\Test_TRIAL_DATASET_1-CLASS_1\pig\pig_10124.jpg,pig,cow,24,3,cow,"(['pig', 'seal', 'humpback whale', 'raccoon', 'leopard'], [75.45, 24.43, 0.16, -1.32, -1.99])"
D:\ZSL\CNN\Test_TRIAL_DATASET_1-CLASS_1\pig\pig_10125.jpg,pig,skunk,24,14,skunk,"(['rat', 'raccoon', 'seal', 'pig', 'giant panda'], [62.36, 41.18, 24.96, 18.58, -0.51])"
D:\ZSL\CNN\Test_TRIAL_DATASET_1-CLASS_1\pig\pig_10126.jpg,pig,mouse,24,9,mouse,"(['rat', 'leopard', 'pig', 'raccoon', 'persian cat'], [84.74, 53.94, 16.24, -3.35, -10.14])"
D:\ZSL\CNN\Test_TRIAL_DATASET_1-CLASS_1\pig\pig_10127.jpg,pig,cow,24,3,cow,"(['pig', 'seal', 'humpback whale', 'raccoon', 'leopard'], [75.45, 24.43, 0.16, -1.32, -1.99])"
D:\ZSL\CNN\Test_TRIAL_DATASET_1-CLASS_1\pig\pig_10128.jpg,pig,cow,24,3,cow,"(['pig', 'seal', 'humpback whale', 'raccoon', 'leopard'], [75.45, 24.43, 0.16, -1.32, -1.99])"
D:\ZSL\CNN\Test_TRIAL_DATASET_1-CLASS_1\pig\pig_10129.jpg,pig,squirrel,24,15,squirrel,"(['rat', 'raccoon', 'leopard', 'pig', 'chimpanzee'], [80.96, 55.32, 17.24, 10.5, 5.34])"
D:\ZSL\CNN\Test_TRIAL_DATASET_1-CLASS_1\pig\pig_10130.jpg,pig,cow,24,3,cow,"(['pig', 'seal', 'humpback whale', 'raccoon', 'leopard'], [75.45, 24.43, 0.16, -1.32, -1.99])"
D:\ZSL\CNN\Test_TRIAL_DATASET_1-CLASS_1\pig\pig_10131.jpg,pig,rabbit,24,11,rabbit,"(['pig', 'rat', 'giant panda', 'raccoon', 'leopard'], [65.11, 46.21, 18.84, 14.3, -5.72])"
D:\ZSL\CNN\Test_TRIAL_DATASET_1-CLASS_1\pig\pig_10132.jpg,pig,rhinoceros,24,12,rhinoceros,"(['hippopotamus', 'humpback whale', 'raccoon', 'persian cat', 'seal'], [48.51, 40.93, 28.97, 23.56, 11.96])"
D:\ZSL\CNN\Test_TRIAL_DATASET_1-CLASS_1\pig\pig_10133.jpg,pig,rhinoceros,24,12,rhinoceros,"(['hippopotamus', 'humpback whale', 'raccoon', 'persian cat', 'seal'], [48.51, 40.93, 28.97, 23.56, 11.96])"
D:\ZSL\CNN\Test_TRIAL_DATASET_1-CLASS_1\pig\pig_10134.jpg,pig,cow,24,3,cow,"(['pig', 'seal', 'humpback whale', 'raccoon', 'leopard'], [75.45, 24.43, 0.16, -1.32, -1.99])"
D:\ZSL\CNN\Test_TRIAL_DATASET_1-CLASS_1\pig\pig_10135.jpg,pig,cow,24,3,cow,"(['pig', 'seal', 'humpback whale', 'raccoon', 'leopard'], [75.45, 24.43, 0.16, -1.32, -1.99])"
D:\ZSL\CNN\Test_TRIAL_DATASET_1-CLASS_1\pig\pig_10136.jpg,pig,rhinoceros,24,12,rhinoceros,"(['hippopotamus', 'humpback whale', 'raccoon', 'persian cat', 'seal'], [48.51, 40.93, 28.97, 23.56, 11.96])"
D:\ZSL\CNN\Test_TRIAL_DATASET_1-CLASS_1\pig\pig_10137.jpg,pig,mouse,24,9,mouse,"(['rat', 'leopard', 'pig', 'raccoon', 'persian cat'], [84.74, 53.94, 16.24, -3.35, -10.14])"
D:\ZSL\CNN\Test_TRIAL_DATASET_1-CLASS_1\pig\pig_10138.jpg,pig,rhinoceros,24,12,rhinoceros,"(['hippopotamus', 'humpback whale', 'raccoon', 'persian cat', 'seal'], [48.51, 40.93, 28.97, 23.56, 11.96])"
D:\ZSL\CNN\Test_TRIAL_DATASET_1-CLASS_1\pig\pig_10139.jpg,pig,cow,24,3,cow,"(['pig', 'seal', 'humpback whale', 'raccoon', 'leopard'], [75.45, 24.43, 0.16, -1.32, -1.99])"
D:\ZSL\CNN\Test_TRIAL_DATASET_1-CLASS_1\pig\pig_10140.jpg,pig,cow,24,3,cow,"(['pig', 'seal', 'humpback whale', 'raccoon', 'leopard'], [75.45, 24.43, 0.16, -1.32, -1.99])"
D:\ZSL\CNN\Test_TRIAL_DATASET_1-CLASS_1\pig\pig_10141.jpg,pig,cow,24,3,cow,"(['pig', 'seal', 'humpback whale', 'raccoon', 'leopard'], [75.45, 24.43, 0.16, -1.32, -1.99])"
D:\ZSL\CNN\Test_TRIAL_DATASET_1-CLASS_1\pig\pig_10142.jpg,pig,mouse,24,9,mouse,"(['rat', 'leopard', 'pig', 'raccoon', 'persian cat'], [84.74, 53.94, 16.24, -3.35, -10.14])"
D:\ZSL\CNN\Test_TRIAL_DATASET_1-CLASS_1\pig\pig_10143.jpg,pig,cow,24,3,cow,"(['pig', 'seal', 'humpback whale', 'raccoon', 'leopard'], [75.45, 24.43, 0.16, -1.32, -1.99])"
D:\ZSL\CNN\Test_TRIAL_DATASET_1-CLASS_1\pig\pig_10144.jpg,pig,rhinoceros,24,12,rhinoceros,"(['hippopotamus', 'humpback whale', 'raccoon', 'persian cat', 'seal'], [48.51, 40.93, 28.97, 23.56, 11.96])"
D:\ZSL\CNN\Test_TRIAL_DATASET_1-CLASS_1\pig\pig_10145.jpg,pig,cow,24,3,cow,"(['pig', 'seal', 'humpback whale', 'raccoon', 'leopard'], [75.45, 24.43, 0.16, -1.32, -1.99])"
D:\ZSL\CNN\Test_TRIAL_DATASET_1-CLASS_1\pig\pig_10146.jpg,pig,rhinoceros,24,12,rhinoceros,"(['hippopotamus', 'humpback whale', 'raccoon', 'persian cat', 'seal'], [48.51, 40.93, 28.97, 23.56, 11.96])"
D:\ZSL\CNN\Test_TRIAL_DATASET_1-CLASS_1\pig\pig_10147.jpg,pig,cow,24,3,cow,"(['pig', 'seal', 'humpback whale', 'raccoon', 'leopard'], [75.45, 24.43, 0.16, -1.32, -1.99])"
D:\ZSL\CNN\Test_TRIAL_DATASET_1-CLASS_1\pig\pig_10148.jpg,pig,cow,24,3,cow,"(['pig', 'seal', 'humpback whale', 'raccoon', 'leopard'], [75.45, 24.43, 0.16, -1.32, -1.99])"
D:\ZSL\CNN\Test_TRIAL_DATASET_1-CLASS_1\pig\pig_10149.jpg,pig,rhinoceros,24,12,rhinoceros,"(['hippopotamus', 'humpback whale', 'raccoon', 'persian cat', 'seal'], [48.51, 40.93, 28.97, 23.56, 11.96])"
D:\ZSL\CNN\Test_TRIAL_DATASET_1-CLASS_1\pig\pig_10150.jpg,pig,cow,24,3,cow,"(['pig', 'seal', 'humpback whale', 'raccoon', 'leopard'], [75.45, 24.43, 0.16, -1.32, -1.99])"
D:\ZSL\CNN\Test_TRIAL_DATASET_1-CLASS_1\pig\pig_10151.jpg,pig,rhinoceros,24,12,rhinoceros,"(['hippopotamus', 'humpback whale', 'raccoon', 'persian cat', 'seal'], [48.51, 40.93, 28.97, 23.56, 11.96])"
D:\ZSL\CNN\Test_TRIAL_DATASET_1-CLASS_1\pig\pig_10152.jpg,pig,rhinoceros,24,12,rhinoceros,"(['hippopotamus', 'humpback whale', 'raccoon', 'persian cat', 'seal'], [48.51, 40.93, 28.97, 23.56, 11.96])"
D:\ZSL\CNN\Test_TRIAL_DATASET_1-CLASS_1\pig\pig_10153.jpg,pig,mouse,24,9,mouse,"(['rat', 'leopard', 'pig', 'raccoon', 'persian cat'], [84.74, 53.94, 16.24, -3.35, -10.14])"
D:\ZSL\CNN\Test_TRIAL_DATASET_1-CLASS_1\pig\pig_10154.jpg,pig,rhinoceros,24,12,rhinoceros,"(['hippopotamus', 'humpback whale', 'raccoon', 'persian cat', 'seal'], [48.51, 40.93, 28.97, 23.56, 11.96])"
D:\ZSL\CNN\Test_TRIAL_DATASET_1-CLASS_1\pig\pig_10155.jpg,pig,cow,24,3,cow,"(['pig', 'seal', 'humpback whale', 'raccoon', 'leopard'], [75.45, 24.43, 0.16, -1.32, -1.99])"
D:\ZSL\CNN\Test_TRIAL_DATASET_1-CLASS_1\pig\pig_10156.jpg,pig,cow,24,3,cow,"(['pig', 'seal', 'humpback whale', 'raccoon', 'leopard'], [75.45, 24.43, 0.16, -1.32, -1.99])"
D:\ZSL\CNN\Test_TRIAL_DATASET_1-CLASS_1\pig\pig_10157.jpg,pig,cow,24,3,cow,"(['pig', 'seal', 'humpback whale', 'raccoon', 'leopard'], [75.45, 24.43, 0.16, -1.32, -1.99])"
D:\ZSL\CNN\Test_TRIAL_DATASET_1-CLASS_1\pig\pig_10158.jpg,pig,rhinoceros,24,12,rhinoceros,"(['hippopotamus', 'humpback whale', 'raccoon', 'persian cat', 'seal'], [48.51, 40.93, 28.97, 23.56, 11.96])"
D:\ZSL\CNN\Test_TRIAL_DATASET_1-CLASS_1\pig\pig_10159.jpg,pig,cow,24,3,cow,"(['pig', 'seal', 'humpback whale', 'raccoon', 'leopard'], [75.45, 24.43, 0.16, -1.32, -1.99])"
D:\ZSL\CNN\Test_TRIAL_DATASET_1-CLASS_1\pig\pig_10160.jpg,pig,cow,24,3,cow,"(['pig', 'seal', 'humpback whale', 'raccoon', 'leopard'], [75.45, 24.43, 0.16, -1.32, -1.99])"
D:\ZSL\CNN\Test_TRIAL_DATASET_1-CLASS_1\pig\pig_10161.jpg,pig,rhinoceros,24,12,rhinoceros,"(['hippopotamus', 'humpback whale', 'raccoon', 'persian cat', 'seal'], [48.51, 40.93, 28.97, 23.56, 11.96])"
D:\ZSL\CNN\Test_TRIAL_DATASET_1-CLASS_1\pig\pig_10162.jpg,pig,rhinoceros,24,12,rhinoceros,"(['hippopotamus', 'humpback whale', 'raccoon', 'persian cat', 'seal'], [48.51, 40.93, 28.97, 23.56, 11.96])"
D:\ZSL\CNN\Test_TRIAL_DATASET_1-CLASS_1\pig\pig_10163.jpg,pig,cow,24,3,cow,"(['pig', 'seal', 'humpback whale', 'raccoon', 'leopard'], [75.45, 24.43, 0.16, -1.32, -1.99])"
D:\ZSL\CNN\Test_TRIAL_DATASET_1-CLASS_1\pig\pig_10164.jpg,pig,cow,24,3,cow,"(['pig', 'seal', 'humpback whale', 'raccoon', 'leopard'], [75.45, 24.43, 0.16, -1.32, -1.99])"
D:\ZSL\CNN\Test_TRIAL_DATASET_1-CLASS_1\pig\pig_10165.jpg,pig,cow,24,3,cow,"(['pig', 'seal', 'humpback whale', 'raccoon', 'leopard'], [75.45, 24.43, 0.16, -1.32, -1.99])"
D:\ZSL\CNN\Test_TRIAL_DATASET_1-CLASS_1\pig\pig_10166.jpg,pig,cow,24,3,cow,"(['pig', 'seal', 'humpback whale', 'raccoon', 'leopard'], [75.45, 24.43, 0.16, -1.32, -1.99])"
D:\ZSL\CNN\Test_TRIAL_DATASET_1-CLASS_1\pig\pig_10167.jpg,pig,mouse,24,9,mouse,"(['rat', 'leopard', 'pig', 'raccoon', 'persian cat'], [84.74, 53.94, 16.24, -3.35, -10.14])"
D:\ZSL\CNN\Test_TRIAL_DATASET_1-CLASS_1\pig\pig_10168.jpg,pig,cow,24,3,cow,"(['pig', 'seal', 'humpback whale', 'raccoon', 'leopard'], [75.45, 24.43, 0.16, -1.32, -1.99])"
D:\ZSL\CNN\Test_TRIAL_DATASET_1-CLASS_1\pig\pig_10169.jpg,pig,mouse,24,9,mouse,"(['rat', 'leopard', 'pig', 'raccoon', 'persian cat'], [84.74, 53.94, 16.24, -3.35, -10.14])"
D:\ZSL\CNN\Test_TRIAL_DATASET_1-CLASS_1\pig\pig_10170.jpg,pig,cow,24,3,cow,"(['pig', 'seal', 'humpback whale', 'raccoon', 'leopard'], [75.45, 24.43, 0.16, -1.32, -1.99])"
D:\ZSL\CNN\Test_TRIAL_DATASET_1-CLASS_1\pig\pig_10171.jpg,pig,rhinoceros,24,12,rhinoceros,"(['hippopotamus', 'humpback whale', 'raccoon', 'persian cat', 'seal'], [48.51, 40.93, 28.97, 23.56, 11.96])"
D:\ZSL\CNN\Test_TRIAL_DATASET_1-CLASS_1\pig\pig_10172.jpg,pig,cow,24,3,cow,"(['pig', 'seal', 'humpback whale', 'raccoon', 'leopard'], [75.45, 24.43, 0.16, -1.32, -1.99])"
D:\ZSL\CNN\Test_TRIAL_DATASET_1-CLASS_1\pig\pig_10173.jpg,pig,mouse,24,9,mouse,"(['rat', 'leopard', 'pig', 'raccoon', 'persian cat'], [84.74, 53.94, 16.24, -3.35, -10.14])"
D:\ZSL\CNN\Test_TRIAL_DATASET_1-CLASS_1\pig\pig_10174.jpg,pig,mouse,24,9,mouse,"(['rat', 'leopard', 'pig', 'raccoon', 'persian cat'], [84.74, 53.94, 16.24, -3.35, -10.14])"
D:\ZSL\CNN\Test_TRIAL_DATASET_1-CLASS_1\pig\pig_10175.jpg,pig,rhinoceros,24,12,rhinoceros,"(['hippopotamus', 'humpback whale', 'raccoon', 'persian cat', 'seal'], [48.51, 40.93, 28.97, 23.56, 11.96])"
D:\ZSL\CNN\Test_TRIAL_DATASET_1-CLASS_1\pig\pig_10176.jpg,pig,rhinoceros,24,12,rhinoceros,"(['hippopotamus', 'humpback whale', 'raccoon', 'persian cat', 'seal'], [48.51, 40.93, 28.97, 23.56, 11.96])"
D:\ZSL\CNN\Test_TRIAL_DATASET_1-CLASS_1\pig\pig_10177.jpg,pig,cow,24,3,cow,"(['pig', 'seal', 'humpback whale', 'raccoon', 'leopard'], [75.45, 24.43, 0.16, -1.32, -1.99])"
D:\ZSL\CNN\Test_TRIAL_DATASET_1-CLASS_1\pig\pig_10178.jpg,pig,mouse,24,9,mouse,"(['rat', 'leopard', 'pig', 'raccoon', 'persian cat'], [84.74, 53.94, 16.24, -3.35, -10.14])"
D:\ZSL\CNN\Test_TRIAL_DATASET_1-CLASS_1\pig\pig_10179.jpg,pig,mouse,24,9,mouse,"(['rat', 'leopard', 'pig', 'raccoon', 'persian cat'], [84.74, 53.94, 16.24, -3.35, -10.14])"
D:\ZSL\CNN\Test_TRIAL_DATASET_1-CLASS_1\pig\pig_10180.jpg,pig,skunk,24,14,skunk,"(['rat', 'raccoon', 'seal', 'pig', 'giant panda'], [62.36, 41.18, 24.96, 18.58, -0.51])"
D:\ZSL\CNN\Test_TRIAL_DATASET_1-CLASS_1\pig\pig_10181.jpg,pig,mouse,24,9,mouse,"(['rat', 'leopard', 'pig', 'raccoon', 'persian cat'], [84.74, 53.94, 16.24, -3.35, -10.14])"
D:\ZSL\CNN\Test_TRIAL_DATASET_1-CLASS_1\pig\pig_10182.jpg,pig,mouse,24,9,mouse,"(['rat', 'leopard', 'pig', 'raccoon', 'persian cat'], [84.74, 53.94, 16.24, -3.35, -10.14])"
D:\ZSL\CNN\Test_TRIAL_DATASET_1-CLASS_1\pig\pig_10183.jpg,pig,rhinoceros,24,12,rhinoceros,"(['hippopotamus', 'humpback whale', 'raccoon', 'persian cat', 'seal'], [48.51, 40.93, 28.97, 23.56, 11.96])"
D:\ZSL\CNN\Test_TRIAL_DATASET_1-CLASS_1\pig\pig_10184.jpg,pig,mouse,24,9,mouse,"(['rat', 'leopard', 'pig', 'raccoon', 'persian cat'], [84.74, 53.94, 16.24, -3.35, -10.14])"
D:\ZSL\CNN\Test_TRIAL_DATASET_1-CLASS_1\pig\pig_10185.jpg,pig,cow,24,3,cow,"(['pig', 'seal', 'humpback whale', 'raccoon', 'leopard'], [75.45, 24.43, 0.16, -1.32, -1.99])"
D:\ZSL\CNN\Test_TRIAL_DATASET_1-CLASS_1\pig\pig_10186.jpg,pig,rhinoceros,24,12,rhinoceros,"(['hippopotamus', 'humpback whale', 'raccoon', 'persian cat', 'seal'], [48.51, 40.93, 28.97, 23.56, 11.96])"
D:\ZSL\CNN\Test_TRIAL_DATASET_1-CLASS_1\pig\pig_10187.jpg,pig,cow,24,3,cow,"(['pig', 'seal', 'humpback whale', 'raccoon', 'leopard'], [75.45, 24.43, 0.16, -1.32, -1.99])"
D:\ZSL\CNN\Test_TRIAL_DATASET_1-CLASS_1\pig\pig_10188.jpg,pig,rhinoceros,24,12,rhinoceros,"(['hippopotamus', 'humpback whale', 'raccoon', 'persian cat', 'seal'], [48.51, 40.93, 28.97, 23.56, 11.96])"
D:\ZSL\CNN\Test_TRIAL_DATASET_1-CLASS_1\pig\pig_10189.jpg,pig,cow,24,3,cow,"(['pig', 'seal', 'humpback whale', 'raccoon', 'leopard'], [75.45, 24.43, 0.16, -1.32, -1.99])"
D:\ZSL\CNN\Test_TRIAL_DATASET_1-CLASS_1\pig\pig_10190.jpg,pig,rhinoceros,24,12,rhinoceros,"(['hippopotamus', 'humpback whale', 'raccoon', 'persian cat', 'seal'], [48.51, 40.93, 28.97, 23.56, 11.96])"
D:\ZSL\CNN\Test_TRIAL_DATASET_1-CLASS_1\pig\pig_10191.jpg,pig,mouse,24,9,mouse,"(['rat', 'leopard', 'pig', 'raccoon', 'persian cat'], [84.74, 53.94, 16.24, -3.35, -10.14])"
D:\ZSL\CNN\Test_TRIAL_DATASET_1-CLASS_1\pig\pig_10192.jpg,pig,mouse,24,9,mouse,"(['rat', 'leopard', 'pig', 'raccoon', 'persian cat'], [84.74, 53.94, 16.24, -3.35, -10.14])"
D:\ZSL\CNN\Test_TRIAL_DATASET_1-CLASS_1\pig\pig_10193.jpg,pig,mouse,24,9,mouse,"(['rat', 'leopard', 'pig', 'raccoon', 'persian cat'], [84.74, 53.94, 16.24, -3.35, -10.14])"
D:\ZSL\CNN\Test_TRIAL_DATASET_1-CLASS_1\pig\pig_10194.jpg,pig,cow,24,3,cow,"(['pig', 'seal', 'humpback whale', 'raccoon', 'leopard'], [75.45, 24.43, 0.16, -1.32, -1.99])"
D:\ZSL\CNN\Test_TRIAL_DATASET_1-CLASS_1\pig\pig_10195.jpg,pig,bear,24,0,bear,"(['giant panda', 'raccoon', 'seal', 'pig', 'humpback whale'], [49.72, 40.56, 19.3, 8.36, 0.21])"
D:\ZSL\CNN\Test_TRIAL_DATASET_1-CLASS_1\pig\pig_10196.jpg,pig,monkey,24,8,monkey,"(['chimpanzee', 'pig', 'rat', 'leopard', 'giant panda'], [75.57, 41.33, 32.04, 6.61, -8.35])"
D:\ZSL\CNN\Test_TRIAL_DATASET_1-CLASS_1\pig\pig_10197.jpg,pig,siamese_cat,24,13,siamese cat,"(['persian cat', 'leopard', 'giant panda', 'raccoon', 'seal'], [95.16, 17.06, 6.12, -5.49, -8.13])"
D:\ZSL\CNN\Test_TRIAL_DATASET_1-CLASS_1\pig\pig_10198.jpg,pig,rhinoceros,24,12,rhinoceros,"(['hippopotamus', 'humpback whale', 'raccoon', 'persian cat', 'seal'], [48.51, 40.93, 28.97, 23.56, 11.96])"
D:\ZSL\CNN\Test_TRIAL_DATASET_1-CLASS_1\pig\pig_10199.jpg,pig,mouse,24,9,mouse,"(['rat', 'leopard', 'pig', 'raccoon', 'persian cat'], [84.74, 53.94, 16.24, -3.35, -10.14])"
D:\ZSL\CNN\Test_TRIAL_DATASET_1-CLASS_1\pig\pig_10200.jpg,pig,cow,24,3,cow,"(['pig', 'seal', 'humpback whale', 'raccoon', 'leopard'], [75.45, 24.43, 0.16, -1.32, -1.99])"
D:\ZSL\CNN\Test_TRIAL_DATASET_1-CLASS_1\pig\pig_10201.jpg,pig,cow,24,3,cow,"(['pig', 'seal', 'humpback whale', 'raccoon', 'leopard'], [75.45, 24.43, 0.16, -1.32, -1.99])"
D:\ZSL\CNN\Test_TRIAL_DATASET_1-CLASS_1\pig\pig_10202.jpg,pig,mouse,24,9,mouse,"(['rat', 'leopard', 'pig', 'raccoon', 'persian cat'], [84.74, 53.94, 16.24, -3.35, -10.14])"
D:\ZSL\CNN\Test_TRIAL_DATASET_1-CLASS_1\pig\pig_10203.jpg,pig,cow,24,3,cow,"(['pig', 'seal', 'humpback whale', 'raccoon', 'leopard'], [75.45, 24.43, 0.16, -1.32, -1.99])"
D:\ZSL\CNN\Test_TRIAL_DATASET_1-CLASS_1\pig\pig_10204.jpg,pig,rhinoceros,24,12,rhinoceros,"(['hippopotamus', 'humpback whale', 'raccoon', 'persian cat', 'seal'], [48.51, 40.93, 28.97, 23.56, 11.96])"
D:\ZSL\CNN\Test_TRIAL_DATASET_1-CLASS_1\pig\pig_10205.jpg,pig,rhinoceros,24,12,rhinoceros,"(['hippopotamus', 'humpback whale', 'raccoon', 'persian cat', 'seal'], [48.51, 40.93, 28.97, 23.56, 11.96])"
D:\ZSL\CNN\Test_TRIAL_DATASET_1-CLASS_1\pig\pig_10206.jpg,pig,mouse,24,9,mouse,"(['rat', 'leopard', 'pig', 'raccoon', 'persian cat'], [84.74, 53.94, 16.24, -3.35, -10.14])"
D:\ZSL\CNN\Test_TRIAL_DATASET_1-CLASS_1\pig\pig_10207.jpg,pig,monkey,24,8,monkey,"(['chimpanzee', 'pig', 'rat', 'leopard', 'giant panda'], [75.57, 41.33, 32.04, 6.61, -8.35])"
D:\ZSL\CNN\Test_TRIAL_DATASET_1-CLASS_1\pig\pig_10208.jpg,pig,rhinoceros,24,12,rhinoceros,"(['hippopotamus', 'humpback whale', 'raccoon', 'persian cat', 'seal'], [48.51, 40.93, 28.97, 23.56, 11.96])"
D:\ZSL\CNN\Test_TRIAL_DATASET_1-CLASS_1\pig\pig_10209.jpg,pig,mouse,24,9,mouse,"(['rat', 'leopard', 'pig', 'raccoon', 'persian cat'], [84.74, 53.94, 16.24, -3.35, -10.14])"
D:\ZSL\CNN\Test_TRIAL_DATASET_1-CLASS_1\pig\pig_10210.jpg,pig,rhinoceros,24,12,rhinoceros,"(['hippopotamus', 'humpback whale', 'raccoon', 'persian cat', 'seal'], [48.51, 40.93, 28.97, 23.56, 11.96])"
D:\ZSL\CNN\Test_TRIAL_DATASET_1-CLASS_1\pig\pig_10211.jpg,pig,rhinoceros,24,12,rhinoceros,"(['hippopotamus', 'humpback whale', 'raccoon', 'persian cat', 'seal'], [48.51, 40.93, 28.97, 23.56, 11.96])"
D:\ZSL\CNN\Test_TRIAL_DATASET_1-CLASS_1\pig\pig_10212.jpg,pig,rhinoceros,24,12,rhinoceros,"(['hippopotamus', 'humpback whale', 'raccoon', 'persian cat', 'seal'], [48.51, 40.93, 28.97, 23.56, 11.96])"
D:\ZSL\CNN\Test_TRIAL_DATASET_1-CLASS_1\pig\pig_10213.jpg,pig,mouse,24,9,mouse,"(['rat', 'leopard', 'pig', 'raccoon', 'persian cat'], [84.74, 53.94, 16.24, -3.35, -10.14])"
D:\ZSL\CNN\Test_TRIAL_DATASET_1-CLASS_1\pig\pig_10214.jpg,pig,cow,24,3,cow,"(['pig', 'seal', 'humpback whale', 'raccoon', 'leopard'], [75.45, 24.43, 0.16, -1.32, -1.99])"
D:\ZSL\CNN\Test_TRIAL_DATASET_1-CLASS_1\pig\pig_10215.jpg,pig,mouse,24,9,mouse,"(['rat', 'leopard', 'pig', 'raccoon', 'persian cat'], [84.74, 53.94, 16.24, -3.35, -10.14])"
D:\ZSL\CNN\Test_TRIAL_DATASET_1-CLASS_1\pig\pig_10216.jpg,pig,mouse,24,9,mouse,"(['rat', 'leopard', 'pig', 'raccoon', 'persian cat'], [84.74, 53.94, 16.24, -3.35, -10.14])"
D:\ZSL\CNN\Test_TRIAL_DATASET_1-CLASS_1\pig\pig_10217.jpg,pig,mouse,24,9,mouse,"(['rat', 'leopard', 'pig', 'raccoon', 'persian cat'], [84.74, 53.94, 16.24, -3.35, -10.14])"
D:\ZSL\CNN\Test_TRIAL_DATASET_1-CLASS_1\pig\pig_10218.jpg,pig,cow,24,3,cow,"(['pig', 'seal', 'humpback whale', 'raccoon', 'leopard'], [75.45, 24.43, 0.16, -1.32, -1.99])"
D:\ZSL\CNN\Test_TRIAL_DATASET_1-CLASS_1\pig\pig_10219.jpg,pig,mouse,24,9,mouse,"(['rat', 'leopard', 'pig', 'raccoon', 'persian cat'], [84.74, 53.94, 16.24, -3.35, -10.14])"
D:\ZSL\CNN\Test_TRIAL_DATASET_1-CLASS_1\pig\pig_10220.jpg,pig,mouse,24,9,mouse,"(['rat', 'leopard', 'pig', 'raccoon', 'persian cat'], [84.74, 53.94, 16.24, -3.35, -10.14])"
D:\ZSL\CNN\Test_TRIAL_DATASET_1-CLASS_1\pig\pig_10221.jpg,pig,cow,24,3,cow,"(['pig', 'seal', 'humpback whale', 'raccoon', 'leopard'], [75.45, 24.43, 0.16, -1.32, -1.99])"
D:\ZSL\CNN\Test_TRIAL_DATASET_1-CLASS_1\pig\pig_10222.jpg,pig,cow,24,3,cow,"(['pig', 'seal', 'humpback whale', 'raccoon', 'leopard'], [75.45, 24.43, 0.16, -1.32, -1.99])"
D:\ZSL\CNN\Test_TRIAL_DATASET_1-CLASS_1\pig\pig_10223.jpg,pig,cow,24,3,cow,"(['pig', 'seal', 'humpback whale', 'raccoon', 'leopard'], [75.45, 24.43, 0.16, -1.32, -1.99])"
D:\ZSL\CNN\Test_TRIAL_DATASET_1-CLASS_1\pig\pig_10224.jpg,pig,squirrel,24,15,squirrel,"(['rat', 'raccoon', 'leopard', 'pig', 'chimpanzee'], [80.96, 55.32, 17.24, 10.5, 5.34])"
D:\ZSL\CNN\Test_TRIAL_DATASET_1-CLASS_1\pig\pig_10225.jpg,pig,cow,24,3,cow,"(['pig', 'seal', 'humpback whale', 'raccoon', 'leopard'], [75.45, 24.43, 0.16, -1.32, -1.99])"
D:\ZSL\CNN\Test_TRIAL_DATASET_1-CLASS_1\pig\pig_10226.jpg,pig,cow,24,3,cow,"(['pig', 'seal', 'humpback whale', 'raccoon', 'leopard'], [75.45, 24.43, 0.16, -1.32, -1.99])"
D:\ZSL\CNN\Test_TRIAL_DATASET_1-CLASS_1\pig\pig_10227.jpg,pig,rhinoceros,24,12,rhinoceros,"(['hippopotamus', 'humpback whale', 'raccoon', 'persian cat', 'seal'], [48.51, 40.93, 28.97, 23.56, 11.96])"
D:\ZSL\CNN\Test_TRIAL_DATASET_1-CLASS_1\pig\pig_10228.jpg,pig,skunk,24,14,skunk,"(['rat', 'raccoon', 'seal', 'pig', 'giant panda'], [62.36, 41.18, 24.96, 18.58, -0.51])"
D:\ZSL\CNN\Test_TRIAL_DATASET_1-CLASS_1\pig\pig_10229.jpg,pig,mouse,24,9,mouse,"(['rat', 'leopard', 'pig', 'raccoon', 'persian cat'], [84.74, 53.94, 16.24, -3.35, -10.14])"
D:\ZSL\CNN\Test_TRIAL_DATASET_1-CLASS_1\pig\pig_10230.jpg,pig,mouse,24,9,mouse,"(['rat', 'leopard', 'pig', 'raccoon', 'persian cat'], [84.74, 53.94, 16.24, -3.35, -10.14])"
D:\ZSL\CNN\Test_TRIAL_DATASET_1-CLASS_1\pig\pig_10231.jpg,pig,cow,24,3,cow,"(['pig', 'seal', 'humpback whale', 'raccoon', 'leopard'], [75.45, 24.43, 0.16, -1.32, -1.99])"
D:\ZSL\CNN\Test_TRIAL_DATASET_1-CLASS_1\pig\pig_10232.jpg,pig,skunk,24,14,skunk,"(['rat', 'raccoon', 'seal', 'pig', 'giant panda'], [62.36, 41.18, 24.96, 18.58, -0.51])"
D:\ZSL\CNN\Test_TRIAL_DATASET_1-CLASS_1\pig\pig_10233.jpg,pig,mouse,24,9,mouse,"(['rat', 'leopard', 'pig', 'raccoon', 'persian cat'], [84.74, 53.94, 16.24, -3.35, -10.14])"
D:\ZSL\CNN\Test_TRIAL_DATASET_1-CLASS_1\pig\pig_10234.jpg,pig,cow,24,3,cow,"(['pig', 'seal', 'humpback whale', 'raccoon', 'leopard'], [75.45, 24.43, 0.16, -1.32, -1.99])"
D:\ZSL\CNN\Test_TRIAL_DATASET_1-CLASS_1\pig\pig_10235.jpg,pig,cow,24,3,cow,"(['pig', 'seal', 'humpback whale', 'raccoon', 'leopard'], [75.45, 24.43, 0.16, -1.32, -1.99])"
D:\ZSL\CNN\Test_TRIAL_DATASET_1-CLASS_1\pig\pig_10236.jpg,pig,cow,24,3,cow,"(['pig', 'seal', 'humpback whale', 'raccoon', 'leopard'], [75.45, 24.43, 0.16, -1.32, -1.99])"
D:\ZSL\CNN\Test_TRIAL_DATASET_1-CLASS_1\pig\pig_10237.jpg,pig,siamese_cat,24,13,siamese cat,"(['persian cat', 'leopard', 'giant panda', 'raccoon', 'seal'], [95.16, 17.06, 6.12, -5.49, -8.13])"
D:\ZSL\CNN\Test_TRIAL_DATASET_1-CLASS_1\pig\pig_10238.jpg,pig,monkey,24,8,monkey,"(['chimpanzee', 'pig', 'rat', 'leopard', 'giant panda'], [75.57, 41.33, 32.04, 6.61, -8.35])"
D:\ZSL\CNN\Test_TRIAL_DATASET_1-CLASS_1\pig\pig_10239.jpg,pig,cow,24,3,cow,"(['pig', 'seal', 'humpback whale', 'raccoon', 'leopard'], [75.45, 24.43, 0.16, -1.32, -1.99])"
D:\ZSL\CNN\Test_TRIAL_DATASET_1-CLASS_1\pig\pig_10240.jpg,pig,cow,24,3,cow,"(['pig', 'seal', 'humpback whale', 'raccoon', 'leopard'], [75.45, 24.43, 0.16, -1.32, -1.99])"
D:\ZSL\CNN\Test_TRIAL_DATASET_1-CLASS_1\pig\pig_10241.jpg,pig,mouse,24,9,mouse,"(['rat', 'leopard', 'pig', 'raccoon', 'persian cat'], [84.74, 53.94, 16.24, -3.35, -10.14])"
D:\ZSL\CNN\Test_TRIAL_DATASET_1-CLASS_1\pig\pig_10242.jpg,pig,mouse,24,9,mouse,"(['rat', 'leopard', 'pig', 'raccoon', 'persian cat'], [84.74, 53.94, 16.24, -3.35, -10.14])"
D:\ZSL\CNN\Test_TRIAL_DATASET_1-CLASS_1\pig\pig_10243.jpg,pig,cow,24,3,cow,"(['pig', 'seal', 'humpback whale', 'raccoon', 'leopard'], [75.45, 24.43, 0.16, -1.32, -1.99])"
D:\ZSL\CNN\Test_TRIAL_DATASET_1-CLASS_1\pig\pig_10244.jpg,pig,skunk,24,14,skunk,"(['rat', 'raccoon', 'seal', 'pig', 'giant panda'], [62.36, 41.18, 24.96, 18.58, -0.51])"
D:\ZSL\CNN\Test_TRIAL_DATASET_1-CLASS_1\pig\pig_10245.jpg,pig,cow,24,3,cow,"(['pig', 'seal', 'humpback whale', 'raccoon', 'leopard'], [75.45, 24.43, 0.16, -1.32, -1.99])"
D:\ZSL\CNN\Test_TRIAL_DATASET_1-CLASS_1\pig\pig_10246.jpg,pig,cow,24,3,cow,"(['pig', 'seal', 'humpback whale', 'raccoon', 'leopard'], [75.45, 24.43, 0.16, -1.32, -1.99])"
D:\ZSL\CNN\Test_TRIAL_DATASET_1-CLASS_1\pig\pig_10247.jpg,pig,cow,24,3,cow,"(['pig', 'seal', 'humpback whale', 'raccoon', 'leopard'], [75.45, 24.43, 0.16, -1.32, -1.99])"
D:\ZSL\CNN\Test_TRIAL_DATASET_1-CLASS_1\pig\pig_10248.jpg,pig,cow,24,3,cow,"(['pig', 'seal', 'humpback whale', 'raccoon', 'leopard'], [75.45, 24.43, 0.16, -1.32, -1.99])"
D:\ZSL\CNN\Test_TRIAL_DATASET_1-CLASS_1\pig\pig_10249.jpg,pig,cow,24,3,cow,"(['pig', 'seal', 'humpback whale', 'raccoon', 'leopard'], [75.45, 24.43, 0.16, -1.32, -1.99])"
D:\ZSL\CNN\Test_TRIAL_DATASET_1-CLASS_1\pig\pig_10250.jpg,pig,siamese_cat,24,13,siamese cat,"(['persian cat', 'leopard', 'giant panda', 'raccoon', 'seal'], [95.16, 17.06, 6.12, -5.49, -8.13])"
D:\ZSL\CNN\Test_TRIAL_DATASET_1-CLASS_1\pig\pig_10251.jpg,pig,cow,24,3,cow,"(['pig', 'seal', 'humpback whale', 'raccoon', 'leopard'], [75.45, 24.43, 0.16, -1.32, -1.99])"
D:\ZSL\CNN\Test_TRIAL_DATASET_1-CLASS_1\pig\pig_10252.jpg,pig,cow,24,3,cow,"(['pig', 'seal', 'humpback whale', 'raccoon', 'leopard'], [75.45, 24.43, 0.16, -1.32, -1.99])"
D:\ZSL\CNN\Test_TRIAL_DATASET_1-CLASS_1\pig\pig_10253.jpg,pig,tiger,24,16,tiger,"(['leopard', 'giant panda', 'persian cat', 'seal', 'pig'], [75.51, 32.01, 21.95, 9.29, -0.46])"
D:\ZSL\CNN\Test_TRIAL_DATASET_1-CLASS_1\pig\pig_10254.jpg,pig,bear,24,0,bear,"(['giant panda', 'raccoon', 'seal', 'pig', 'humpback whale'], [49.72, 40.56, 19.3, 8.36, 0.21])"
D:\ZSL\CNN\Test_TRIAL_DATASET_1-CLASS_1\pig\pig_10255.jpg,pig,mouse,24,9,mouse,"(['rat', 'leopard', 'pig', 'raccoon', 'persian cat'], [84.74, 53.94, 16.24, -3.35, -10.14])"
D:\ZSL\CNN\Test_TRIAL_DATASET_1-CLASS_1\pig\pig_10256.jpg,pig,cow,24,3,cow,"(['pig', 'seal', 'humpback whale', 'raccoon', 'leopard'], [75.45, 24.43, 0.16, -1.32, -1.99])"
D:\ZSL\CNN\Test_TRIAL_DATASET_1-CLASS_1\pig\pig_10257.jpg,pig,cow,24,3,cow,"(['pig', 'seal', 'humpback whale', 'raccoon', 'leopard'], [75.45, 24.43, 0.16, -1.32, -1.99])"
D:\ZSL\CNN\Test_TRIAL_DATASET_1-CLASS_1\pig\pig_10258.jpg,pig,rhinoceros,24,12,rhinoceros,"(['hippopotamus', 'humpback whale', 'raccoon', 'persian cat', 'seal'], [48.51, 40.93, 28.97, 23.56, 11.96])"
D:\ZSL\CNN\Test_TRIAL_DATASET_1-CLASS_1\pig\pig_10259.jpg,pig,mouse,24,9,mouse,"(['rat', 'leopard', 'pig', 'raccoon', 'persian cat'], [84.74, 53.94, 16.24, -3.35, -10.14])"
D:\ZSL\CNN\Test_TRIAL_DATASET_1-CLASS_1\pig\pig_10260.jpg,pig,cow,24,3,cow,"(['pig', 'seal', 'humpback whale', 'raccoon', 'leopard'], [75.45, 24.43, 0.16, -1.32, -1.99])"
D:\ZSL\CNN\Test_TRIAL_DATASET_1-CLASS_1\pig\pig_10261.jpg,pig,cow,24,3,cow,"(['pig', 'seal', 'humpback whale', 'raccoon', 'leopard'], [75.45, 24.43, 0.16, -1.32, -1.99])"
D:\ZSL\CNN\Test_TRIAL_DATASET_1-CLASS_1\pig\pig_10262.jpg,pig,gorilla,24,5,gorilla,"(['chimpanzee', 'giant panda', 'pig', 'leopard', 'hippopotamus'], [76.54, 25.77, 22.54, 17.77, 2.06])"
D:\ZSL\CNN\Test_TRIAL_DATASET_1-CLASS_1\pig\pig_10263.jpg,pig,cow,24,3,cow,"(['pig', 'seal', 'humpback whale', 'raccoon', 'leopard'], [75.45, 24.43, 0.16, -1.32, -1.99])"
D:\ZSL\CNN\Test_TRIAL_DATASET_1-CLASS_1\pig\pig_10264.jpg,pig,cow,24,3,cow,"(['pig', 'seal', 'humpback whale', 'raccoon', 'leopard'], [75.45, 24.43, 0.16, -1.32, -1.99])"
D:\ZSL\CNN\Test_TRIAL_DATASET_1-CLASS_1\pig\pig_10265.jpg,pig,mouse,24,9,mouse,"(['rat', 'leopard', 'pig', 'raccoon', 'persian cat'], [84.74, 53.94, 16.24, -3.35, -10.14])"
D:\ZSL\CNN\Test_TRIAL_DATASET_1-CLASS_1\pig\pig_10266.jpg,pig,mouse,24,9,mouse,"(['rat', 'leopard', 'pig', 'raccoon', 'persian cat'], [84.74, 53.94, 16.24, -3.35, -10.14])"
D:\ZSL\CNN\Test_TRIAL_DATASET_1-CLASS_1\pig\pig_10267.jpg,pig,mouse,24,9,mouse,"(['rat', 'leopard', 'pig', 'raccoon', 'persian cat'], [84.74, 53.94, 16.24, -3.35, -10.14])"
D:\ZSL\CNN\Test_TRIAL_DATASET_1-CLASS_1\pig\pig_10268.jpg,pig,cow,24,3,cow,"(['pig', 'seal', 'humpback whale', 'raccoon', 'leopard'], [75.45, 24.43, 0.16, -1.32, -1.99])"
D:\ZSL\CNN\Test_TRIAL_DATASET_1-CLASS_1\pig\pig_10269.jpg,pig,cow,24,3,cow,"(['pig', 'seal', 'humpback whale', 'raccoon', 'leopard'], [75.45, 24.43, 0.16, -1.32, -1.99])"
D:\ZSL\CNN\Test_TRIAL_DATASET_1-CLASS_1\pig\pig_10270.jpg,pig,rabbit,24,11,rabbit,"(['pig', 'rat', 'giant panda', 'raccoon', 'leopard'], [65.11, 46.21, 18.84, 14.3, -5.72])"
D:\ZSL\CNN\Test_TRIAL_DATASET_1-CLASS_1\pig\pig_10271.jpg,pig,cow,24,3,cow,"(['pig', 'seal', 'humpback whale', 'raccoon', 'leopard'], [75.45, 24.43, 0.16, -1.32, -1.99])"
D:\ZSL\CNN\Test_TRIAL_DATASET_1-CLASS_1\pig\pig_10272.jpg,pig,cow,24,3,cow,"(['pig', 'seal', 'humpback whale', 'raccoon', 'leopard'], [75.45, 24.43, 0.16, -1.32, -1.99])"
D:\ZSL\CNN\Test_TRIAL_DATASET_1-CLASS_1\pig\pig_10273.jpg,pig,skunk,24,14,skunk,"(['rat', 'raccoon', 'seal', 'pig', 'giant panda'], [62.36, 41.18, 24.96, 18.58, -0.51])"
D:\ZSL\CNN\Test_TRIAL_DATASET_1-CLASS_1\pig\pig_10274.jpg,pig,rhinoceros,24,12,rhinoceros,"(['hippopotamus', 'humpback whale', 'raccoon', 'persian cat', 'seal'], [48.51, 40.93, 28.97, 23.56, 11.96])"
D:\ZSL\CNN\Test_TRIAL_DATASET_1-CLASS_1\pig\pig_10275.jpg,pig,rhinoceros,24,12,rhinoceros,"(['hippopotamus', 'humpback whale', 'raccoon', 'persian cat', 'seal'], [48.51, 40.93, 28.97, 23.56, 11.96])"
D:\ZSL\CNN\Test_TRIAL_DATASET_1-CLASS_1\pig\pig_10276.jpg,pig,mouse,24,9,mouse,"(['rat', 'leopard', 'pig', 'raccoon', 'persian cat'], [84.74, 53.94, 16.24, -3.35, -10.14])"
D:\ZSL\CNN\Test_TRIAL_DATASET_1-CLASS_1\pig\pig_10277.jpg,pig,rhinoceros,24,12,rhinoceros,"(['hippopotamus', 'humpback whale', 'raccoon', 'persian cat', 'seal'], [48.51, 40.93, 28.97, 23.56, 11.96])"
D:\ZSL\CNN\Test_TRIAL_DATASET_1-CLASS_1\pig\pig_10278.jpg,pig,cow,24,3,cow,"(['pig', 'seal', 'humpback whale', 'raccoon', 'leopard'], [75.45, 24.43, 0.16, -1.32, -1.99])"
D:\ZSL\CNN\Test_TRIAL_DATASET_1-CLASS_1\pig\pig_10279.jpg,pig,cow,24,3,cow,"(['pig', 'seal', 'humpback whale', 'raccoon', 'leopard'], [75.45, 24.43, 0.16, -1.32, -1.99])"
D:\ZSL\CNN\Test_TRIAL_DATASET_1-CLASS_1\pig\pig_10280.jpg,pig,mouse,24,9,mouse,"(['rat', 'leopard', 'pig', 'raccoon', 'persian cat'], [84.74, 53.94, 16.24, -3.35, -10.14])"
D:\ZSL\CNN\Test_TRIAL_DATASET_1-CLASS_1\pig\pig_10281.jpg,pig,mouse,24,9,mouse,"(['rat', 'leopard', 'pig', 'raccoon', 'persian cat'], [84.74, 53.94, 16.24, -3.35, -10.14])"
D:\ZSL\CNN\Test_TRIAL_DATASET_1-CLASS_1\pig\pig_10282.jpg,pig,cow,24,3,cow,"(['pig', 'seal', 'humpback whale', 'raccoon', 'leopard'], [75.45, 24.43, 0.16, -1.32, -1.99])"
D:\ZSL\CNN\Test_TRIAL_DATASET_1-CLASS_1\pig\pig_10283.jpg,pig,cow,24,3,cow,"(['pig', 'seal', 'humpback whale', 'raccoon', 'leopard'], [75.45, 24.43, 0.16, -1.32, -1.99])"
D:\ZSL\CNN\Test_TRIAL_DATASET_1-CLASS_1\pig\pig_10284.jpg,pig,walrus,24,17,walrus,"(['humpback whale', 'pig', 'seal', 'hippopotamus', 'giant panda'], [49.61, 33.32, 21.44, 14.39, 6.44])"
D:\ZSL\CNN\Test_TRIAL_DATASET_1-CLASS_1\pig\pig_10285.jpg,pig,rhinoceros,24,12,rhinoceros,"(['hippopotamus', 'humpback whale', 'raccoon', 'persian cat', 'seal'], [48.51, 40.93, 28.97, 23.56, 11.96])"
D:\ZSL\CNN\Test_TRIAL_DATASET_1-CLASS_1\pig\pig_10286.jpg,pig,cow,24,3,cow,"(['pig', 'seal', 'humpback whale', 'raccoon', 'leopard'], [75.45, 24.43, 0.16, -1.32, -1.99])"
D:\ZSL\CNN\Test_TRIAL_DATASET_1-CLASS_1\pig\pig_10287.jpg,pig,siamese_cat,24,13,siamese cat,"(['persian cat', 'leopard', 'giant panda', 'raccoon', 'seal'], [95.16, 17.06, 6.12, -5.49, -8.13])"
D:\ZSL\CNN\Test_TRIAL_DATASET_1-CLASS_1\pig\pig_10288.jpg,pig,cow,24,3,cow,"(['pig', 'seal', 'humpback whale', 'raccoon', 'leopard'], [75.45, 24.43, 0.16, -1.32, -1.99])"
D:\ZSL\CNN\Test_TRIAL_DATASET_1-CLASS_1\pig\pig_10289.jpg,pig,cow,24,3,cow,"(['pig', 'seal', 'humpback whale', 'raccoon', 'leopard'], [75.45, 24.43, 0.16, -1.32, -1.99])"
D:\ZSL\CNN\Test_TRIAL_DATASET_1-CLASS_1\pig\pig_10290.jpg,pig,mouse,24,9,mouse,"(['rat', 'leopard', 'pig', 'raccoon', 'persian cat'], [84.74, 53.94, 16.24, -3.35, -10.14])"
D:\ZSL\CNN\Test_TRIAL_DATASET_1-CLASS_1\pig\pig_10291.jpg,pig,cow,24,3,cow,"(['pig', 'seal', 'humpback whale', 'raccoon', 'leopard'], [75.45, 24.43, 0.16, -1.32, -1.99])"
D:\ZSL\CNN\Test_TRIAL_DATASET_1-CLASS_1\pig\pig_10292.jpg,pig,cow,24,3,cow,"(['pig', 'seal', 'humpback whale', 'raccoon', 'leopard'], [75.45, 24.43, 0.16, -1.32, -1.99])"
D:\ZSL\CNN\Test_TRIAL_DATASET_1-CLASS_1\pig\pig_10293.jpg,pig,rhinoceros,24,12,rhinoceros,"(['hippopotamus', 'humpback whale', 'raccoon', 'persian cat', 'seal'], [48.51, 40.93, 28.97, 23.56, 11.96])"
D:\ZSL\CNN\Test_TRIAL_DATASET_1-CLASS_1\pig\pig_10294.jpg,pig,cow,24,3,cow,"(['pig', 'seal', 'humpback whale', 'raccoon', 'leopard'], [75.45, 24.43, 0.16, -1.32, -1.99])"
D:\ZSL\CNN\Test_TRIAL_DATASET_1-CLASS_1\pig\pig_10295.jpg,pig,cow,24,3,cow,"(['pig', 'seal', 'humpback whale', 'raccoon', 'leopard'], [75.45, 24.43, 0.16, -1.32, -1.99])"
D:\ZSL\CNN\Test_TRIAL_DATASET_1-CLASS_1\pig\pig_10296.jpg,pig,rhinoceros,24,12,rhinoceros,"(['hippopotamus', 'humpback whale', 'raccoon', 'persian cat', 'seal'], [48.51, 40.93, 28.97, 23.56, 11.96])"
D:\ZSL\CNN\Test_TRIAL_DATASET_1-CLASS_1\pig\pig_10297.jpg,pig,rhinoceros,24,12,rhinoceros,"(['hippopotamus', 'humpback whale', 'raccoon', 'persian cat', 'seal'], [48.51, 40.93, 28.97, 23.56, 11.96])"
D:\ZSL\CNN\Test_TRIAL_DATASET_1-CLASS_1\pig\pig_10298.jpg,pig,rhinoceros,24,12,rhinoceros,"(['hippopotamus', 'humpback whale', 'raccoon', 'persian cat', 'seal'], [48.51, 40.93, 28.97, 23.56, 11.96])"
D:\ZSL\CNN\Test_TRIAL_DATASET_1-CLASS_1\pig\pig_10299.jpg,pig,cow,24,3,cow,"(['pig', 'seal', 'humpback whale', 'raccoon', 'leopard'], [75.45, 24.43, 0.16, -1.32, -1.99])"
D:\ZSL\CNN\Test_TRIAL_DATASET_1-CLASS_1\pig\pig_10300.jpg,pig,mouse,24,9,mouse,"(['rat', 'leopard', 'pig', 'raccoon', 'persian cat'], [84.74, 53.94, 16.24, -3.35, -10.14])"
D:\ZSL\CNN\Test_TRIAL_DATASET_1-CLASS_1\pig\pig_10301.jpg,pig,mouse,24,9,mouse,"(['rat', 'leopard', 'pig', 'raccoon', 'persian cat'], [84.74, 53.94, 16.24, -3.35, -10.14])"
D:\ZSL\CNN\Test_TRIAL_DATASET_1-CLASS_1\pig\pig_10302.jpg,pig,cow,24,3,cow,"(['pig', 'seal', 'humpback whale', 'raccoon', 'leopard'], [75.45, 24.43, 0.16, -1.32, -1.99])"
D:\ZSL\CNN\Test_TRIAL_DATASET_1-CLASS_1\pig\pig_10303.jpg,pig,cow,24,3,cow,"(['pig', 'seal', 'humpback whale', 'raccoon', 'leopard'], [75.45, 24.43, 0.16, -1.32, -1.99])"
D:\ZSL\CNN\Test_TRIAL_DATASET_1-CLASS_1\pig\pig_10304.jpg,pig,mouse,24,9,mouse,"(['rat', 'leopard', 'pig', 'raccoon', 'persian cat'], [84.74, 53.94, 16.24, -3.35, -10.14])"
D:\ZSL\CNN\Test_TRIAL_DATASET_1-CLASS_1\pig\pig_10305.jpg,pig,rhinoceros,24,12,rhinoceros,"(['hippopotamus', 'humpback whale', 'raccoon', 'persian cat', 'seal'], [48.51, 40.93, 28.97, 23.56, 11.96])"
D:\ZSL\CNN\Test_TRIAL_DATASET_1-CLASS_1\pig\pig_10306.jpg,pig,skunk,24,14,skunk,"(['rat', 'raccoon', 'seal', 'pig', 'giant panda'], [62.36, 41.18, 24.96, 18.58, -0.51])"
D:\ZSL\CNN\Test_TRIAL_DATASET_1-CLASS_1\pig\pig_10307.jpg,pig,mouse,24,9,mouse,"(['rat', 'leopard', 'pig', 'raccoon', 'persian cat'], [84.74, 53.94, 16.24, -3.35, -10.14])"
D:\ZSL\CNN\Test_TRIAL_DATASET_1-CLASS_1\pig\pig_10308.jpg,pig,rhinoceros,24,12,rhinoceros,"(['hippopotamus', 'humpback whale', 'raccoon', 'persian cat', 'seal'], [48.51, 40.93, 28.97, 23.56, 11.96])"
D:\ZSL\CNN\Test_TRIAL_DATASET_1-CLASS_1\pig\pig_10309.jpg,pig,cow,24,3,cow,"(['pig', 'seal', 'humpback whale', 'raccoon', 'leopard'], [75.45, 24.43, 0.16, -1.32, -1.99])"
D:\ZSL\CNN\Test_TRIAL_DATASET_1-CLASS_1\pig\pig_10310.jpg,pig,rhinoceros,24,12,rhinoceros,"(['hippopotamus', 'humpback whale', 'raccoon', 'persian cat', 'seal'], [48.51, 40.93, 28.97, 23.56, 11.96])"
D:\ZSL\CNN\Test_TRIAL_DATASET_1-CLASS_1\pig\pig_10311.jpg,pig,cow,24,3,cow,"(['pig', 'seal', 'humpback whale', 'raccoon', 'leopard'], [75.45, 24.43, 0.16, -1.32, -1.99])"
D:\ZSL\CNN\Test_TRIAL_DATASET_1-CLASS_1\pig\pig_10312.jpg,pig,cow,24,3,cow,"(['pig', 'seal', 'humpback whale', 'raccoon', 'leopard'], [75.45, 24.43, 0.16, -1.32, -1.99])"
D:\ZSL\CNN\Test_TRIAL_DATASET_1-CLASS_1\pig\pig_10313.jpg,pig,cow,24,3,cow,"(['pig', 'seal', 'humpback whale', 'raccoon', 'leopard'], [75.45, 24.43, 0.16, -1.32, -1.99])"
D:\ZSL\CNN\Test_TRIAL_DATASET_1-CLASS_1\pig\pig_10314.jpg,pig,mouse,24,9,mouse,"(['rat', 'leopard', 'pig', 'raccoon', 'persian cat'], [84.74, 53.94, 16.24, -3.35, -10.14])"
D:\ZSL\CNN\Test_TRIAL_DATASET_1-CLASS_1\pig\pig_10315.jpg,pig,cow,24,3,cow,"(['pig', 'seal', 'humpback whale', 'raccoon', 'leopard'], [75.45, 24.43, 0.16, -1.32, -1.99])"
D:\ZSL\CNN\Test_TRIAL_DATASET_1-CLASS_1\pig\pig_10316.jpg,pig,rhinoceros,24,12,rhinoceros,"(['hippopotamus', 'humpback whale', 'raccoon', 'persian cat', 'seal'], [48.51, 40.93, 28.97, 23.56, 11.96])"
D:\ZSL\CNN\Test_TRIAL_DATASET_1-CLASS_1\pig\pig_10317.jpg,pig,rhinoceros,24,12,rhinoceros,"(['hippopotamus', 'humpback whale', 'raccoon', 'persian cat', 'seal'], [48.51, 40.93, 28.97, 23.56, 11.96])"
D:\ZSL\CNN\Test_TRIAL_DATASET_1-CLASS_1\pig\pig_10318.jpg,pig,cow,24,3,cow,"(['pig', 'seal', 'humpback whale', 'raccoon', 'leopard'], [75.45, 24.43, 0.16, -1.32, -1.99])"
D:\ZSL\CNN\Test_TRIAL_DATASET_1-CLASS_1\pig\pig_10319.jpg,pig,mouse,24,9,mouse,"(['rat', 'leopard', 'pig', 'raccoon', 'persian cat'], [84.74, 53.94, 16.24, -3.35, -10.14])"
D:\ZSL\CNN\Test_TRIAL_DATASET_1-CLASS_1\pig\pig_10320.jpg,pig,rabbit,24,11,rabbit,"(['pig', 'rat', 'giant panda', 'raccoon', 'leopard'], [65.11, 46.21, 18.84, 14.3, -5.72])"
D:\ZSL\CNN\Test_TRIAL_DATASET_1-CLASS_1\pig\pig_10321.jpg,pig,mouse,24,9,mouse,"(['rat', 'leopard', 'pig', 'raccoon', 'persian cat'], [84.74, 53.94, 16.24, -3.35, -10.14])"
D:\ZSL\CNN\Test_TRIAL_DATASET_1-CLASS_1\pig\pig_10322.jpg,pig,rhinoceros,24,12,rhinoceros,"(['hippopotamus', 'humpback whale', 'raccoon', 'persian cat', 'seal'], [48.51, 40.93, 28.97, 23.56, 11.96])"
D:\ZSL\CNN\Test_TRIAL_DATASET_1-CLASS_1\pig\pig_10323.jpg,pig,mouse,24,9,mouse,"(['rat', 'leopard', 'pig', 'raccoon', 'persian cat'], [84.74, 53.94, 16.24, -3.35, -10.14])"
D:\ZSL\CNN\Test_TRIAL_DATASET_1-CLASS_1\pig\pig_10324.jpg,pig,bear,24,0,bear,"(['giant panda', 'raccoon', 'seal', 'pig', 'humpback whale'], [49.72, 40.56, 19.3, 8.36, 0.21])"
D:\ZSL\CNN\Test_TRIAL_DATASET_1-CLASS_1\pig\pig_10325.jpg,pig,cow,24,3,cow,"(['pig', 'seal', 'humpback whale', 'raccoon', 'leopard'], [75.45, 24.43, 0.16, -1.32, -1.99])"
D:\ZSL\CNN\Test_TRIAL_DATASET_1-CLASS_1\pig\pig_10326.jpg,pig,mouse,24,9,mouse,"(['rat', 'leopard', 'pig', 'raccoon', 'persian cat'], [84.74, 53.94, 16.24, -3.35, -10.14])"
D:\ZSL\CNN\Test_TRIAL_DATASET_1-CLASS_1\pig\pig_10327.jpg,pig,rhinoceros,24,12,rhinoceros,"(['hippopotamus', 'humpback whale', 'raccoon', 'persian cat', 'seal'], [48.51, 40.93, 28.97, 23.56, 11.96])"
D:\ZSL\CNN\Test_TRIAL_DATASET_1-CLASS_1\pig\pig_10328.jpg,pig,cow,24,3,cow,"(['pig', 'seal', 'humpback whale', 'raccoon', 'leopard'], [75.45, 24.43, 0.16, -1.32, -1.99])"
D:\ZSL\CNN\Test_TRIAL_DATASET_1-CLASS_1\pig\pig_10329.jpg,pig,mouse,24,9,mouse,"(['rat', 'leopard', 'pig', 'raccoon', 'persian cat'], [84.74, 53.94, 16.24, -3.35, -10.14])"
D:\ZSL\CNN\Test_TRIAL_DATASET_1-CLASS_1\pig\pig_10330.jpg,pig,bear,24,0,bear,"(['giant panda', 'raccoon', 'seal', 'pig', 'humpback whale'], [49.72, 40.56, 19.3, 8.36, 0.21])"
D:\ZSL\CNN\Test_TRIAL_DATASET_1-CLASS_1\pig\pig_10331.jpg,pig,siamese_cat,24,13,siamese cat,"(['persian cat', 'leopard', 'giant panda', 'raccoon', 'seal'], [95.16, 17.06, 6.12, -5.49, -8.13])"
D:\ZSL\CNN\Test_TRIAL_DATASET_1-CLASS_1\pig\pig_10332.jpg,pig,cow,24,3,cow,"(['pig', 'seal', 'humpback whale', 'raccoon', 'leopard'], [75.45, 24.43, 0.16, -1.32, -1.99])"
D:\ZSL\CNN\Test_TRIAL_DATASET_1-CLASS_1\pig\pig_10333.jpg,pig,mouse,24,9,mouse,"(['rat', 'leopard', 'pig', 'raccoon', 'persian cat'], [84.74, 53.94, 16.24, -3.35, -10.14])"
D:\ZSL\CNN\Test_TRIAL_DATASET_1-CLASS_1\pig\pig_10334.jpg,pig,walrus,24,17,walrus,"(['humpback whale', 'pig', 'seal', 'hippopotamus', 'giant panda'], [49.61, 33.32, 21.44, 14.39, 6.44])"
D:\ZSL\CNN\Test_TRIAL_DATASET_1-CLASS_1\pig\pig_10335.jpg,pig,walrus,24,17,walrus,"(['humpback whale', 'pig', 'seal', 'hippopotamus', 'giant panda'], [49.61, 33.32, 21.44, 14.39, 6.44])"
D:\ZSL\CNN\Test_TRIAL_DATASET_1-CLASS_1\pig\pig_10336.jpg,pig,cow,24,3,cow,"(['pig', 'seal', 'humpback whale', 'raccoon', 'leopard'], [75.45, 24.43, 0.16, -1.32, -1.99])"
D:\ZSL\CNN\Test_TRIAL_DATASET_1-CLASS_1\pig\pig_10337.jpg,pig,rhinoceros,24,12,rhinoceros,"(['hippopotamus', 'humpback whale', 'raccoon', 'persian cat', 'seal'], [48.51, 40.93, 28.97, 23.56, 11.96])"
D:\ZSL\CNN\Test_TRIAL_DATASET_1-CLASS_1\pig\pig_10338.jpg,pig,mouse,24,9,mouse,"(['rat', 'leopard', 'pig', 'raccoon', 'persian cat'], [84.74, 53.94, 16.24, -3.35, -10.14])"
D:\ZSL\CNN\Test_TRIAL_DATASET_1-CLASS_1\pig\pig_10339.jpg,pig,cow,24,3,cow,"(['pig', 'seal', 'humpback whale', 'raccoon', 'leopard'], [75.45, 24.43, 0.16, -1.32, -1.99])"
D:\ZSL\CNN\Test_TRIAL_DATASET_1-CLASS_1\pig\pig_10340.jpg,pig,mouse,24,9,mouse,"(['rat', 'leopard', 'pig', 'raccoon', 'persian cat'], [84.74, 53.94, 16.24, -3.35, -10.14])"
D:\ZSL\CNN\Test_TRIAL_DATASET_1-CLASS_1\pig\pig_10341.jpg,pig,mouse,24,9,mouse,"(['rat', 'leopard', 'pig', 'raccoon', 'persian cat'], [84.74, 53.94, 16.24, -3.35, -10.14])"
D:\ZSL\CNN\Test_TRIAL_DATASET_1-CLASS_1\pig\pig_10342.jpg,pig,rhinoceros,24,12,rhinoceros,"(['hippopotamus', 'humpback whale', 'raccoon', 'persian cat', 'seal'], [48.51, 40.93, 28.97, 23.56, 11.96])"
D:\ZSL\CNN\Test_TRIAL_DATASET_1-CLASS_1\pig\pig_10343.jpg,pig,mouse,24,9,mouse,"(['rat', 'leopard', 'pig', 'raccoon', 'persian cat'], [84.74, 53.94, 16.24, -3.35, -10.14])"
D:\ZSL\CNN\Test_TRIAL_DATASET_1-CLASS_1\pig\pig_10344.jpg,pig,rhinoceros,24,12,rhinoceros,"(['hippopotamus', 'humpback whale', 'raccoon', 'persian cat', 'seal'], [48.51, 40.93, 28.97, 23.56, 11.96])"
D:\ZSL\CNN\Test_TRIAL_DATASET_1-CLASS_1\pig\pig_10345.jpg,pig,cow,24,3,cow,"(['pig', 'seal', 'humpback whale', 'raccoon', 'leopard'], [75.45, 24.43, 0.16, -1.32, -1.99])"
D:\ZSL\CNN\Test_TRIAL_DATASET_1-CLASS_1\pig\pig_10346.jpg,pig,rhinoceros,24,12,rhinoceros,"(['hippopotamus', 'humpback whale', 'raccoon', 'persian cat', 'seal'], [48.51, 40.93, 28.97, 23.56, 11.96])"
D:\ZSL\CNN\Test_TRIAL_DATASET_1-CLASS_1\pig\pig_10347.jpg,pig,cow,24,3,cow,"(['pig', 'seal', 'humpback whale', 'raccoon', 'leopard'], [75.45, 24.43, 0.16, -1.32, -1.99])"
D:\ZSL\CNN\Test_TRIAL_DATASET_1-CLASS_1\pig\pig_10348.jpg,pig,cow,24,3,cow,"(['pig', 'seal', 'humpback whale', 'raccoon', 'leopard'], [75.45, 24.43, 0.16, -1.32, -1.99])"
D:\ZSL\CNN\Test_TRIAL_DATASET_1-CLASS_1\pig\pig_10349.jpg,pig,ox,24,10,ox,"(['seal', 'pig', 'rat', 'persian cat', 'leopard'], [71.8, 45.11, 24.89, 0.23, -2.79])"
D:\ZSL\CNN\Test_TRIAL_DATASET_1-CLASS_1\pig\pig_10350.jpg,pig,mouse,24,9,mouse,"(['rat', 'leopard', 'pig', 'raccoon', 'persian cat'], [84.74, 53.94, 16.24, -3.35, -10.14])"
D:\ZSL\CNN\Test_TRIAL_DATASET_1-CLASS_1\pig\pig_10351.jpg,pig,siamese_cat,24,13,siamese cat,"(['persian cat', 'leopard', 'giant panda', 'raccoon', 'seal'], [95.16, 17.06, 6.12, -5.49, -8.13])"
D:\ZSL\CNN\Test_TRIAL_DATASET_1-CLASS_1\pig\pig_10352.jpg,pig,cow,24,3,cow,"(['pig', 'seal', 'humpback whale', 'raccoon', 'leopard'], [75.45, 24.43, 0.16, -1.32, -1.99])"
D:\ZSL\CNN\Test_TRIAL_DATASET_1-CLASS_1\pig\pig_10353.jpg,pig,walrus,24,17,walrus,"(['humpback whale', 'pig', 'seal', 'hippopotamus', 'giant panda'], [49.61, 33.32, 21.44, 14.39, 6.44])"
D:\ZSL\CNN\Test_TRIAL_DATASET_1-CLASS_1\pig\pig_10354.jpg,pig,monkey,24,8,monkey,"(['chimpanzee', 'pig', 'rat', 'leopard', 'giant panda'], [75.57, 41.33, 32.04, 6.61, -8.35])"
D:\ZSL\CNN\Test_TRIAL_DATASET_1-CLASS_1\pig\pig_10355.jpg,pig,cow,24,3,cow,"(['pig', 'seal', 'humpback whale', 'raccoon', 'leopard'], [75.45, 24.43, 0.16, -1.32, -1.99])"
D:\ZSL\CNN\Test_TRIAL_DATASET_1-CLASS_1\pig\pig_10356.jpg,pig,mouse,24,9,mouse,"(['rat', 'leopard', 'pig', 'raccoon', 'persian cat'], [84.74, 53.94, 16.24, -3.35, -10.14])"
D:\ZSL\CNN\Test_TRIAL_DATASET_1-CLASS_1\pig\pig_10357.jpg,pig,rhinoceros,24,12,rhinoceros,"(['hippopotamus', 'humpback whale', 'raccoon', 'persian cat', 'seal'], [48.51, 40.93, 28.97, 23.56, 11.96])"
D:\ZSL\CNN\Test_TRIAL_DATASET_1-CLASS_1\pig\pig_10358.jpg,pig,lion,24,7,lion,"(['leopard', 'pig', 'persian cat', 'seal', 'rat'], [88.04, 15.11, 8.32, 2.8, 0.79])"
D:\ZSL\CNN\Test_TRIAL_DATASET_1-CLASS_1\pig\pig_10359.jpg,pig,mouse,24,9,mouse,"(['rat', 'leopard', 'pig', 'raccoon', 'persian cat'], [84.74, 53.94, 16.24, -3.35, -10.14])"
D:\ZSL\CNN\Test_TRIAL_DATASET_1-CLASS_1\pig\pig_10360.jpg,pig,cow,24,3,cow,"(['pig', 'seal', 'humpback whale', 'raccoon', 'leopard'], [75.45, 24.43, 0.16, -1.32, -1.99])"
D:\ZSL\CNN\Test_TRIAL_DATASET_1-CLASS_1\pig\pig_10361.jpg,pig,mouse,24,9,mouse,"(['rat', 'leopard', 'pig', 'raccoon', 'persian cat'], [84.74, 53.94, 16.24, -3.35, -10.14])"
D:\ZSL\CNN\Test_TRIAL_DATASET_1-CLASS_1\pig\pig_10362.jpg,pig,bobcat,24,2,bobcat,"(['raccoon', 'persian cat', 'humpback whale', 'leopard', 'giant panda'], [59.41, 32.03, 16.81, 10.53, 3.26])"
D:\ZSL\CNN\Test_TRIAL_DATASET_1-CLASS_1\pig\pig_10363.jpg,pig,rhinoceros,24,12,rhinoceros,"(['hippopotamus', 'humpback whale', 'raccoon', 'persian cat', 'seal'], [48.51, 40.93, 28.97, 23.56, 11.96])"
D:\ZSL\CNN\Test_TRIAL_DATASET_1-CLASS_1\pig\pig_10364.jpg,pig,mouse,24,9,mouse,"(['rat', 'leopard', 'pig', 'raccoon', 'persian cat'], [84.74, 53.94, 16.24, -3.35, -10.14])"
D:\ZSL\CNN\Test_TRIAL_DATASET_1-CLASS_1\pig\pig_10365.jpg,pig,rhinoceros,24,12,rhinoceros,"(['hippopotamus', 'humpback whale', 'raccoon', 'persian cat', 'seal'], [48.51, 40.93, 28.97, 23.56, 11.96])"
D:\ZSL\CNN\Test_TRIAL_DATASET_1-CLASS_1\pig\pig_10366.jpg,pig,lion,24,7,lion,"(['leopard', 'pig', 'persian cat', 'seal', 'rat'], [88.04, 15.11, 8.32, 2.8, 0.79])"
D:\ZSL\CNN\Test_TRIAL_DATASET_1-CLASS_1\pig\pig_10367.jpg,pig,cow,24,3,cow,"(['pig', 'seal', 'humpback whale', 'raccoon', 'leopard'], [75.45, 24.43, 0.16, -1.32, -1.99])"
D:\ZSL\CNN\Test_TRIAL_DATASET_1-CLASS_1\pig\pig_10368.jpg,pig,mouse,24,9,mouse,"(['rat', 'leopard', 'pig', 'raccoon', 'persian cat'], [84.74, 53.94, 16.24, -3.35, -10.14])"
D:\ZSL\CNN\Test_TRIAL_DATASET_1-CLASS_1\pig\pig_10369.jpg,pig,cow,24,3,cow,"(['pig', 'seal', 'humpback whale', 'raccoon', 'leopard'], [75.45, 24.43, 0.16, -1.32, -1.99])"
D:\ZSL\CNN\Test_TRIAL_DATASET_1-CLASS_1\pig\pig_10370.jpg,pig,cow,24,3,cow,"(['pig', 'seal', 'humpback whale', 'raccoon', 'leopard'], [75.45, 24.43, 0.16, -1.32, -1.99])"
D:\ZSL\CNN\Test_TRIAL_DATASET_1-CLASS_1\pig\pig_10371.jpg,pig,cow,24,3,cow,"(['pig', 'seal', 'humpback whale', 'raccoon', 'leopard'], [75.45, 24.43, 0.16, -1.32, -1.99])"
D:\ZSL\CNN\Test_TRIAL_DATASET_1-CLASS_1\pig\pig_10372.jpg,pig,skunk,24,14,skunk,"(['rat', 'raccoon', 'seal', 'pig', 'giant panda'], [62.36, 41.18, 24.96, 18.58, -0.51])"
D:\ZSL\CNN\Test_TRIAL_DATASET_1-CLASS_1\pig\pig_10373.jpg,pig,cow,24,3,cow,"(['pig', 'seal', 'humpback whale', 'raccoon', 'leopard'], [75.45, 24.43, 0.16, -1.32, -1.99])"
D:\ZSL\CNN\Test_TRIAL_DATASET_1-CLASS_1\pig\pig_10374.jpg,pig,cow,24,3,cow,"(['pig', 'seal', 'humpback whale', 'raccoon', 'leopard'], [75.45, 24.43, 0.16, -1.32, -1.99])"
D:\ZSL\CNN\Test_TRIAL_DATASET_1-CLASS_1\pig\pig_10375.jpg,pig,cow,24,3,cow,"(['pig', 'seal', 'humpback whale', 'raccoon', 'leopard'], [75.45, 24.43, 0.16, -1.32, -1.99])"
D:\ZSL\CNN\Test_TRIAL_DATASET_1-CLASS_1\pig\pig_10376.jpg,pig,mouse,24,9,mouse,"(['rat', 'leopard', 'pig', 'raccoon', 'persian cat'], [84.74, 53.94, 16.24, -3.35, -10.14])"
D:\ZSL\CNN\Test_TRIAL_DATASET_1-CLASS_1\pig\pig_10377.jpg,pig,mouse,24,9,mouse,"(['rat', 'leopard', 'pig', 'raccoon', 'persian cat'], [84.74, 53.94, 16.24, -3.35, -10.14])"
D:\ZSL\CNN\Test_TRIAL_DATASET_1-CLASS_1\pig\pig_10378.jpg,pig,rhinoceros,24,12,rhinoceros,"(['hippopotamus', 'humpback whale', 'raccoon', 'persian cat', 'seal'], [48.51, 40.93, 28.97, 23.56, 11.96])"
D:\ZSL\CNN\Test_TRIAL_DATASET_1-CLASS_1\pig\pig_10379.jpg,pig,mouse,24,9,mouse,"(['rat', 'leopard', 'pig', 'raccoon', 'persian cat'], [84.74, 53.94, 16.24, -3.35, -10.14])"
D:\ZSL\CNN\Test_TRIAL_DATASET_1-CLASS_1\pig\pig_10380.jpg,pig,dolphin,24,4,dolphin,"(['humpback whale', 'seal', 'leopard', 'rat', 'chimpanzee'], [72.35, 51.32, 7.29, -5.12, -8.04])"
D:\ZSL\CNN\Test_TRIAL_DATASET_1-CLASS_1\pig\pig_10381.jpg,pig,cow,24,3,cow,"(['pig', 'seal', 'humpback whale', 'raccoon', 'leopard'], [75.45, 24.43, 0.16, -1.32, -1.99])"
D:\ZSL\CNN\Test_TRIAL_DATASET_1-CLASS_1\pig\pig_10382.jpg,pig,mouse,24,9,mouse,"(['rat', 'leopard', 'pig', 'raccoon', 'persian cat'], [84.74, 53.94, 16.24, -3.35, -10.14])"
D:\ZSL\CNN\Test_TRIAL_DATASET_1-CLASS_1\pig\pig_10383.jpg,pig,rhinoceros,24,12,rhinoceros,"(['hippopotamus', 'humpback whale', 'raccoon', 'persian cat', 'seal'], [48.51, 40.93, 28.97, 23.56, 11.96])"
D:\ZSL\CNN\Test_TRIAL_DATASET_1-CLASS_1\pig\pig_10384.jpg,pig,cow,24,3,cow,"(['pig', 'seal', 'humpback whale', 'raccoon', 'leopard'], [75.45, 24.43, 0.16, -1.32, -1.99])"
D:\ZSL\CNN\Test_TRIAL_DATASET_1-CLASS_1\pig\pig_10385.jpg,pig,mouse,24,9,mouse,"(['rat', 'leopard', 'pig', 'raccoon', 'persian cat'], [84.74, 53.94, 16.24, -3.35, -10.14])"
D:\ZSL\CNN\Test_TRIAL_DATASET_1-CLASS_1\pig\pig_10386.jpg,pig,siamese_cat,24,13,siamese cat,"(['persian cat', 'leopard', 'giant panda', 'raccoon', 'seal'], [95.16, 17.06, 6.12, -5.49, -8.13])"
D:\ZSL\CNN\Test_TRIAL_DATASET_1-CLASS_1\pig\pig_10387.jpg,pig,cow,24,3,cow,"(['pig', 'seal', 'humpback whale', 'raccoon', 'leopard'], [75.45, 24.43, 0.16, -1.32, -1.99])"
D:\ZSL\CNN\Test_TRIAL_DATASET_1-CLASS_1\pig\pig_10388.jpg,pig,mouse,24,9,mouse,"(['rat', 'leopard', 'pig', 'raccoon', 'persian cat'], [84.74, 53.94, 16.24, -3.35, -10.14])"
D:\ZSL\CNN\Test_TRIAL_DATASET_1-CLASS_1\pig\pig_10389.jpg,pig,cow,24,3,cow,"(['pig', 'seal', 'humpback whale', 'raccoon', 'leopard'], [75.45, 24.43, 0.16, -1.32, -1.99])"
D:\ZSL\CNN\Test_TRIAL_DATASET_1-CLASS_1\pig\pig_10390.jpg,pig,rhinoceros,24,12,rhinoceros,"(['hippopotamus', 'humpback whale', 'raccoon', 'persian cat', 'seal'], [48.51, 40.93, 28.97, 23.56, 11.96])"
D:\ZSL\CNN\Test_TRIAL_DATASET_1-CLASS_1\pig\pig_10391.jpg,pig,cow,24,3,cow,"(['pig', 'seal', 'humpback whale', 'raccoon', 'leopard'], [75.45, 24.43, 0.16, -1.32, -1.99])"
D:\ZSL\CNN\Test_TRIAL_DATASET_1-CLASS_1\pig\pig_10392.jpg,pig,cow,24,3,cow,"(['pig', 'seal', 'humpback whale', 'raccoon', 'leopard'], [75.45, 24.43, 0.16, -1.32, -1.99])"
D:\ZSL\CNN\Test_TRIAL_DATASET_1-CLASS_1\pig\pig_10393.jpg,pig,mouse,24,9,mouse,"(['rat', 'leopard', 'pig', 'raccoon', 'persian cat'], [84.74, 53.94, 16.24, -3.35, -10.14])"
D:\ZSL\CNN\Test_TRIAL_DATASET_1-CLASS_1\pig\pig_10394.jpg,pig,rhinoceros,24,12,rhinoceros,"(['hippopotamus', 'humpback whale', 'raccoon', 'persian cat', 'seal'], [48.51, 40.93, 28.97, 23.56, 11.96])"
D:\ZSL\CNN\Test_TRIAL_DATASET_1-CLASS_1\pig\pig_10395.jpg,pig,rhinoceros,24,12,rhinoceros,"(['hippopotamus', 'humpback whale', 'raccoon', 'persian cat', 'seal'], [48.51, 40.93, 28.97, 23.56, 11.96])"
D:\ZSL\CNN\Test_TRIAL_DATASET_1-CLASS_1\pig\pig_10396.jpg,pig,bobcat,24,2,bobcat,"(['raccoon', 'persian cat', 'humpback whale', 'leopard', 'giant panda'], [59.41, 32.03, 16.81, 10.53, 3.26])"
D:\ZSL\CNN\Test_TRIAL_DATASET_1-CLASS_1\pig\pig_10397.jpg,pig,rhinoceros,24,12,rhinoceros,"(['hippopotamus', 'humpback whale', 'raccoon', 'persian cat', 'seal'], [48.51, 40.93, 28.97, 23.56, 11.96])"
D:\ZSL\CNN\Test_TRIAL_DATASET_1-CLASS_1\pig\pig_10398.jpg,pig,mouse,24,9,mouse,"(['rat', 'leopard', 'pig', 'raccoon', 'persian cat'], [84.74, 53.94, 16.24, -3.35, -10.14])"
D:\ZSL\CNN\Test_TRIAL_DATASET_1-CLASS_1\pig\pig_10399.jpg,pig,cow,24,3,cow,"(['pig', 'seal', 'humpback whale', 'raccoon', 'leopard'], [75.45, 24.43, 0.16, -1.32, -1.99])"
D:\ZSL\CNN\Test_TRIAL_DATASET_1-CLASS_1\pig\pig_10400.jpg,pig,cow,24,3,cow,"(['pig', 'seal', 'humpback whale', 'raccoon', 'leopard'], [75.45, 24.43, 0.16, -1.32, -1.99])"
D:\ZSL\CNN\Test_TRIAL_DATASET_1-CLASS_1\pig\pig_10401.jpg,pig,ox,24,10,ox,"(['seal', 'pig', 'rat', 'persian cat', 'leopard'], [71.8, 45.11, 24.89, 0.23, -2.79])"
D:\ZSL\CNN\Test_TRIAL_DATASET_1-CLASS_1\pig\pig_10402.jpg,pig,rhinoceros,24,12,rhinoceros,"(['hippopotamus', 'humpback whale', 'raccoon', 'persian cat', 'seal'], [48.51, 40.93, 28.97, 23.56, 11.96])"
D:\ZSL\CNN\Test_TRIAL_DATASET_1-CLASS_1\pig\pig_10403.jpg,pig,cow,24,3,cow,"(['pig', 'seal', 'humpback whale', 'raccoon', 'leopard'], [75.45, 24.43, 0.16, -1.32, -1.99])"
D:\ZSL\CNN\Test_TRIAL_DATASET_1-CLASS_1\pig\pig_10404.jpg,pig,mouse,24,9,mouse,"(['rat', 'leopard', 'pig', 'raccoon', 'persian cat'], [84.74, 53.94, 16.24, -3.35, -10.14])"
D:\ZSL\CNN\Test_TRIAL_DATASET_1-CLASS_1\pig\pig_10405.jpg,pig,cow,24,3,cow,"(['pig', 'seal', 'humpback whale', 'raccoon', 'leopard'], [75.45, 24.43, 0.16, -1.32, -1.99])"
D:\ZSL\CNN\Test_TRIAL_DATASET_1-CLASS_1\pig\pig_10406.jpg,pig,mouse,24,9,mouse,"(['rat', 'leopard', 'pig', 'raccoon', 'persian cat'], [84.74, 53.94, 16.24, -3.35, -10.14])"
D:\ZSL\CNN\Test_TRIAL_DATASET_1-CLASS_1\pig\pig_10407.jpg,pig,rhinoceros,24,12,rhinoceros,"(['hippopotamus', 'humpback whale', 'raccoon', 'persian cat', 'seal'], [48.51, 40.93, 28.97, 23.56, 11.96])"
D:\ZSL\CNN\Test_TRIAL_DATASET_1-CLASS_1\pig\pig_10408.jpg,pig,mouse,24,9,mouse,"(['rat', 'leopard', 'pig', 'raccoon', 'persian cat'], [84.74, 53.94, 16.24, -3.35, -10.14])"
D:\ZSL\CNN\Test_TRIAL_DATASET_1-CLASS_1\pig\pig_10409.jpg,pig,rhinoceros,24,12,rhinoceros,"(['hippopotamus', 'humpback whale', 'raccoon', 'persian cat', 'seal'], [48.51, 40.93, 28.97, 23.56, 11.96])"
D:\ZSL\CNN\Test_TRIAL_DATASET_1-CLASS_1\pig\pig_10410.jpg,pig,cow,24,3,cow,"(['pig', 'seal', 'humpback whale', 'raccoon', 'leopard'], [75.45, 24.43, 0.16, -1.32, -1.99])"
D:\ZSL\CNN\Test_TRIAL_DATASET_1-CLASS_1\pig\pig_10411.jpg,pig,cow,24,3,cow,"(['pig', 'seal', 'humpback whale', 'raccoon', 'leopard'], [75.45, 24.43, 0.16, -1.32, -1.99])"
D:\ZSL\CNN\Test_TRIAL_DATASET_1-CLASS_1\pig\pig_10412.jpg,pig,cow,24,3,cow,"(['pig', 'seal', 'humpback whale', 'raccoon', 'leopard'], [75.45, 24.43, 0.16, -1.32, -1.99])"
D:\ZSL\CNN\Test_TRIAL_DATASET_1-CLASS_1\pig\pig_10413.jpg,pig,cow,24,3,cow,"(['pig', 'seal', 'humpback whale', 'raccoon', 'leopard'], [75.45, 24.43, 0.16, -1.32, -1.99])"
D:\ZSL\CNN\Test_TRIAL_DATASET_1-CLASS_1\pig\pig_10414.jpg,pig,mouse,24,9,mouse,"(['rat', 'leopard', 'pig', 'raccoon', 'persian cat'], [84.74, 53.94, 16.24, -3.35, -10.14])"
D:\ZSL\CNN\Test_TRIAL_DATASET_1-CLASS_1\pig\pig_10415.jpg,pig,mouse,24,9,mouse,"(['rat', 'leopard', 'pig', 'raccoon', 'persian cat'], [84.74, 53.94, 16.24, -3.35, -10.14])"
D:\ZSL\CNN\Test_TRIAL_DATASET_1-CLASS_1\pig\pig_10416.jpg,pig,mouse,24,9,mouse,"(['rat', 'leopard', 'pig', 'raccoon', 'persian cat'], [84.74, 53.94, 16.24, -3.35, -10.14])"
D:\ZSL\CNN\Test_TRIAL_DATASET_1-CLASS_1\pig\pig_10417.jpg,pig,rhinoceros,24,12,rhinoceros,"(['hippopotamus', 'humpback whale', 'raccoon', 'persian cat', 'seal'], [48.51, 40.93, 28.97, 23.56, 11.96])"
D:\ZSL\CNN\Test_TRIAL_DATASET_1-CLASS_1\pig\pig_10418.jpg,pig,cow,24,3,cow,"(['pig', 'seal', 'humpback whale', 'raccoon', 'leopard'], [75.45, 24.43, 0.16, -1.32, -1.99])"
D:\ZSL\CNN\Test_TRIAL_DATASET_1-CLASS_1\pig\pig_10419.jpg,pig,mouse,24,9,mouse,"(['rat', 'leopard', 'pig', 'raccoon', 'persian cat'], [84.74, 53.94, 16.24, -3.35, -10.14])"
D:\ZSL\CNN\Test_TRIAL_DATASET_1-CLASS_1\pig\pig_10420.jpg,pig,cow,24,3,cow,"(['pig', 'seal', 'humpback whale', 'raccoon', 'leopard'], [75.45, 24.43, 0.16, -1.32, -1.99])"
D:\ZSL\CNN\Test_TRIAL_DATASET_1-CLASS_1\pig\pig_10421.jpg,pig,cow,24,3,cow,"(['pig', 'seal', 'humpback whale', 'raccoon', 'leopard'], [75.45, 24.43, 0.16, -1.32, -1.99])"
D:\ZSL\CNN\Test_TRIAL_DATASET_1-CLASS_1\pig\pig_10422.jpg,pig,mouse,24,9,mouse,"(['rat', 'leopard', 'pig', 'raccoon', 'persian cat'], [84.74, 53.94, 16.24, -3.35, -10.14])"
D:\ZSL\CNN\Test_TRIAL_DATASET_1-CLASS_1\pig\pig_10423.jpg,pig,cow,24,3,cow,"(['pig', 'seal', 'humpback whale', 'raccoon', 'leopard'], [75.45, 24.43, 0.16, -1.32, -1.99])"
D:\ZSL\CNN\Test_TRIAL_DATASET_1-CLASS_1\pig\pig_10424.jpg,pig,rhinoceros,24,12,rhinoceros,"(['hippopotamus', 'humpback whale', 'raccoon', 'persian cat', 'seal'], [48.51, 40.93, 28.97, 23.56, 11.96])"
D:\ZSL\CNN\Test_TRIAL_DATASET_1-CLASS_1\pig\pig_10425.jpg,pig,siamese_cat,24,13,siamese cat,"(['persian cat', 'leopard', 'giant panda', 'raccoon', 'seal'], [95.16, 17.06, 6.12, -5.49, -8.13])"
D:\ZSL\CNN\Test_TRIAL_DATASET_1-CLASS_1\pig\pig_10426.jpg,pig,rhinoceros,24,12,rhinoceros,"(['hippopotamus', 'humpback whale', 'raccoon', 'persian cat', 'seal'], [48.51, 40.93, 28.97, 23.56, 11.96])"
D:\ZSL\CNN\Test_TRIAL_DATASET_1-CLASS_1\pig\pig_10427.jpg,pig,cow,24,3,cow,"(['pig', 'seal', 'humpback whale', 'raccoon', 'leopard'], [75.45, 24.43, 0.16, -1.32, -1.99])"
D:\ZSL\CNN\Test_TRIAL_DATASET_1-CLASS_1\pig\pig_10428.jpg,pig,cow,24,3,cow,"(['pig', 'seal', 'humpback whale', 'raccoon', 'leopard'], [75.45, 24.43, 0.16, -1.32, -1.99])"
D:\ZSL\CNN\Test_TRIAL_DATASET_1-CLASS_1\pig\pig_10429.jpg,pig,rhinoceros,24,12,rhinoceros,"(['hippopotamus', 'humpback whale', 'raccoon', 'persian cat', 'seal'], [48.51, 40.93, 28.97, 23.56, 11.96])"
D:\ZSL\CNN\Test_TRIAL_DATASET_1-CLASS_1\pig\pig_10430.jpg,pig,walrus,24,17,walrus,"(['humpback whale', 'pig', 'seal', 'hippopotamus', 'giant panda'], [49.61, 33.32, 21.44, 14.39, 6.44])"
D:\ZSL\CNN\Test_TRIAL_DATASET_1-CLASS_1\pig\pig_10431.jpg,pig,cow,24,3,cow,"(['pig', 'seal', 'humpback whale', 'raccoon', 'leopard'], [75.45, 24.43, 0.16, -1.32, -1.99])"
D:\ZSL\CNN\Test_TRIAL_DATASET_1-CLASS_1\pig\pig_10432.jpg,pig,mouse,24,9,mouse,"(['rat', 'leopard', 'pig', 'raccoon', 'persian cat'], [84.74, 53.94, 16.24, -3.35, -10.14])"
D:\ZSL\CNN\Test_TRIAL_DATASET_1-CLASS_1\pig\pig_10433.jpg,pig,cow,24,3,cow,"(['pig', 'seal', 'humpback whale', 'raccoon', 'leopard'], [75.45, 24.43, 0.16, -1.32, -1.99])"
D:\ZSL\CNN\Test_TRIAL_DATASET_1-CLASS_1\pig\pig_10434.jpg,pig,ox,24,10,ox,"(['seal', 'pig', 'rat', 'persian cat', 'leopard'], [71.8, 45.11, 24.89, 0.23, -2.79])"
D:\ZSL\CNN\Test_TRIAL_DATASET_1-CLASS_1\pig\pig_10435.jpg,pig,rhinoceros,24,12,rhinoceros,"(['hippopotamus', 'humpback whale', 'raccoon', 'persian cat', 'seal'], [48.51, 40.93, 28.97, 23.56, 11.96])"
D:\ZSL\CNN\Test_TRIAL_DATASET_1-CLASS_1\pig\pig_10436.jpg,pig,rhinoceros,24,12,rhinoceros,"(['hippopotamus', 'humpback whale', 'raccoon', 'persian cat', 'seal'], [48.51, 40.93, 28.97, 23.56, 11.96])"
D:\ZSL\CNN\Test_TRIAL_DATASET_1-CLASS_1\pig\pig_10437.jpg,pig,rhinoceros,24,12,rhinoceros,"(['hippopotamus', 'humpback whale', 'raccoon', 'persian cat', 'seal'], [48.51, 40.93, 28.97, 23.56, 11.96])"
D:\ZSL\CNN\Test_TRIAL_DATASET_1-CLASS_1\pig\pig_10438.jpg,pig,cow,24,3,cow,"(['pig', 'seal', 'humpback whale', 'raccoon', 'leopard'], [75.45, 24.43, 0.16, -1.32, -1.99])"
D:\ZSL\CNN\Test_TRIAL_DATASET_1-CLASS_1\pig\pig_10439.jpg,pig,mouse,24,9,mouse,"(['rat', 'leopard', 'pig', 'raccoon', 'persian cat'], [84.74, 53.94, 16.24, -3.35, -10.14])"
D:\ZSL\CNN\Test_TRIAL_DATASET_1-CLASS_1\pig\pig_10440.jpg,pig,bear,24,0,bear,"(['giant panda', 'raccoon', 'seal', 'pig', 'humpback whale'], [49.72, 40.56, 19.3, 8.36, 0.21])"
D:\ZSL\CNN\Test_TRIAL_DATASET_1-CLASS_1\pig\pig_10441.jpg,pig,cow,24,3,cow,"(['pig', 'seal', 'humpback whale', 'raccoon', 'leopard'], [75.45, 24.43, 0.16, -1.32, -1.99])"
D:\ZSL\CNN\Test_TRIAL_DATASET_1-CLASS_1\pig\pig_10442.jpg,pig,cow,24,3,cow,"(['pig', 'seal', 'humpback whale', 'raccoon', 'leopard'], [75.45, 24.43, 0.16, -1.32, -1.99])"
D:\ZSL\CNN\Test_TRIAL_DATASET_1-CLASS_1\pig\pig_10443.jpg,pig,cow,24,3,cow,"(['pig', 'seal', 'humpback whale', 'raccoon', 'leopard'], [75.45, 24.43, 0.16, -1.32, -1.99])"
D:\ZSL\CNN\Test_TRIAL_DATASET_1-CLASS_1\pig\pig_10444.jpg,pig,rhinoceros,24,12,rhinoceros,"(['hippopotamus', 'humpback whale', 'raccoon', 'persian cat', 'seal'], [48.51, 40.93, 28.97, 23.56, 11.96])"
D:\ZSL\CNN\Test_TRIAL_DATASET_1-CLASS_1\pig\pig_10445.jpg,pig,gorilla,24,5,gorilla,"(['chimpanzee', 'giant panda', 'pig', 'leopard', 'hippopotamus'], [76.54, 25.77, 22.54, 17.77, 2.06])"
D:\ZSL\CNN\Test_TRIAL_DATASET_1-CLASS_1\pig\pig_10446.jpg,pig,cow,24,3,cow,"(['pig', 'seal', 'humpback whale', 'raccoon', 'leopard'], [75.45, 24.43, 0.16, -1.32, -1.99])"
D:\ZSL\CNN\Test_TRIAL_DATASET_1-CLASS_1\pig\pig_10447.jpg,pig,rhinoceros,24,12,rhinoceros,"(['hippopotamus', 'humpback whale', 'raccoon', 'persian cat', 'seal'], [48.51, 40.93, 28.97, 23.56, 11.96])"
D:\ZSL\CNN\Test_TRIAL_DATASET_1-CLASS_1\pig\pig_10448.jpg,pig,cow,24,3,cow,"(['pig', 'seal', 'humpback whale', 'raccoon', 'leopard'], [75.45, 24.43, 0.16, -1.32, -1.99])"
D:\ZSL\CNN\Test_TRIAL_DATASET_1-CLASS_1\pig\pig_10449.jpg,pig,cow,24,3,cow,"(['pig', 'seal', 'humpback whale', 'raccoon', 'leopard'], [75.45, 24.43, 0.16, -1.32, -1.99])"
D:\ZSL\CNN\Test_TRIAL_DATASET_1-CLASS_1\pig\pig_10450.jpg,pig,rhinoceros,24,12,rhinoceros,"(['hippopotamus', 'humpback whale', 'raccoon', 'persian cat', 'seal'], [48.51, 40.93, 28.97, 23.56, 11.96])"
D:\ZSL\CNN\Test_TRIAL_DATASET_1-CLASS_1\pig\pig_10451.jpg,pig,walrus,24,17,walrus,"(['humpback whale', 'pig', 'seal', 'hippopotamus', 'giant panda'], [49.61, 33.32, 21.44, 14.39, 6.44])"
D:\ZSL\CNN\Test_TRIAL_DATASET_1-CLASS_1\pig\pig_10452.jpg,pig,cow,24,3,cow,"(['pig', 'seal', 'humpback whale', 'raccoon', 'leopard'], [75.45, 24.43, 0.16, -1.32, -1.99])"
D:\ZSL\CNN\Test_TRIAL_DATASET_1-CLASS_1\pig\pig_10453.jpg,pig,cow,24,3,cow,"(['pig', 'seal', 'humpback whale', 'raccoon', 'leopard'], [75.45, 24.43, 0.16, -1.32, -1.99])"
D:\ZSL\CNN\Test_TRIAL_DATASET_1-CLASS_1\pig\pig_10454.jpg,pig,cow,24,3,cow,"(['pig', 'seal', 'humpback whale', 'raccoon', 'leopard'], [75.45, 24.43, 0.16, -1.32, -1.99])"
D:\ZSL\CNN\Test_TRIAL_DATASET_1-CLASS_1\pig\pig_10455.jpg,pig,mouse,24,9,mouse,"(['rat', 'leopard', 'pig', 'raccoon', 'persian cat'], [84.74, 53.94, 16.24, -3.35, -10.14])"
D:\ZSL\CNN\Test_TRIAL_DATASET_1-CLASS_1\pig\pig_10456.jpg,pig,cow,24,3,cow,"(['pig', 'seal', 'humpback whale', 'raccoon', 'leopard'], [75.45, 24.43, 0.16, -1.32, -1.99])"
D:\ZSL\CNN\Test_TRIAL_DATASET_1-CLASS_1\pig\pig_10457.jpg,pig,mouse,24,9,mouse,"(['rat', 'leopard', 'pig', 'raccoon', 'persian cat'], [84.74, 53.94, 16.24, -3.35, -10.14])"
D:\ZSL\CNN\Test_TRIAL_DATASET_1-CLASS_1\pig\pig_10458.jpg,pig,cow,24,3,cow,"(['pig', 'seal', 'humpback whale', 'raccoon', 'leopard'], [75.45, 24.43, 0.16, -1.32, -1.99])"
D:\ZSL\CNN\Test_TRIAL_DATASET_1-CLASS_1\pig\pig_10459.jpg,pig,rhinoceros,24,12,rhinoceros,"(['hippopotamus', 'humpback whale', 'raccoon', 'persian cat', 'seal'], [48.51, 40.93, 28.97, 23.56, 11.96])"
D:\ZSL\CNN\Test_TRIAL_DATASET_1-CLASS_1\pig\pig_10460.jpg,pig,cow,24,3,cow,"(['pig', 'seal', 'humpback whale', 'raccoon', 'leopard'], [75.45, 24.43, 0.16, -1.32, -1.99])"
D:\ZSL\CNN\Test_TRIAL_DATASET_1-CLASS_1\pig\pig_10461.jpg,pig,mouse,24,9,mouse,"(['rat', 'leopard', 'pig', 'raccoon', 'persian cat'], [84.74, 53.94, 16.24, -3.35, -10.14])"
D:\ZSL\CNN\Test_TRIAL_DATASET_1-CLASS_1\pig\pig_10462.jpg,pig,cow,24,3,cow,"(['pig', 'seal', 'humpback whale', 'raccoon', 'leopard'], [75.45, 24.43, 0.16, -1.32, -1.99])"
D:\ZSL\CNN\Test_TRIAL_DATASET_1-CLASS_1\pig\pig_10463.jpg,pig,tiger,24,16,tiger,"(['leopard', 'giant panda', 'persian cat', 'seal', 'pig'], [75.51, 32.01, 21.95, 9.29, -0.46])"
D:\ZSL\CNN\Test_TRIAL_DATASET_1-CLASS_1\pig\pig_10464.jpg,pig,rhinoceros,24,12,rhinoceros,"(['hippopotamus', 'humpback whale', 'raccoon', 'persian cat', 'seal'], [48.51, 40.93, 28.97, 23.56, 11.96])"
D:\ZSL\CNN\Test_TRIAL_DATASET_1-CLASS_1\pig\pig_10465.jpg,pig,rhinoceros,24,12,rhinoceros,"(['hippopotamus', 'humpback whale', 'raccoon', 'persian cat', 'seal'], [48.51, 40.93, 28.97, 23.56, 11.96])"
D:\ZSL\CNN\Test_TRIAL_DATASET_1-CLASS_1\pig\pig_10466.jpg,pig,walrus,24,17,walrus,"(['humpback whale', 'pig', 'seal', 'hippopotamus', 'giant panda'], [49.61, 33.32, 21.44, 14.39, 6.44])"
D:\ZSL\CNN\Test_TRIAL_DATASET_1-CLASS_1\pig\pig_10467.jpg,pig,rhinoceros,24,12,rhinoceros,"(['hippopotamus', 'humpback whale', 'raccoon', 'persian cat', 'seal'], [48.51, 40.93, 28.97, 23.56, 11.96])"
D:\ZSL\CNN\Test_TRIAL_DATASET_1-CLASS_1\pig\pig_10468.jpg,pig,cow,24,3,cow,"(['pig', 'seal', 'humpback whale', 'raccoon', 'leopard'], [75.45, 24.43, 0.16, -1.32, -1.99])"
D:\ZSL\CNN\Test_TRIAL_DATASET_1-CLASS_1\pig\pig_10469.jpg,pig,rhinoceros,24,12,rhinoceros,"(['hippopotamus', 'humpback whale', 'raccoon', 'persian cat', 'seal'], [48.51, 40.93, 28.97, 23.56, 11.96])"
D:\ZSL\CNN\Test_TRIAL_DATASET_1-CLASS_1\pig\pig_10470.jpg,pig,cow,24,3,cow,"(['pig', 'seal', 'humpback whale', 'raccoon', 'leopard'], [75.45, 24.43, 0.16, -1.32, -1.99])"
D:\ZSL\CNN\Test_TRIAL_DATASET_1-CLASS_1\pig\pig_10471.jpg,pig,cow,24,3,cow,"(['pig', 'seal', 'humpback whale', 'raccoon', 'leopard'], [75.45, 24.43, 0.16, -1.32, -1.99])"
D:\ZSL\CNN\Test_TRIAL_DATASET_1-CLASS_1\pig\pig_10472.jpg,pig,cow,24,3,cow,"(['pig', 'seal', 'humpback whale', 'raccoon', 'leopard'], [75.45, 24.43, 0.16, -1.32, -1.99])"
D:\ZSL\CNN\Test_TRIAL_DATASET_1-CLASS_1\pig\pig_10473.jpg,pig,rhinoceros,24,12,rhinoceros,"(['hippopotamus', 'humpback whale', 'raccoon', 'persian cat', 'seal'], [48.51, 40.93, 28.97, 23.56, 11.96])"
D:\ZSL\CNN\Test_TRIAL_DATASET_1-CLASS_1\pig\pig_10474.jpg,pig,rhinoceros,24,12,rhinoceros,"(['hippopotamus', 'humpback whale', 'raccoon', 'persian cat', 'seal'], [48.51, 40.93, 28.97, 23.56, 11.96])"
D:\ZSL\CNN\Test_TRIAL_DATASET_1-CLASS_1\pig\pig_10475.jpg,pig,cow,24,3,cow,"(['pig', 'seal', 'humpback whale', 'raccoon', 'leopard'], [75.45, 24.43, 0.16, -1.32, -1.99])"
D:\ZSL\CNN\Test_TRIAL_DATASET_1-CLASS_1\pig\pig_10476.jpg,pig,rhinoceros,24,12,rhinoceros,"(['hippopotamus', 'humpback whale', 'raccoon', 'persian cat', 'seal'], [48.51, 40.93, 28.97, 23.56, 11.96])"
D:\ZSL\CNN\Test_TRIAL_DATASET_1-CLASS_1\pig\pig_10477.jpg,pig,cow,24,3,cow,"(['pig', 'seal', 'humpback whale', 'raccoon', 'leopard'], [75.45, 24.43, 0.16, -1.32, -1.99])"
D:\ZSL\CNN\Test_TRIAL_DATASET_1-CLASS_1\pig\pig_10478.jpg,pig,rhinoceros,24,12,rhinoceros,"(['hippopotamus', 'humpback whale', 'raccoon', 'persian cat', 'seal'], [48.51, 40.93, 28.97, 23.56, 11.96])"
D:\ZSL\CNN\Test_TRIAL_DATASET_1-CLASS_1\pig\pig_10479.jpg,pig,rhinoceros,24,12,rhinoceros,"(['hippopotamus', 'humpback whale', 'raccoon', 'persian cat', 'seal'], [48.51, 40.93, 28.97, 23.56, 11.96])"
D:\ZSL\CNN\Test_TRIAL_DATASET_1-CLASS_1\pig\pig_10480.jpg,pig,mouse,24,9,mouse,"(['rat', 'leopard', 'pig', 'raccoon', 'persian cat'], [84.74, 53.94, 16.24, -3.35, -10.14])"
D:\ZSL\CNN\Test_TRIAL_DATASET_1-CLASS_1\pig\pig_10481.jpg,pig,rhinoceros,24,12,rhinoceros,"(['hippopotamus', 'humpback whale', 'raccoon', 'persian cat', 'seal'], [48.51, 40.93, 28.97, 23.56, 11.96])"
D:\ZSL\CNN\Test_TRIAL_DATASET_1-CLASS_1\pig\pig_10482.jpg,pig,mouse,24,9,mouse,"(['rat', 'leopard', 'pig', 'raccoon', 'persian cat'], [84.74, 53.94, 16.24, -3.35, -10.14])"
D:\ZSL\CNN\Test_TRIAL_DATASET_1-CLASS_1\pig\pig_10483.jpg,pig,cow,24,3,cow,"(['pig', 'seal', 'humpback whale', 'raccoon', 'leopard'], [75.45, 24.43, 0.16, -1.32, -1.99])"
D:\ZSL\CNN\Test_TRIAL_DATASET_1-CLASS_1\pig\pig_10484.jpg,pig,rhinoceros,24,12,rhinoceros,"(['hippopotamus', 'humpback whale', 'raccoon', 'persian cat', 'seal'], [48.51, 40.93, 28.97, 23.56, 11.96])"
D:\ZSL\CNN\Test_TRIAL_DATASET_1-CLASS_1\pig\pig_10485.jpg,pig,siamese_cat,24,13,siamese cat,"(['persian cat', 'leopard', 'giant panda', 'raccoon', 'seal'], [95.16, 17.06, 6.12, -5.49, -8.13])"
D:\ZSL\CNN\Test_TRIAL_DATASET_1-CLASS_1\pig\pig_10486.jpg,pig,rhinoceros,24,12,rhinoceros,"(['hippopotamus', 'humpback whale', 'raccoon', 'persian cat', 'seal'], [48.51, 40.93, 28.97, 23.56, 11.96])"
D:\ZSL\CNN\Test_TRIAL_DATASET_1-CLASS_1\pig\pig_10487.jpg,pig,mouse,24,9,mouse,"(['rat', 'leopard', 'pig', 'raccoon', 'persian cat'], [84.74, 53.94, 16.24, -3.35, -10.14])"
D:\ZSL\CNN\Test_TRIAL_DATASET_1-CLASS_1\pig\pig_10488.jpg,pig,rhinoceros,24,12,rhinoceros,"(['hippopotamus', 'humpback whale', 'raccoon', 'persian cat', 'seal'], [48.51, 40.93, 28.97, 23.56, 11.96])"
D:\ZSL\CNN\Test_TRIAL_DATASET_1-CLASS_1\pig\pig_10489.jpg,pig,bear,24,0,bear,"(['giant panda', 'raccoon', 'seal', 'pig', 'humpback whale'], [49.72, 40.56, 19.3, 8.36, 0.21])"
D:\ZSL\CNN\Test_TRIAL_DATASET_1-CLASS_1\pig\pig_10490.jpg,pig,cow,24,3,cow,"(['pig', 'seal', 'humpback whale', 'raccoon', 'leopard'], [75.45, 24.43, 0.16, -1.32, -1.99])"
D:\ZSL\CNN\Test_TRIAL_DATASET_1-CLASS_1\pig\pig_10491.jpg,pig,skunk,24,14,skunk,"(['rat', 'raccoon', 'seal', 'pig', 'giant panda'], [62.36, 41.18, 24.96, 18.58, -0.51])"
D:\ZSL\CNN\Test_TRIAL_DATASET_1-CLASS_1\pig\pig_10492.jpg,pig,cow,24,3,cow,"(['pig', 'seal', 'humpback whale', 'raccoon', 'leopard'], [75.45, 24.43, 0.16, -1.32, -1.99])"
D:\ZSL\CNN\Test_TRIAL_DATASET_1-CLASS_1\pig\pig_10493.jpg,pig,mouse,24,9,mouse,"(['rat', 'leopard', 'pig', 'raccoon', 'persian cat'], [84.74, 53.94, 16.24, -3.35, -10.14])"
D:\ZSL\CNN\Test_TRIAL_DATASET_1-CLASS_1\pig\pig_10494.jpg,pig,siamese_cat,24,13,siamese cat,"(['persian cat', 'leopard', 'giant panda', 'raccoon', 'seal'], [95.16, 17.06, 6.12, -5.49, -8.13])"
D:\ZSL\CNN\Test_TRIAL_DATASET_1-CLASS_1\pig\pig_10495.jpg,pig,cow,24,3,cow,"(['pig', 'seal', 'humpback whale', 'raccoon', 'leopard'], [75.45, 24.43, 0.16, -1.32, -1.99])"
D:\ZSL\CNN\Test_TRIAL_DATASET_1-CLASS_1\pig\pig_10496.jpg,pig,cow,24,3,cow,"(['pig', 'seal', 'humpback whale', 'raccoon', 'leopard'], [75.45, 24.43, 0.16, -1.32, -1.99])"
D:\ZSL\CNN\Test_TRIAL_DATASET_1-CLASS_1\pig\pig_10497.jpg,pig,rhinoceros,24,12,rhinoceros,"(['hippopotamus', 'humpback whale', 'raccoon', 'persian cat', 'seal'], [48.51, 40.93, 28.97, 23.56, 11.96])"
D:\ZSL\CNN\Test_TRIAL_DATASET_1-CLASS_1\pig\pig_10498.jpg,pig,rhinoceros,24,12,rhinoceros,"(['hippopotamus', 'humpback whale', 'raccoon', 'persian cat', 'seal'], [48.51, 40.93, 28.97, 23.56, 11.96])"
D:\ZSL\CNN\Test_TRIAL_DATASET_1-CLASS_1\pig\pig_10499.jpg,pig,cow,24,3,cow,"(['pig', 'seal', 'humpback whale', 'raccoon', 'leopard'], [75.45, 24.43, 0.16, -1.32, -1.99])"
D:\ZSL\CNN\Test_TRIAL_DATASET_1-CLASS_1\pig\pig_10500.jpg,pig,cow,24,3,cow,"(['pig', 'seal', 'humpback whale', 'raccoon', 'leopard'], [75.45, 24.43, 0.16, -1.32, -1.99])"
D:\ZSL\CNN\Test_TRIAL_DATASET_1-CLASS_1\pig\pig_10501.jpg,pig,cow,24,3,cow,"(['pig', 'seal', 'humpback whale', 'raccoon', 'leopard'], [75.45, 24.43, 0.16, -1.32, -1.99])"
D:\ZSL\CNN\Test_TRIAL_DATASET_1-CLASS_1\pig\pig_10502.jpg,pig,cow,24,3,cow,"(['pig', 'seal', 'humpback whale', 'raccoon', 'leopard'], [75.45, 24.43, 0.16, -1.32, -1.99])"
D:\ZSL\CNN\Test_TRIAL_DATASET_1-CLASS_1\pig\pig_10503.jpg,pig,mouse,24,9,mouse,"(['rat', 'leopard', 'pig', 'raccoon', 'persian cat'], [84.74, 53.94, 16.24, -3.35, -10.14])"
D:\ZSL\CNN\Test_TRIAL_DATASET_1-CLASS_1\pig\pig_10504.jpg,pig,cow,24,3,cow,"(['pig', 'seal', 'humpback whale', 'raccoon', 'leopard'], [75.45, 24.43, 0.16, -1.32, -1.99])"
D:\ZSL\CNN\Test_TRIAL_DATASET_1-CLASS_1\pig\pig_10505.jpg,pig,cow,24,3,cow,"(['pig', 'seal', 'humpback whale', 'raccoon', 'leopard'], [75.45, 24.43, 0.16, -1.32, -1.99])"
D:\ZSL\CNN\Test_TRIAL_DATASET_1-CLASS_1\pig\pig_10506.jpg,pig,cow,24,3,cow,"(['pig', 'seal', 'humpback whale', 'raccoon', 'leopard'], [75.45, 24.43, 0.16, -1.32, -1.99])"
D:\ZSL\CNN\Test_TRIAL_DATASET_1-CLASS_1\pig\pig_10507.jpg,pig,rhinoceros,24,12,rhinoceros,"(['hippopotamus', 'humpback whale', 'raccoon', 'persian cat', 'seal'], [48.51, 40.93, 28.97, 23.56, 11.96])"
D:\ZSL\CNN\Test_TRIAL_DATASET_1-CLASS_1\pig\pig_10508.jpg,pig,cow,24,3,cow,"(['pig', 'seal', 'humpback whale', 'raccoon', 'leopard'], [75.45, 24.43, 0.16, -1.32, -1.99])"
D:\ZSL\CNN\Test_TRIAL_DATASET_1-CLASS_1\pig\pig_10509.jpg,pig,rhinoceros,24,12,rhinoceros,"(['hippopotamus', 'humpback whale', 'raccoon', 'persian cat', 'seal'], [48.51, 40.93, 28.97, 23.56, 11.96])"
D:\ZSL\CNN\Test_TRIAL_DATASET_1-CLASS_1\pig\pig_10510.jpg,pig,cow,24,3,cow,"(['pig', 'seal', 'humpback whale', 'raccoon', 'leopard'], [75.45, 24.43, 0.16, -1.32, -1.99])"
D:\ZSL\CNN\Test_TRIAL_DATASET_1-CLASS_1\pig\pig_10511.jpg,pig,rhinoceros,24,12,rhinoceros,"(['hippopotamus', 'humpback whale', 'raccoon', 'persian cat', 'seal'], [48.51, 40.93, 28.97, 23.56, 11.96])"
D:\ZSL\CNN\Test_TRIAL_DATASET_1-CLASS_1\pig\pig_10512.jpg,pig,rhinoceros,24,12,rhinoceros,"(['hippopotamus', 'humpback whale', 'raccoon', 'persian cat', 'seal'], [48.51, 40.93, 28.97, 23.56, 11.96])"
D:\ZSL\CNN\Test_TRIAL_DATASET_1-CLASS_1\pig\pig_10513.jpg,pig,rhinoceros,24,12,rhinoceros,"(['hippopotamus', 'humpback whale', 'raccoon', 'persian cat', 'seal'], [48.51, 40.93, 28.97, 23.56, 11.96])"
D:\ZSL\CNN\Test_TRIAL_DATASET_1-CLASS_1\pig\pig_10514.jpg,pig,rhinoceros,24,12,rhinoceros,"(['hippopotamus', 'humpback whale', 'raccoon', 'persian cat', 'seal'], [48.51, 40.93, 28.97, 23.56, 11.96])"
D:\ZSL\CNN\Test_TRIAL_DATASET_1-CLASS_1\pig\pig_10515.jpg,pig,rhinoceros,24,12,rhinoceros,"(['hippopotamus', 'humpback whale', 'raccoon', 'persian cat', 'seal'], [48.51, 40.93, 28.97, 23.56, 11.96])"
D:\ZSL\CNN\Test_TRIAL_DATASET_1-CLASS_1\pig\pig_10516.jpg,pig,cow,24,3,cow,"(['pig', 'seal', 'humpback whale', 'raccoon', 'leopard'], [75.45, 24.43, 0.16, -1.32, -1.99])"
D:\ZSL\CNN\Test_TRIAL_DATASET_1-CLASS_1\pig\pig_10517.jpg,pig,rabbit,24,11,rabbit,"(['pig', 'rat', 'giant panda', 'raccoon', 'leopard'], [65.11, 46.21, 18.84, 14.3, -5.72])"
D:\ZSL\CNN\Test_TRIAL_DATASET_1-CLASS_1\pig\pig_10518.jpg,pig,mouse,24,9,mouse,"(['rat', 'leopard', 'pig', 'raccoon', 'persian cat'], [84.74, 53.94, 16.24, -3.35, -10.14])"
D:\ZSL\CNN\Test_TRIAL_DATASET_1-CLASS_1\pig\pig_10519.jpg,pig,mouse,24,9,mouse,"(['rat', 'leopard', 'pig', 'raccoon', 'persian cat'], [84.74, 53.94, 16.24, -3.35, -10.14])"
D:\ZSL\CNN\Test_TRIAL_DATASET_1-CLASS_1\pig\pig_10520.jpg,pig,mouse,24,9,mouse,"(['rat', 'leopard', 'pig', 'raccoon', 'persian cat'], [84.74, 53.94, 16.24, -3.35, -10.14])"
D:\ZSL\CNN\Test_TRIAL_DATASET_1-CLASS_1\pig\pig_10521.jpg,pig,siamese_cat,24,13,siamese cat,"(['persian cat', 'leopard', 'giant panda', 'raccoon', 'seal'], [95.16, 17.06, 6.12, -5.49, -8.13])"
D:\ZSL\CNN\Test_TRIAL_DATASET_1-CLASS_1\pig\pig_10522.jpg,pig,cow,24,3,cow,"(['pig', 'seal', 'humpback whale', 'raccoon', 'leopard'], [75.45, 24.43, 0.16, -1.32, -1.99])"
D:\ZSL\CNN\Test_TRIAL_DATASET_1-CLASS_1\pig\pig_10523.jpg,pig,mouse,24,9,mouse,"(['rat', 'leopard', 'pig', 'raccoon', 'persian cat'], [84.74, 53.94, 16.24, -3.35, -10.14])"
D:\ZSL\CNN\Test_TRIAL_DATASET_1-CLASS_1\pig\pig_10524.jpg,pig,cow,24,3,cow,"(['pig', 'seal', 'humpback whale', 'raccoon', 'leopard'], [75.45, 24.43, 0.16, -1.32, -1.99])"
D:\ZSL\CNN\Test_TRIAL_DATASET_1-CLASS_1\pig\pig_10525.jpg,pig,mouse,24,9,mouse,"(['rat', 'leopard', 'pig', 'raccoon', 'persian cat'], [84.74, 53.94, 16.24, -3.35, -10.14])"
D:\ZSL\CNN\Test_TRIAL_DATASET_1-CLASS_1\pig\pig_10526.jpg,pig,siamese_cat,24,13,siamese cat,"(['persian cat', 'leopard', 'giant panda', 'raccoon', 'seal'], [95.16, 17.06, 6.12, -5.49, -8.13])"
D:\ZSL\CNN\Test_TRIAL_DATASET_1-CLASS_1\pig\pig_10527.jpg,pig,mouse,24,9,mouse,"(['rat', 'leopard', 'pig', 'raccoon', 'persian cat'], [84.74, 53.94, 16.24, -3.35, -10.14])"
D:\ZSL\CNN\Test_TRIAL_DATASET_1-CLASS_1\pig\pig_10528.jpg,pig,mouse,24,9,mouse,"(['rat', 'leopard', 'pig', 'raccoon', 'persian cat'], [84.74, 53.94, 16.24, -3.35, -10.14])"
D:\ZSL\CNN\Test_TRIAL_DATASET_1-CLASS_1\pig\pig_10529.jpg,pig,skunk,24,14,skunk,"(['rat', 'raccoon', 'seal', 'pig', 'giant panda'], [62.36, 41.18, 24.96, 18.58, -0.51])"
D:\ZSL\CNN\Test_TRIAL_DATASET_1-CLASS_1\pig\pig_10530.jpg,pig,rhinoceros,24,12,rhinoceros,"(['hippopotamus', 'humpback whale', 'raccoon', 'persian cat', 'seal'], [48.51, 40.93, 28.97, 23.56, 11.96])"
D:\ZSL\CNN\Test_TRIAL_DATASET_1-CLASS_1\pig\pig_10531.jpg,pig,rhinoceros,24,12,rhinoceros,"(['hippopotamus', 'humpback whale', 'raccoon', 'persian cat', 'seal'], [48.51, 40.93, 28.97, 23.56, 11.96])"
D:\ZSL\CNN\Test_TRIAL_DATASET_1-CLASS_1\pig\pig_10532.jpg,pig,cow,24,3,cow,"(['pig', 'seal', 'humpback whale', 'raccoon', 'leopard'], [75.45, 24.43, 0.16, -1.32, -1.99])"
D:\ZSL\CNN\Test_TRIAL_DATASET_1-CLASS_1\pig\pig_10533.jpg,pig,rhinoceros,24,12,rhinoceros,"(['hippopotamus', 'humpback whale', 'raccoon', 'persian cat', 'seal'], [48.51, 40.93, 28.97, 23.56, 11.96])"
D:\ZSL\CNN\Test_TRIAL_DATASET_1-CLASS_1\pig\pig_10534.jpg,pig,cow,24,3,cow,"(['pig', 'seal', 'humpback whale', 'raccoon', 'leopard'], [75.45, 24.43, 0.16, -1.32, -1.99])"
D:\ZSL\CNN\Test_TRIAL_DATASET_1-CLASS_1\pig\pig_10535.jpg,pig,rhinoceros,24,12,rhinoceros,"(['hippopotamus', 'humpback whale', 'raccoon', 'persian cat', 'seal'], [48.51, 40.93, 28.97, 23.56, 11.96])"
D:\ZSL\CNN\Test_TRIAL_DATASET_1-CLASS_1\pig\pig_10536.jpg,pig,cow,24,3,cow,"(['pig', 'seal', 'humpback whale', 'raccoon', 'leopard'], [75.45, 24.43, 0.16, -1.32, -1.99])"
D:\ZSL\CNN\Test_TRIAL_DATASET_1-CLASS_1\pig\pig_10537.jpg,pig,rhinoceros,24,12,rhinoceros,"(['hippopotamus', 'humpback whale', 'raccoon', 'persian cat', 'seal'], [48.51, 40.93, 28.97, 23.56, 11.96])"
D:\ZSL\CNN\Test_TRIAL_DATASET_1-CLASS_1\pig\pig_10538.jpg,pig,mouse,24,9,mouse,"(['rat', 'leopard', 'pig', 'raccoon', 'persian cat'], [84.74, 53.94, 16.24, -3.35, -10.14])"
D:\ZSL\CNN\Test_TRIAL_DATASET_1-CLASS_1\pig\pig_10539.jpg,pig,walrus,24,17,walrus,"(['humpback whale', 'pig', 'seal', 'hippopotamus', 'giant panda'], [49.61, 33.32, 21.44, 14.39, 6.44])"
D:\ZSL\CNN\Test_TRIAL_DATASET_1-CLASS_1\pig\pig_10540.jpg,pig,cow,24,3,cow,"(['pig', 'seal', 'humpback whale', 'raccoon', 'leopard'], [75.45, 24.43, 0.16, -1.32, -1.99])"
D:\ZSL\CNN\Test_TRIAL_DATASET_1-CLASS_1\pig\pig_10541.jpg,pig,cow,24,3,cow,"(['pig', 'seal', 'humpback whale', 'raccoon', 'leopard'], [75.45, 24.43, 0.16, -1.32, -1.99])"
D:\ZSL\CNN\Test_TRIAL_DATASET_1-CLASS_1\pig\pig_10542.jpg,pig,mouse,24,9,mouse,"(['rat', 'leopard', 'pig', 'raccoon', 'persian cat'], [84.74, 53.94, 16.24, -3.35, -10.14])"
D:\ZSL\CNN\Test_TRIAL_DATASET_1-CLASS_1\pig\pig_10543.jpg,pig,cow,24,3,cow,"(['pig', 'seal', 'humpback whale', 'raccoon', 'leopard'], [75.45, 24.43, 0.16, -1.32, -1.99])"
D:\ZSL\CNN\Test_TRIAL_DATASET_1-CLASS_1\pig\pig_10544.jpg,pig,cow,24,3,cow,"(['pig', 'seal', 'humpback whale', 'raccoon', 'leopard'], [75.45, 24.43, 0.16, -1.32, -1.99])"
D:\ZSL\CNN\Test_TRIAL_DATASET_1-CLASS_1\pig\pig_10545.jpg,pig,skunk,24,14,skunk,"(['rat', 'raccoon', 'seal', 'pig', 'giant panda'], [62.36, 41.18, 24.96, 18.58, -0.51])"
D:\ZSL\CNN\Test_TRIAL_DATASET_1-CLASS_1\pig\pig_10546.jpg,pig,mouse,24,9,mouse,"(['rat', 'leopard', 'pig', 'raccoon', 'persian cat'], [84.74, 53.94, 16.24, -3.35, -10.14])"
D:\ZSL\CNN\Test_TRIAL_DATASET_1-CLASS_1\pig\pig_10547.jpg,pig,walrus,24,17,walrus,"(['humpback whale', 'pig', 'seal', 'hippopotamus', 'giant panda'], [49.61, 33.32, 21.44, 14.39, 6.44])"
D:\ZSL\CNN\Test_TRIAL_DATASET_1-CLASS_1\pig\pig_10548.jpg,pig,mouse,24,9,mouse,"(['rat', 'leopard', 'pig', 'raccoon', 'persian cat'], [84.74, 53.94, 16.24, -3.35, -10.14])"
D:\ZSL\CNN\Test_TRIAL_DATASET_1-CLASS_1\pig\pig_10549.jpg,pig,walrus,24,17,walrus,"(['humpback whale', 'pig', 'seal', 'hippopotamus', 'giant panda'], [49.61, 33.32, 21.44, 14.39, 6.44])"
D:\ZSL\CNN\Test_TRIAL_DATASET_1-CLASS_1\pig\pig_10550.jpg,pig,ox,24,10,ox,"(['seal', 'pig', 'rat', 'persian cat', 'leopard'], [71.8, 45.11, 24.89, 0.23, -2.79])"
D:\ZSL\CNN\Test_TRIAL_DATASET_1-CLASS_1\pig\pig_10551.jpg,pig,cow,24,3,cow,"(['pig', 'seal', 'humpback whale', 'raccoon', 'leopard'], [75.45, 24.43, 0.16, -1.32, -1.99])"
D:\ZSL\CNN\Test_TRIAL_DATASET_1-CLASS_1\pig\pig_10552.jpg,pig,mouse,24,9,mouse,"(['rat', 'leopard', 'pig', 'raccoon', 'persian cat'], [84.74, 53.94, 16.24, -3.35, -10.14])"
D:\ZSL\CNN\Test_TRIAL_DATASET_1-CLASS_1\pig\pig_10553.jpg,pig,cow,24,3,cow,"(['pig', 'seal', 'humpback whale', 'raccoon', 'leopard'], [75.45, 24.43, 0.16, -1.32, -1.99])"
D:\ZSL\CNN\Test_TRIAL_DATASET_1-CLASS_1\pig\pig_10554.jpg,pig,mouse,24,9,mouse,"(['rat', 'leopard', 'pig', 'raccoon', 'persian cat'], [84.74, 53.94, 16.24, -3.35, -10.14])"
D:\ZSL\CNN\Test_TRIAL_DATASET_1-CLASS_1\pig\pig_10555.jpg,pig,mouse,24,9,mouse,"(['rat', 'leopard', 'pig', 'raccoon', 'persian cat'], [84.74, 53.94, 16.24, -3.35, -10.14])"
D:\ZSL\CNN\Test_TRIAL_DATASET_1-CLASS_1\pig\pig_10556.jpg,pig,cow,24,3,cow,"(['pig', 'seal', 'humpback whale', 'raccoon', 'leopard'], [75.45, 24.43, 0.16, -1.32, -1.99])"
D:\ZSL\CNN\Test_TRIAL_DATASET_1-CLASS_1\pig\pig_10557.jpg,pig,cow,24,3,cow,"(['pig', 'seal', 'humpback whale', 'raccoon', 'leopard'], [75.45, 24.43, 0.16, -1.32, -1.99])"
D:\ZSL\CNN\Test_TRIAL_DATASET_1-CLASS_1\pig\pig_10558.jpg,pig,walrus,24,17,walrus,"(['humpback whale', 'pig', 'seal', 'hippopotamus', 'giant panda'], [49.61, 33.32, 21.44, 14.39, 6.44])"
D:\ZSL\CNN\Test_TRIAL_DATASET_1-CLASS_1\pig\pig_10559.jpg,pig,walrus,24,17,walrus,"(['humpback whale', 'pig', 'seal', 'hippopotamus', 'giant panda'], [49.61, 33.32, 21.44, 14.39, 6.44])"
D:\ZSL\CNN\Test_TRIAL_DATASET_1-CLASS_1\pig\pig_10560.jpg,pig,rhinoceros,24,12,rhinoceros,"(['hippopotamus', 'humpback whale', 'raccoon', 'persian cat', 'seal'], [48.51, 40.93, 28.97, 23.56, 11.96])"
D:\ZSL\CNN\Test_TRIAL_DATASET_1-CLASS_1\pig\pig_10561.jpg,pig,cow,24,3,cow,"(['pig', 'seal', 'humpback whale', 'raccoon', 'leopard'], [75.45, 24.43, 0.16, -1.32, -1.99])"
D:\ZSL\CNN\Test_TRIAL_DATASET_1-CLASS_1\pig\pig_10562.jpg,pig,rhinoceros,24,12,rhinoceros,"(['hippopotamus', 'humpback whale', 'raccoon', 'persian cat', 'seal'], [48.51, 40.93, 28.97, 23.56, 11.96])"
D:\ZSL\CNN\Test_TRIAL_DATASET_1-CLASS_1\pig\pig_10563.jpg,pig,cow,24,3,cow,"(['pig', 'seal', 'humpback whale', 'raccoon', 'leopard'], [75.45, 24.43, 0.16, -1.32, -1.99])"
D:\ZSL\CNN\Test_TRIAL_DATASET_1-CLASS_1\pig\pig_10564.jpg,pig,mouse,24,9,mouse,"(['rat', 'leopard', 'pig', 'raccoon', 'persian cat'], [84.74, 53.94, 16.24, -3.35, -10.14])"
D:\ZSL\CNN\Test_TRIAL_DATASET_1-CLASS_1\pig\pig_10565.jpg,pig,cow,24,3,cow,"(['pig', 'seal', 'humpback whale', 'raccoon', 'leopard'], [75.45, 24.43, 0.16, -1.32, -1.99])"
D:\ZSL\CNN\Test_TRIAL_DATASET_1-CLASS_1\pig\pig_10566.jpg,pig,cow,24,3,cow,"(['pig', 'seal', 'humpback whale', 'raccoon', 'leopard'], [75.45, 24.43, 0.16, -1.32, -1.99])"
D:\ZSL\CNN\Test_TRIAL_DATASET_1-CLASS_1\pig\pig_10567.jpg,pig,mouse,24,9,mouse,"(['rat', 'leopard', 'pig', 'raccoon', 'persian cat'], [84.74, 53.94, 16.24, -3.35, -10.14])"
D:\ZSL\CNN\Test_TRIAL_DATASET_1-CLASS_1\pig\pig_10568.jpg,pig,cow,24,3,cow,"(['pig', 'seal', 'humpback whale', 'raccoon', 'leopard'], [75.45, 24.43, 0.16, -1.32, -1.99])"
D:\ZSL\CNN\Test_TRIAL_DATASET_1-CLASS_1\pig\pig_10569.jpg,pig,cow,24,3,cow,"(['pig', 'seal', 'humpback whale', 'raccoon', 'leopard'], [75.45, 24.43, 0.16, -1.32, -1.99])"
D:\ZSL\CNN\Test_TRIAL_DATASET_1-CLASS_1\pig\pig_10570.jpg,pig,ox,24,10,ox,"(['seal', 'pig', 'rat', 'persian cat', 'leopard'], [71.8, 45.11, 24.89, 0.23, -2.79])"
D:\ZSL\CNN\Test_TRIAL_DATASET_1-CLASS_1\pig\pig_10571.jpg,pig,cow,24,3,cow,"(['pig', 'seal', 'humpback whale', 'raccoon', 'leopard'], [75.45, 24.43, 0.16, -1.32, -1.99])"
D:\ZSL\CNN\Test_TRIAL_DATASET_1-CLASS_1\pig\pig_10572.jpg,pig,cow,24,3,cow,"(['pig', 'seal', 'humpback whale', 'raccoon', 'leopard'], [75.45, 24.43, 0.16, -1.32, -1.99])"
D:\ZSL\CNN\Test_TRIAL_DATASET_1-CLASS_1\pig\pig_10573.jpg,pig,cow,24,3,cow,"(['pig', 'seal', 'humpback whale', 'raccoon', 'leopard'], [75.45, 24.43, 0.16, -1.32, -1.99])"
D:\ZSL\CNN\Test_TRIAL_DATASET_1-CLASS_1\pig\pig_10574.jpg,pig,cow,24,3,cow,"(['pig', 'seal', 'humpback whale', 'raccoon', 'leopard'], [75.45, 24.43, 0.16, -1.32, -1.99])"
D:\ZSL\CNN\Test_TRIAL_DATASET_1-CLASS_1\pig\pig_10575.jpg,pig,mouse,24,9,mouse,"(['rat', 'leopard', 'pig', 'raccoon', 'persian cat'], [84.74, 53.94, 16.24, -3.35, -10.14])"
D:\ZSL\CNN\Test_TRIAL_DATASET_1-CLASS_1\pig\pig_10576.jpg,pig,mouse,24,9,mouse,"(['rat', 'leopard', 'pig', 'raccoon', 'persian cat'], [84.74, 53.94, 16.24, -3.35, -10.14])"
D:\ZSL\CNN\Test_TRIAL_DATASET_1-CLASS_1\pig\pig_10577.jpg,pig,rhinoceros,24,12,rhinoceros,"(['hippopotamus', 'humpback whale', 'raccoon', 'persian cat', 'seal'], [48.51, 40.93, 28.97, 23.56, 11.96])"
D:\ZSL\CNN\Test_TRIAL_DATASET_1-CLASS_1\pig\pig_10578.jpg,pig,rhinoceros,24,12,rhinoceros,"(['hippopotamus', 'humpback whale', 'raccoon', 'persian cat', 'seal'], [48.51, 40.93, 28.97, 23.56, 11.96])"
D:\ZSL\CNN\Test_TRIAL_DATASET_1-CLASS_1\pig\pig_10579.jpg,pig,rhinoceros,24,12,rhinoceros,"(['hippopotamus', 'humpback whale', 'raccoon', 'persian cat', 'seal'], [48.51, 40.93, 28.97, 23.56, 11.96])"
D:\ZSL\CNN\Test_TRIAL_DATASET_1-CLASS_1\pig\pig_10580.jpg,pig,cow,24,3,cow,"(['pig', 'seal', 'humpback whale', 'raccoon', 'leopard'], [75.45, 24.43, 0.16, -1.32, -1.99])"
D:\ZSL\CNN\Test_TRIAL_DATASET_1-CLASS_1\pig\pig_10581.jpg,pig,rhinoceros,24,12,rhinoceros,"(['hippopotamus', 'humpback whale', 'raccoon', 'persian cat', 'seal'], [48.51, 40.93, 28.97, 23.56, 11.96])"
D:\ZSL\CNN\Test_TRIAL_DATASET_1-CLASS_1\pig\pig_10582.jpg,pig,mouse,24,9,mouse,"(['rat', 'leopard', 'pig', 'raccoon', 'persian cat'], [84.74, 53.94, 16.24, -3.35, -10.14])"
D:\ZSL\CNN\Test_TRIAL_DATASET_1-CLASS_1\pig\pig_10583.jpg,pig,rhinoceros,24,12,rhinoceros,"(['hippopotamus', 'humpback whale', 'raccoon', 'persian cat', 'seal'], [48.51, 40.93, 28.97, 23.56, 11.96])"
D:\ZSL\CNN\Test_TRIAL_DATASET_1-CLASS_1\pig\pig_10584.jpg,pig,lion,24,7,lion,"(['leopard', 'pig', 'persian cat', 'seal', 'rat'], [88.04, 15.11, 8.32, 2.8, 0.79])"
D:\ZSL\CNN\Test_TRIAL_DATASET_1-CLASS_1\pig\pig_10585.jpg,pig,rhinoceros,24,12,rhinoceros,"(['hippopotamus', 'humpback whale', 'raccoon', 'persian cat', 'seal'], [48.51, 40.93, 28.97, 23.56, 11.96])"
D:\ZSL\CNN\Test_TRIAL_DATASET_1-CLASS_1\pig\pig_10586.jpg,pig,cow,24,3,cow,"(['pig', 'seal', 'humpback whale', 'raccoon', 'leopard'], [75.45, 24.43, 0.16, -1.32, -1.99])"
D:\ZSL\CNN\Test_TRIAL_DATASET_1-CLASS_1\pig\pig_10587.jpg,pig,cow,24,3,cow,"(['pig', 'seal', 'humpback whale', 'raccoon', 'leopard'], [75.45, 24.43, 0.16, -1.32, -1.99])"
D:\ZSL\CNN\Test_TRIAL_DATASET_1-CLASS_1\pig\pig_10588.jpg,pig,rhinoceros,24,12,rhinoceros,"(['hippopotamus', 'humpback whale', 'raccoon', 'persian cat', 'seal'], [48.51, 40.93, 28.97, 23.56, 11.96])"
D:\ZSL\CNN\Test_TRIAL_DATASET_1-CLASS_1\pig\pig_10589.jpg,pig,mouse,24,9,mouse,"(['rat', 'leopard', 'pig', 'raccoon', 'persian cat'], [84.74, 53.94, 16.24, -3.35, -10.14])"
D:\ZSL\CNN\Test_TRIAL_DATASET_1-CLASS_1\pig\pig_10590.jpg,pig,walrus,24,17,walrus,"(['humpback whale', 'pig', 'seal', 'hippopotamus', 'giant panda'], [49.61, 33.32, 21.44, 14.39, 6.44])"
D:\ZSL\CNN\Test_TRIAL_DATASET_1-CLASS_1\pig\pig_10591.jpg,pig,rhinoceros,24,12,rhinoceros,"(['hippopotamus', 'humpback whale', 'raccoon', 'persian cat', 'seal'], [48.51, 40.93, 28.97, 23.56, 11.96])"
D:\ZSL\CNN\Test_TRIAL_DATASET_1-CLASS_1\pig\pig_10592.jpg,pig,rhinoceros,24,12,rhinoceros,"(['hippopotamus', 'humpback whale', 'raccoon', 'persian cat', 'seal'], [48.51, 40.93, 28.97, 23.56, 11.96])"
D:\ZSL\CNN\Test_TRIAL_DATASET_1-CLASS_1\pig\pig_10593.jpg,pig,cow,24,3,cow,"(['pig', 'seal', 'humpback whale', 'raccoon', 'leopard'], [75.45, 24.43, 0.16, -1.32, -1.99])"
D:\ZSL\CNN\Test_TRIAL_DATASET_1-CLASS_1\pig\pig_10594.jpg,pig,cow,24,3,cow,"(['pig', 'seal', 'humpback whale', 'raccoon', 'leopard'], [75.45, 24.43, 0.16, -1.32, -1.99])"
D:\ZSL\CNN\Test_TRIAL_DATASET_1-CLASS_1\pig\pig_10595.jpg,pig,rhinoceros,24,12,rhinoceros,"(['hippopotamus', 'humpback whale', 'raccoon', 'persian cat', 'seal'], [48.51, 40.93, 28.97, 23.56, 11.96])"
D:\ZSL\CNN\Test_TRIAL_DATASET_1-CLASS_1\pig\pig_10596.jpg,pig,cow,24,3,cow,"(['pig', 'seal', 'humpback whale', 'raccoon', 'leopard'], [75.45, 24.43, 0.16, -1.32, -1.99])"
D:\ZSL\CNN\Test_TRIAL_DATASET_1-CLASS_1\pig\pig_10597.jpg,pig,mouse,24,9,mouse,"(['rat', 'leopard', 'pig', 'raccoon', 'persian cat'], [84.74, 53.94, 16.24, -3.35, -10.14])"
D:\ZSL\CNN\Test_TRIAL_DATASET_1-CLASS_1\pig\pig_10598.jpg,pig,rhinoceros,24,12,rhinoceros,"(['hippopotamus', 'humpback whale', 'raccoon', 'persian cat', 'seal'], [48.51, 40.93, 28.97, 23.56, 11.96])"
D:\ZSL\CNN\Test_TRIAL_DATASET_1-CLASS_1\pig\pig_10599.jpg,pig,mouse,24,9,mouse,"(['rat', 'leopard', 'pig', 'raccoon', 'persian cat'], [84.74, 53.94, 16.24, -3.35, -10.14])"
D:\ZSL\CNN\Test_TRIAL_DATASET_1-CLASS_1\pig\pig_10600.jpg,pig,cow,24,3,cow,"(['pig', 'seal', 'humpback whale', 'raccoon', 'leopard'], [75.45, 24.43, 0.16, -1.32, -1.99])"
D:\ZSL\CNN\Test_TRIAL_DATASET_1-CLASS_1\pig\pig_10601.jpg,pig,rhinoceros,24,12,rhinoceros,"(['hippopotamus', 'humpback whale', 'raccoon', 'persian cat', 'seal'], [48.51, 40.93, 28.97, 23.56, 11.96])"
D:\ZSL\CNN\Test_TRIAL_DATASET_1-CLASS_1\pig\pig_10602.jpg,pig,cow,24,3,cow,"(['pig', 'seal', 'humpback whale', 'raccoon', 'leopard'], [75.45, 24.43, 0.16, -1.32, -1.99])"
D:\ZSL\CNN\Test_TRIAL_DATASET_1-CLASS_1\pig\pig_10603.jpg,pig,mouse,24,9,mouse,"(['rat', 'leopard', 'pig', 'raccoon', 'persian cat'], [84.74, 53.94, 16.24, -3.35, -10.14])"
D:\ZSL\CNN\Test_TRIAL_DATASET_1-CLASS_1\pig\pig_10604.jpg,pig,walrus,24,17,walrus,"(['humpback whale', 'pig', 'seal', 'hippopotamus', 'giant panda'], [49.61, 33.32, 21.44, 14.39, 6.44])"
D:\ZSL\CNN\Test_TRIAL_DATASET_1-CLASS_1\pig\pig_10605.jpg,pig,cow,24,3,cow,"(['pig', 'seal', 'humpback whale', 'raccoon', 'leopard'], [75.45, 24.43, 0.16, -1.32, -1.99])"
D:\ZSL\CNN\Test_TRIAL_DATASET_1-CLASS_1\pig\pig_10606.jpg,pig,cow,24,3,cow,"(['pig', 'seal', 'humpback whale', 'raccoon', 'leopard'], [75.45, 24.43, 0.16, -1.32, -1.99])"
D:\ZSL\CNN\Test_TRIAL_DATASET_1-CLASS_1\pig\pig_10607.jpg,pig,bobcat,24,2,bobcat,"(['raccoon', 'persian cat', 'humpback whale', 'leopard', 'giant panda'], [59.41, 32.03, 16.81, 10.53, 3.26])"
D:\ZSL\CNN\Test_TRIAL_DATASET_1-CLASS_1\pig\pig_10608.jpg,pig,cow,24,3,cow,"(['pig', 'seal', 'humpback whale', 'raccoon', 'leopard'], [75.45, 24.43, 0.16, -1.32, -1.99])"
D:\ZSL\CNN\Test_TRIAL_DATASET_1-CLASS_1\pig\pig_10609.jpg,pig,siamese_cat,24,13,siamese cat,"(['persian cat', 'leopard', 'giant panda', 'raccoon', 'seal'], [95.16, 17.06, 6.12, -5.49, -8.13])"
D:\ZSL\CNN\Test_TRIAL_DATASET_1-CLASS_1\pig\pig_10610.jpg,pig,rhinoceros,24,12,rhinoceros,"(['hippopotamus', 'humpback whale', 'raccoon', 'persian cat', 'seal'], [48.51, 40.93, 28.97, 23.56, 11.96])"
D:\ZSL\CNN\Test_TRIAL_DATASET_1-CLASS_1\pig\pig_10611.jpg,pig,mouse,24,9,mouse,"(['rat', 'leopard', 'pig', 'raccoon', 'persian cat'], [84.74, 53.94, 16.24, -3.35, -10.14])"
D:\ZSL\CNN\Test_TRIAL_DATASET_1-CLASS_1\pig\pig_10612.jpg,pig,cow,24,3,cow,"(['pig', 'seal', 'humpback whale', 'raccoon', 'leopard'], [75.45, 24.43, 0.16, -1.32, -1.99])"
D:\ZSL\CNN\Test_TRIAL_DATASET_1-CLASS_1\pig\pig_10613.jpg,pig,mouse,24,9,mouse,"(['rat', 'leopard', 'pig', 'raccoon', 'persian cat'], [84.74, 53.94, 16.24, -3.35, -10.14])"
D:\ZSL\CNN\Test_TRIAL_DATASET_1-CLASS_1\pig\pig_10614.jpg,pig,rhinoceros,24,12,rhinoceros,"(['hippopotamus', 'humpback whale', 'raccoon', 'persian cat', 'seal'], [48.51, 40.93, 28.97, 23.56, 11.96])"
D:\ZSL\CNN\Test_TRIAL_DATASET_1-CLASS_1\pig\pig_10615.jpg,pig,mouse,24,9,mouse,"(['rat', 'leopard', 'pig', 'raccoon', 'persian cat'], [84.74, 53.94, 16.24, -3.35, -10.14])"
D:\ZSL\CNN\Test_TRIAL_DATASET_1-CLASS_1\pig\pig_10616.jpg,pig,cow,24,3,cow,"(['pig', 'seal', 'humpback whale', 'raccoon', 'leopard'], [75.45, 24.43, 0.16, -1.32, -1.99])"
D:\ZSL\CNN\Test_TRIAL_DATASET_1-CLASS_1\pig\pig_10617.jpg,pig,rhinoceros,24,12,rhinoceros,"(['hippopotamus', 'humpback whale', 'raccoon', 'persian cat', 'seal'], [48.51, 40.93, 28.97, 23.56, 11.96])"
D:\ZSL\CNN\Test_TRIAL_DATASET_1-CLASS_1\pig\pig_10618.jpg,pig,walrus,24,17,walrus,"(['humpback whale', 'pig', 'seal', 'hippopotamus', 'giant panda'], [49.61, 33.32, 21.44, 14.39, 6.44])"
D:\ZSL\CNN\Test_TRIAL_DATASET_1-CLASS_1\pig\pig_10619.jpg,pig,mouse,24,9,mouse,"(['rat', 'leopard', 'pig', 'raccoon', 'persian cat'], [84.74, 53.94, 16.24, -3.35, -10.14])"
D:\ZSL\CNN\Test_TRIAL_DATASET_1-CLASS_1\pig\pig_10620.jpg,pig,cow,24,3,cow,"(['pig', 'seal', 'humpback whale', 'raccoon', 'leopard'], [75.45, 24.43, 0.16, -1.32, -1.99])"
D:\ZSL\CNN\Test_TRIAL_DATASET_1-CLASS_1\pig\pig_10621.jpg,pig,mouse,24,9,mouse,"(['rat', 'leopard', 'pig', 'raccoon', 'persian cat'], [84.74, 53.94, 16.24, -3.35, -10.14])"
D:\ZSL\CNN\Test_TRIAL_DATASET_1-CLASS_1\pig\pig_10622.jpg,pig,cow,24,3,cow,"(['pig', 'seal', 'humpback whale', 'raccoon', 'leopard'], [75.45, 24.43, 0.16, -1.32, -1.99])"
D:\ZSL\CNN\Test_TRIAL_DATASET_1-CLASS_1\pig\pig_10623.jpg,pig,siamese_cat,24,13,siamese cat,"(['persian cat', 'leopard', 'giant panda', 'raccoon', 'seal'], [95.16, 17.06, 6.12, -5.49, -8.13])"
D:\ZSL\CNN\Test_TRIAL_DATASET_1-CLASS_1\pig\pig_10624.jpg,pig,cow,24,3,cow,"(['pig', 'seal', 'humpback whale', 'raccoon', 'leopard'], [75.45, 24.43, 0.16, -1.32, -1.99])"
D:\ZSL\CNN\Test_TRIAL_DATASET_1-CLASS_1\pig\pig_10625.jpg,pig,rhinoceros,24,12,rhinoceros,"(['hippopotamus', 'humpback whale', 'raccoon', 'persian cat', 'seal'], [48.51, 40.93, 28.97, 23.56, 11.96])"
D:\ZSL\CNN\Test_TRIAL_DATASET_1-CLASS_1\pig\pig_10626.jpg,pig,mouse,24,9,mouse,"(['rat', 'leopard', 'pig', 'raccoon', 'persian cat'], [84.74, 53.94, 16.24, -3.35, -10.14])"
D:\ZSL\CNN\Test_TRIAL_DATASET_1-CLASS_1\pig\pig_10627.jpg,pig,cow,24,3,cow,"(['pig', 'seal', 'humpback whale', 'raccoon', 'leopard'], [75.45, 24.43, 0.16, -1.32, -1.99])"
D:\ZSL\CNN\Test_TRIAL_DATASET_1-CLASS_1\pig\pig_10628.jpg,pig,cow,24,3,cow,"(['pig', 'seal', 'humpback whale', 'raccoon', 'leopard'], [75.45, 24.43, 0.16, -1.32, -1.99])"
D:\ZSL\CNN\Test_TRIAL_DATASET_1-CLASS_1\pig\pig_10629.jpg,pig,cow,24,3,cow,"(['pig', 'seal', 'humpback whale', 'raccoon', 'leopard'], [75.45, 24.43, 0.16, -1.32, -1.99])"
D:\ZSL\CNN\Test_TRIAL_DATASET_1-CLASS_1\pig\pig_10630.jpg,pig,rhinoceros,24,12,rhinoceros,"(['hippopotamus', 'humpback whale', 'raccoon', 'persian cat', 'seal'], [48.51, 40.93, 28.97, 23.56, 11.96])"
D:\ZSL\CNN\Test_TRIAL_DATASET_1-CLASS_1\pig\pig_10631.jpg,pig,siamese_cat,24,13,siamese cat,"(['persian cat', 'leopard', 'giant panda', 'raccoon', 'seal'], [95.16, 17.06, 6.12, -5.49, -8.13])"
D:\ZSL\CNN\Test_TRIAL_DATASET_1-CLASS_1\pig\pig_10632.jpg,pig,mouse,24,9,mouse,"(['rat', 'leopard', 'pig', 'raccoon', 'persian cat'], [84.74, 53.94, 16.24, -3.35, -10.14])"
D:\ZSL\CNN\Test_TRIAL_DATASET_1-CLASS_1\pig\pig_10633.jpg,pig,cow,24,3,cow,"(['pig', 'seal', 'humpback whale', 'raccoon', 'leopard'], [75.45, 24.43, 0.16, -1.32, -1.99])"
D:\ZSL\CNN\Test_TRIAL_DATASET_1-CLASS_1\pig\pig_10634.jpg,pig,rhinoceros,24,12,rhinoceros,"(['hippopotamus', 'humpback whale', 'raccoon', 'persian cat', 'seal'], [48.51, 40.93, 28.97, 23.56, 11.96])"
D:\ZSL\CNN\Test_TRIAL_DATASET_1-CLASS_1\pig\pig_10635.jpg,pig,cow,24,3,cow,"(['pig', 'seal', 'humpback whale', 'raccoon', 'leopard'], [75.45, 24.43, 0.16, -1.32, -1.99])"
D:\ZSL\CNN\Test_TRIAL_DATASET_1-CLASS_1\pig\pig_10636.jpg,pig,rhinoceros,24,12,rhinoceros,"(['hippopotamus', 'humpback whale', 'raccoon', 'persian cat', 'seal'], [48.51, 40.93, 28.97, 23.56, 11.96])"
D:\ZSL\CNN\Test_TRIAL_DATASET_1-CLASS_1\pig\pig_10637.jpg,pig,rhinoceros,24,12,rhinoceros,"(['hippopotamus', 'humpback whale', 'raccoon', 'persian cat', 'seal'], [48.51, 40.93, 28.97, 23.56, 11.96])"
D:\ZSL\CNN\Test_TRIAL_DATASET_1-CLASS_1\pig\pig_10638.jpg,pig,cow,24,3,cow,"(['pig', 'seal', 'humpback whale', 'raccoon', 'leopard'], [75.45, 24.43, 0.16, -1.32, -1.99])"
D:\ZSL\CNN\Test_TRIAL_DATASET_1-CLASS_1\pig\pig_10639.jpg,pig,mouse,24,9,mouse,"(['rat', 'leopard', 'pig', 'raccoon', 'persian cat'], [84.74, 53.94, 16.24, -3.35, -10.14])"
D:\ZSL\CNN\Test_TRIAL_DATASET_1-CLASS_1\pig\pig_10640.jpg,pig,cow,24,3,cow,"(['pig', 'seal', 'humpback whale', 'raccoon', 'leopard'], [75.45, 24.43, 0.16, -1.32, -1.99])"
D:\ZSL\CNN\Test_TRIAL_DATASET_1-CLASS_1\pig\pig_10641.jpg,pig,cow,24,3,cow,"(['pig', 'seal', 'humpback whale', 'raccoon', 'leopard'], [75.45, 24.43, 0.16, -1.32, -1.99])"
D:\ZSL\CNN\Test_TRIAL_DATASET_1-CLASS_1\pig\pig_10642.jpg,pig,cow,24,3,cow,"(['pig', 'seal', 'humpback whale', 'raccoon', 'leopard'], [75.45, 24.43, 0.16, -1.32, -1.99])"
D:\ZSL\CNN\Test_TRIAL_DATASET_1-CLASS_1\pig\pig_10643.jpg,pig,mouse,24,9,mouse,"(['rat', 'leopard', 'pig', 'raccoon', 'persian cat'], [84.74, 53.94, 16.24, -3.35, -10.14])"
D:\ZSL\CNN\Test_TRIAL_DATASET_1-CLASS_1\pig\pig_10644.jpg,pig,skunk,24,14,skunk,"(['rat', 'raccoon', 'seal', 'pig', 'giant panda'], [62.36, 41.18, 24.96, 18.58, -0.51])"
D:\ZSL\CNN\Test_TRIAL_DATASET_1-CLASS_1\pig\pig_10645.jpg,pig,mouse,24,9,mouse,"(['rat', 'leopard', 'pig', 'raccoon', 'persian cat'], [84.74, 53.94, 16.24, -3.35, -10.14])"
D:\ZSL\CNN\Test_TRIAL_DATASET_1-CLASS_1\pig\pig_10646.jpg,pig,ox,24,10,ox,"(['seal', 'pig', 'rat', 'persian cat', 'leopard'], [71.8, 45.11, 24.89, 0.23, -2.79])"
D:\ZSL\CNN\Test_TRIAL_DATASET_1-CLASS_1\pig\pig_10647.jpg,pig,mouse,24,9,mouse,"(['rat', 'leopard', 'pig', 'raccoon', 'persian cat'], [84.74, 53.94, 16.24, -3.35, -10.14])"
D:\ZSL\CNN\Test_TRIAL_DATASET_1-CLASS_1\pig\pig_10648.jpg,pig,cow,24,3,cow,"(['pig', 'seal', 'humpback whale', 'raccoon', 'leopard'], [75.45, 24.43, 0.16, -1.32, -1.99])"
D:\ZSL\CNN\Test_TRIAL_DATASET_1-CLASS_1\pig\pig_10649.jpg,pig,cow,24,3,cow,"(['pig', 'seal', 'humpback whale', 'raccoon', 'leopard'], [75.45, 24.43, 0.16, -1.32, -1.99])"
D:\ZSL\CNN\Test_TRIAL_DATASET_1-CLASS_1\pig\pig_10650.jpg,pig,mouse,24,9,mouse,"(['rat', 'leopard', 'pig', 'raccoon', 'persian cat'], [84.74, 53.94, 16.24, -3.35, -10.14])"
D:\ZSL\CNN\Test_TRIAL_DATASET_1-CLASS_1\pig\pig_10651.jpg,pig,mouse,24,9,mouse,"(['rat', 'leopard', 'pig', 'raccoon', 'persian cat'], [84.74, 53.94, 16.24, -3.35, -10.14])"
D:\ZSL\CNN\Test_TRIAL_DATASET_1-CLASS_1\pig\pig_10652.jpg,pig,mouse,24,9,mouse,"(['rat', 'leopard', 'pig', 'raccoon', 'persian cat'], [84.74, 53.94, 16.24, -3.35, -10.14])"
D:\ZSL\CNN\Test_TRIAL_DATASET_1-CLASS_1\pig\pig_10653.jpg,pig,cow,24,3,cow,"(['pig', 'seal', 'humpback whale', 'raccoon', 'leopard'], [75.45, 24.43, 0.16, -1.32, -1.99])"
D:\ZSL\CNN\Test_TRIAL_DATASET_1-CLASS_1\pig\pig_10654.jpg,pig,mouse,24,9,mouse,"(['rat', 'leopard', 'pig', 'raccoon', 'persian cat'], [84.74, 53.94, 16.24, -3.35, -10.14])"
D:\ZSL\CNN\Test_TRIAL_DATASET_1-CLASS_1\pig\pig_10655.jpg,pig,mouse,24,9,mouse,"(['rat', 'leopard', 'pig', 'raccoon', 'persian cat'], [84.74, 53.94, 16.24, -3.35, -10.14])"
D:\ZSL\CNN\Test_TRIAL_DATASET_1-CLASS_1\pig\pig_10656.jpg,pig,cow,24,3,cow,"(['pig', 'seal', 'humpback whale', 'raccoon', 'leopard'], [75.45, 24.43, 0.16, -1.32, -1.99])"
D:\ZSL\CNN\Test_TRIAL_DATASET_1-CLASS_1\pig\pig_10657.jpg,pig,cow,24,3,cow,"(['pig', 'seal', 'humpback whale', 'raccoon', 'leopard'], [75.45, 24.43, 0.16, -1.32, -1.99])"
D:\ZSL\CNN\Test_TRIAL_DATASET_1-CLASS_1\pig\pig_10658.jpg,pig,ox,24,10,ox,"(['seal', 'pig', 'rat', 'persian cat', 'leopard'], [71.8, 45.11, 24.89, 0.23, -2.79])"
D:\ZSL\CNN\Test_TRIAL_DATASET_1-CLASS_1\pig\pig_10659.jpg,pig,cow,24,3,cow,"(['pig', 'seal', 'humpback whale', 'raccoon', 'leopard'], [75.45, 24.43, 0.16, -1.32, -1.99])"
D:\ZSL\CNN\Test_TRIAL_DATASET_1-CLASS_1\pig\pig_10660.jpg,pig,rhinoceros,24,12,rhinoceros,"(['hippopotamus', 'humpback whale', 'raccoon', 'persian cat', 'seal'], [48.51, 40.93, 28.97, 23.56, 11.96])"
D:\ZSL\CNN\Test_TRIAL_DATASET_1-CLASS_1\pig\pig_10661.jpg,pig,cow,24,3,cow,"(['pig', 'seal', 'humpback whale', 'raccoon', 'leopard'], [75.45, 24.43, 0.16, -1.32, -1.99])"
D:\ZSL\CNN\Test_TRIAL_DATASET_1-CLASS_1\pig\pig_10662.jpg,pig,rhinoceros,24,12,rhinoceros,"(['hippopotamus', 'humpback whale', 'raccoon', 'persian cat', 'seal'], [48.51, 40.93, 28.97, 23.56, 11.96])"
D:\ZSL\CNN\Test_TRIAL_DATASET_1-CLASS_1\pig\pig_10663.jpg,pig,cow,24,3,cow,"(['pig', 'seal', 'humpback whale', 'raccoon', 'leopard'], [75.45, 24.43, 0.16, -1.32, -1.99])"
D:\ZSL\CNN\Test_TRIAL_DATASET_1-CLASS_1\pig\pig_10664.jpg,pig,rhinoceros,24,12,rhinoceros,"(['hippopotamus', 'humpback whale', 'raccoon', 'persian cat', 'seal'], [48.51, 40.93, 28.97, 23.56, 11.96])"
D:\ZSL\CNN\Test_TRIAL_DATASET_1-CLASS_1\pig\pig_10665.jpg,pig,cow,24,3,cow,"(['pig', 'seal', 'humpback whale', 'raccoon', 'leopard'], [75.45, 24.43, 0.16, -1.32, -1.99])"
D:\ZSL\CNN\Test_TRIAL_DATASET_1-CLASS_1\pig\pig_10666.jpg,pig,cow,24,3,cow,"(['pig', 'seal', 'humpback whale', 'raccoon', 'leopard'], [75.45, 24.43, 0.16, -1.32, -1.99])"
D:\ZSL\CNN\Test_TRIAL_DATASET_1-CLASS_1\pig\pig_10667.jpg,pig,mouse,24,9,mouse,"(['rat', 'leopard', 'pig', 'raccoon', 'persian cat'], [84.74, 53.94, 16.24, -3.35, -10.14])"
D:\ZSL\CNN\Test_TRIAL_DATASET_1-CLASS_1\pig\pig_10668.jpg,pig,rhinoceros,24,12,rhinoceros,"(['hippopotamus', 'humpback whale', 'raccoon', 'persian cat', 'seal'], [48.51, 40.93, 28.97, 23.56, 11.96])"
D:\ZSL\CNN\Test_TRIAL_DATASET_1-CLASS_1\pig\pig_10669.jpg,pig,mouse,24,9,mouse,"(['rat', 'leopard', 'pig', 'raccoon', 'persian cat'], [84.74, 53.94, 16.24, -3.35, -10.14])"
D:\ZSL\CNN\Test_TRIAL_DATASET_1-CLASS_1\pig\pig_10670.jpg,pig,mouse,24,9,mouse,"(['rat', 'leopard', 'pig', 'raccoon', 'persian cat'], [84.74, 53.94, 16.24, -3.35, -10.14])"
D:\ZSL\CNN\Test_TRIAL_DATASET_1-CLASS_1\pig\pig_10671.jpg,pig,cow,24,3,cow,"(['pig', 'seal', 'humpback whale', 'raccoon', 'leopard'], [75.45, 24.43, 0.16, -1.32, -1.99])"
D:\ZSL\CNN\Test_TRIAL_DATASET_1-CLASS_1\pig\pig_10672.jpg,pig,cow,24,3,cow,"(['pig', 'seal', 'humpback whale', 'raccoon', 'leopard'], [75.45, 24.43, 0.16, -1.32, -1.99])"
D:\ZSL\CNN\Test_TRIAL_DATASET_1-CLASS_1\pig\pig_10673.jpg,pig,cow,24,3,cow,"(['pig', 'seal', 'humpback whale', 'raccoon', 'leopard'], [75.45, 24.43, 0.16, -1.32, -1.99])"
D:\ZSL\CNN\Test_TRIAL_DATASET_1-CLASS_1\pig\pig_10674.jpg,pig,mouse,24,9,mouse,"(['rat', 'leopard', 'pig', 'raccoon', 'persian cat'], [84.74, 53.94, 16.24, -3.35, -10.14])"
D:\ZSL\CNN\Test_TRIAL_DATASET_1-CLASS_1\pig\pig_10675.jpg,pig,mouse,24,9,mouse,"(['rat', 'leopard', 'pig', 'raccoon', 'persian cat'], [84.74, 53.94, 16.24, -3.35, -10.14])"
D:\ZSL\CNN\Test_TRIAL_DATASET_1-CLASS_1\pig\pig_10676.jpg,pig,mouse,24,9,mouse,"(['rat', 'leopard', 'pig', 'raccoon', 'persian cat'], [84.74, 53.94, 16.24, -3.35, -10.14])"
D:\ZSL\CNN\Test_TRIAL_DATASET_1-CLASS_1\pig\pig_10677.jpg,pig,cow,24,3,cow,"(['pig', 'seal', 'humpback whale', 'raccoon', 'leopard'], [75.45, 24.43, 0.16, -1.32, -1.99])"
D:\ZSL\CNN\Test_TRIAL_DATASET_1-CLASS_1\pig\pig_10678.jpg,pig,cow,24,3,cow,"(['pig', 'seal', 'humpback whale', 'raccoon', 'leopard'], [75.45, 24.43, 0.16, -1.32, -1.99])"
D:\ZSL\CNN\Test_TRIAL_DATASET_1-CLASS_1\pig\pig_10679.jpg,pig,cow,24,3,cow,"(['pig', 'seal', 'humpback whale', 'raccoon', 'leopard'], [75.45, 24.43, 0.16, -1.32, -1.99])"
D:\ZSL\CNN\Test_TRIAL_DATASET_1-CLASS_1\pig\pig_10680.jpg,pig,cow,24,3,cow,"(['pig', 'seal', 'humpback whale', 'raccoon', 'leopard'], [75.45, 24.43, 0.16, -1.32, -1.99])"
D:\ZSL\CNN\Test_TRIAL_DATASET_1-CLASS_1\pig\pig_10681.jpg,pig,walrus,24,17,walrus,"(['humpback whale', 'pig', 'seal', 'hippopotamus', 'giant panda'], [49.61, 33.32, 21.44, 14.39, 6.44])"
D:\ZSL\CNN\Test_TRIAL_DATASET_1-CLASS_1\pig\pig_10682.jpg,pig,cow,24,3,cow,"(['pig', 'seal', 'humpback whale', 'raccoon', 'leopard'], [75.45, 24.43, 0.16, -1.32, -1.99])"
D:\ZSL\CNN\Test_TRIAL_DATASET_1-CLASS_1\pig\pig_10683.jpg,pig,mouse,24,9,mouse,"(['rat', 'leopard', 'pig', 'raccoon', 'persian cat'], [84.74, 53.94, 16.24, -3.35, -10.14])"
D:\ZSL\CNN\Test_TRIAL_DATASET_1-CLASS_1\pig\pig_10684.jpg,pig,rabbit,24,11,rabbit,"(['pig', 'rat', 'giant panda', 'raccoon', 'leopard'], [65.11, 46.21, 18.84, 14.3, -5.72])"
D:\ZSL\CNN\Test_TRIAL_DATASET_1-CLASS_1\pig\pig_10685.jpg,pig,rhinoceros,24,12,rhinoceros,"(['hippopotamus', 'humpback whale', 'raccoon', 'persian cat', 'seal'], [48.51, 40.93, 28.97, 23.56, 11.96])"
D:\ZSL\CNN\Test_TRIAL_DATASET_1-CLASS_1\pig\pig_10686.jpg,pig,cow,24,3,cow,"(['pig', 'seal', 'humpback whale', 'raccoon', 'leopard'], [75.45, 24.43, 0.16, -1.32, -1.99])"
D:\ZSL\CNN\Test_TRIAL_DATASET_1-CLASS_1\pig\pig_10687.jpg,pig,cow,24,3,cow,"(['pig', 'seal', 'humpback whale', 'raccoon', 'leopard'], [75.45, 24.43, 0.16, -1.32, -1.99])"
D:\ZSL\CNN\Test_TRIAL_DATASET_1-CLASS_1\pig\pig_10688.jpg,pig,siamese_cat,24,13,siamese cat,"(['persian cat', 'leopard', 'giant panda', 'raccoon', 'seal'], [95.16, 17.06, 6.12, -5.49, -8.13])"
D:\ZSL\CNN\Test_TRIAL_DATASET_1-CLASS_1\pig\pig_10689.jpg,pig,mouse,24,9,mouse,"(['rat', 'leopard', 'pig', 'raccoon', 'persian cat'], [84.74, 53.94, 16.24, -3.35, -10.14])"
D:\ZSL\CNN\Test_TRIAL_DATASET_1-CLASS_1\pig\pig_10690.jpg,pig,killer_whale,24,6,killer whale,"(['humpback whale', 'seal', 'giant panda', 'hippopotamus', 'chimpanzee'], [95.35, 19.41, 19.04, 8.86, -6.86])"
D:\ZSL\CNN\Test_TRIAL_DATASET_1-CLASS_1\pig\pig_10691.jpg,pig,walrus,24,17,walrus,"(['humpback whale', 'pig', 'seal', 'hippopotamus', 'giant panda'], [49.61, 33.32, 21.44, 14.39, 6.44])"
D:\ZSL\CNN\Test_TRIAL_DATASET_1-CLASS_1\pig\pig_10692.jpg,pig,cow,24,3,cow,"(['pig', 'seal', 'humpback whale', 'raccoon', 'leopard'], [75.45, 24.43, 0.16, -1.32, -1.99])"
D:\ZSL\CNN\Test_TRIAL_DATASET_1-CLASS_1\pig\pig_10693.jpg,pig,cow,24,3,cow,"(['pig', 'seal', 'humpback whale', 'raccoon', 'leopard'], [75.45, 24.43, 0.16, -1.32, -1.99])"
D:\ZSL\CNN\Test_TRIAL_DATASET_1-CLASS_1\pig\pig_10694.jpg,pig,walrus,24,17,walrus,"(['humpback whale', 'pig', 'seal', 'hippopotamus', 'giant panda'], [49.61, 33.32, 21.44, 14.39, 6.44])"
D:\ZSL\CNN\Test_TRIAL_DATASET_1-CLASS_1\pig\pig_10695.jpg,pig,cow,24,3,cow,"(['pig', 'seal', 'humpback whale', 'raccoon', 'leopard'], [75.45, 24.43, 0.16, -1.32, -1.99])"
D:\ZSL\CNN\Test_TRIAL_DATASET_1-CLASS_1\pig\pig_10696.jpg,pig,cow,24,3,cow,"(['pig', 'seal', 'humpback whale', 'raccoon', 'leopard'], [75.45, 24.43, 0.16, -1.32, -1.99])"
D:\ZSL\CNN\Test_TRIAL_DATASET_1-CLASS_1\pig\pig_10697.jpg,pig,mouse,24,9,mouse,"(['rat', 'leopard', 'pig', 'raccoon', 'persian cat'], [84.74, 53.94, 16.24, -3.35, -10.14])"
D:\ZSL\CNN\Test_TRIAL_DATASET_1-CLASS_1\pig\pig_10698.jpg,pig,cow,24,3,cow,"(['pig', 'seal', 'humpback whale', 'raccoon', 'leopard'], [75.45, 24.43, 0.16, -1.32, -1.99])"
D:\ZSL\CNN\Test_TRIAL_DATASET_1-CLASS_1\pig\pig_10699.jpg,pig,lion,24,7,lion,"(['leopard', 'pig', 'persian cat', 'seal', 'rat'], [88.04, 15.11, 8.32, 2.8, 0.79])"
D:\ZSL\CNN\Test_TRIAL_DATASET_1-CLASS_1\pig\pig_10700.jpg,pig,cow,24,3,cow,"(['pig', 'seal', 'humpback whale', 'raccoon', 'leopard'], [75.45, 24.43, 0.16, -1.32, -1.99])"
D:\ZSL\CNN\Test_TRIAL_DATASET_1-CLASS_1\pig\pig_10701.jpg,pig,cow,24,3,cow,"(['pig', 'seal', 'humpback whale', 'raccoon', 'leopard'], [75.45, 24.43, 0.16, -1.32, -1.99])"
D:\ZSL\CNN\Test_TRIAL_DATASET_1-CLASS_1\pig\pig_10702.jpg,pig,mouse,24,9,mouse,"(['rat', 'leopard', 'pig', 'raccoon', 'persian cat'], [84.74, 53.94, 16.24, -3.35, -10.14])"
D:\ZSL\CNN\Test_TRIAL_DATASET_1-CLASS_1\pig\pig_10703.jpg,pig,cow,24,3,cow,"(['pig', 'seal', 'humpback whale', 'raccoon', 'leopard'], [75.45, 24.43, 0.16, -1.32, -1.99])"
D:\ZSL\CNN\Test_TRIAL_DATASET_1-CLASS_1\pig\pig_10704.jpg,pig,cow,24,3,cow,"(['pig', 'seal', 'humpback whale', 'raccoon', 'leopard'], [75.45, 24.43, 0.16, -1.32, -1.99])"
D:\ZSL\CNN\Test_TRIAL_DATASET_1-CLASS_1\pig\pig_10705.jpg,pig,rhinoceros,24,12,rhinoceros,"(['hippopotamus', 'humpback whale', 'raccoon', 'persian cat', 'seal'], [48.51, 40.93, 28.97, 23.56, 11.96])"
D:\ZSL\CNN\Test_TRIAL_DATASET_1-CLASS_1\pig\pig_10706.jpg,pig,rhinoceros,24,12,rhinoceros,"(['hippopotamus', 'humpback whale', 'raccoon', 'persian cat', 'seal'], [48.51, 40.93, 28.97, 23.56, 11.96])"
D:\ZSL\CNN\Test_TRIAL_DATASET_1-CLASS_1\pig\pig_10707.jpg,pig,squirrel,24,15,squirrel,"(['rat', 'raccoon', 'leopard', 'pig', 'chimpanzee'], [80.96, 55.32, 17.24, 10.5, 5.34])"
D:\ZSL\CNN\Test_TRIAL_DATASET_1-CLASS_1\pig\pig_10708.jpg,pig,mouse,24,9,mouse,"(['rat', 'leopard', 'pig', 'raccoon', 'persian cat'], [84.74, 53.94, 16.24, -3.35, -10.14])"
D:\ZSL\CNN\Test_TRIAL_DATASET_1-CLASS_1\pig\pig_10709.jpg,pig,cow,24,3,cow,"(['pig', 'seal', 'humpback whale', 'raccoon', 'leopard'], [75.45, 24.43, 0.16, -1.32, -1.99])"
D:\ZSL\CNN\Test_TRIAL_DATASET_1-CLASS_1\pig\pig_10710.jpg,pig,cow,24,3,cow,"(['pig', 'seal', 'humpback whale', 'raccoon', 'leopard'], [75.45, 24.43, 0.16, -1.32, -1.99])"
D:\ZSL\CNN\Test_TRIAL_DATASET_1-CLASS_1\pig\pig_10711.jpg,pig,cow,24,3,cow,"(['pig', 'seal', 'humpback whale', 'raccoon', 'leopard'], [75.45, 24.43, 0.16, -1.32, -1.99])"
D:\ZSL\CNN\Test_TRIAL_DATASET_1-CLASS_1\pig\pig_10712.jpg,pig,rhinoceros,24,12,rhinoceros,"(['hippopotamus', 'humpback whale', 'raccoon', 'persian cat', 'seal'], [48.51, 40.93, 28.97, 23.56, 11.96])"
D:\ZSL\CNN\Test_TRIAL_DATASET_1-CLASS_1\pig\pig_10713.jpg,pig,lion,24,7,lion,"(['leopard', 'pig', 'persian cat', 'seal', 'rat'], [88.04, 15.11, 8.32, 2.8, 0.79])"
