image_path,image_label,pred_image_label,act_label,pred_label,cleaned_pred_label,top5_similar_labels_with_scores
D:\ZSL\CNN\Test_TRIAL_DATASET_1-CLASS_1\persian_cat\persian+cat_10001.jpg,persian_cat,siamese_cat,23,13,siamese cat,"(['persian cat', 'leopard', 'giant panda', 'raccoon', 'seal'], [95.16, 17.06, 6.12, -5.49, -8.13])"
D:\ZSL\CNN\Test_TRIAL_DATASET_1-CLASS_1\persian_cat\persian+cat_10002.jpg,persian_cat,siamese_cat,23,13,siamese cat,"(['persian cat', 'leopard', 'giant panda', 'raccoon', 'seal'], [95.16, 17.06, 6.12, -5.49, -8.13])"
D:\ZSL\CNN\Test_TRIAL_DATASET_1-CLASS_1\persian_cat\persian+cat_10003.jpg,persian_cat,siamese_cat,23,13,siamese cat,"(['persian cat', 'leopard', 'giant panda', 'raccoon', 'seal'], [95.16, 17.06, 6.12, -5.49, -8.13])"
D:\ZSL\CNN\Test_TRIAL_DATASET_1-CLASS_1\persian_cat\persian+cat_10004.jpg,persian_cat,siamese_cat,23,13,siamese cat,"(['persian cat', 'leopard', 'giant panda', 'raccoon', 'seal'], [95.16, 17.06, 6.12, -5.49, -8.13])"
D:\ZSL\CNN\Test_TRIAL_DATASET_1-CLASS_1\persian_cat\persian+cat_10005.jpg,persian_cat,siamese_cat,23,13,siamese cat,"(['persian cat', 'leopard', 'giant panda', 'raccoon', 'seal'], [95.16, 17.06, 6.12, -5.49, -8.13])"
D:\ZSL\CNN\Test_TRIAL_DATASET_1-CLASS_1\persian_cat\persian+cat_10006.jpg,persian_cat,siamese_cat,23,13,siamese cat,"(['persian cat', 'leopard', 'giant panda', 'raccoon', 'seal'], [95.16, 17.06, 6.12, -5.49, -8.13])"
D:\ZSL\CNN\Test_TRIAL_DATASET_1-CLASS_1\persian_cat\persian+cat_10007.jpg,persian_cat,siamese_cat,23,13,siamese cat,"(['persian cat', 'leopard', 'giant panda', 'raccoon', 'seal'], [95.16, 17.06, 6.12, -5.49, -8.13])"
D:\ZSL\CNN\Test_TRIAL_DATASET_1-CLASS_1\persian_cat\persian+cat_10008.jpg,persian_cat,siamese_cat,23,13,siamese cat,"(['persian cat', 'leopard', 'giant panda', 'raccoon', 'seal'], [95.16, 17.06, 6.12, -5.49, -8.13])"
D:\ZSL\CNN\Test_TRIAL_DATASET_1-CLASS_1\persian_cat\persian+cat_10009.jpg,persian_cat,siamese_cat,23,13,siamese cat,"(['persian cat', 'leopard', 'giant panda', 'raccoon', 'seal'], [95.16, 17.06, 6.12, -5.49, -8.13])"
D:\ZSL\CNN\Test_TRIAL_DATASET_1-CLASS_1\persian_cat\persian+cat_10010.jpg,persian_cat,siamese_cat,23,13,siamese cat,"(['persian cat', 'leopard', 'giant panda', 'raccoon', 'seal'], [95.16, 17.06, 6.12, -5.49, -8.13])"
D:\ZSL\CNN\Test_TRIAL_DATASET_1-CLASS_1\persian_cat\persian+cat_10011.jpg,persian_cat,siamese_cat,23,13,siamese cat,"(['persian cat', 'leopard', 'giant panda', 'raccoon', 'seal'], [95.16, 17.06, 6.12, -5.49, -8.13])"
D:\ZSL\CNN\Test_TRIAL_DATASET_1-CLASS_1\persian_cat\persian+cat_10012.jpg,persian_cat,siamese_cat,23,13,siamese cat,"(['persian cat', 'leopard', 'giant panda', 'raccoon', 'seal'], [95.16, 17.06, 6.12, -5.49, -8.13])"
D:\ZSL\CNN\Test_TRIAL_DATASET_1-CLASS_1\persian_cat\persian+cat_10013.jpg,persian_cat,siamese_cat,23,13,siamese cat,"(['persian cat', 'leopard', 'giant panda', 'raccoon', 'seal'], [95.16, 17.06, 6.12, -5.49, -8.13])"
D:\ZSL\CNN\Test_TRIAL_DATASET_1-CLASS_1\persian_cat\persian+cat_10014.jpg,persian_cat,siamese_cat,23,13,siamese cat,"(['persian cat', 'leopard', 'giant panda', 'raccoon', 'seal'], [95.16, 17.06, 6.12, -5.49, -8.13])"
D:\ZSL\CNN\Test_TRIAL_DATASET_1-CLASS_1\persian_cat\persian+cat_10015.jpg,persian_cat,siamese_cat,23,13,siamese cat,"(['persian cat', 'leopard', 'giant panda', 'raccoon', 'seal'], [95.16, 17.06, 6.12, -5.49, -8.13])"
D:\ZSL\CNN\Test_TRIAL_DATASET_1-CLASS_1\persian_cat\persian+cat_10016.jpg,persian_cat,ox,23,10,ox,"(['seal', 'pig', 'rat', 'persian cat', 'leopard'], [71.8, 45.11, 24.89, 0.23, -2.79])"
D:\ZSL\CNN\Test_TRIAL_DATASET_1-CLASS_1\persian_cat\persian+cat_10017.jpg,persian_cat,mouse,23,9,mouse,"(['rat', 'leopard', 'pig', 'raccoon', 'persian cat'], [84.74, 53.94, 16.24, -3.35, -10.14])"
D:\ZSL\CNN\Test_TRIAL_DATASET_1-CLASS_1\persian_cat\persian+cat_10018.jpg,persian_cat,siamese_cat,23,13,siamese cat,"(['persian cat', 'leopard', 'giant panda', 'raccoon', 'seal'], [95.16, 17.06, 6.12, -5.49, -8.13])"
D:\ZSL\CNN\Test_TRIAL_DATASET_1-CLASS_1\persian_cat\persian+cat_10019.jpg,persian_cat,siamese_cat,23,13,siamese cat,"(['persian cat', 'leopard', 'giant panda', 'raccoon', 'seal'], [95.16, 17.06, 6.12, -5.49, -8.13])"
D:\ZSL\CNN\Test_TRIAL_DATASET_1-CLASS_1\persian_cat\persian+cat_10020.jpg,persian_cat,siamese_cat,23,13,siamese cat,"(['persian cat', 'leopard', 'giant panda', 'raccoon', 'seal'], [95.16, 17.06, 6.12, -5.49, -8.13])"
D:\ZSL\CNN\Test_TRIAL_DATASET_1-CLASS_1\persian_cat\persian+cat_10021.jpg,persian_cat,siamese_cat,23,13,siamese cat,"(['persian cat', 'leopard', 'giant panda', 'raccoon', 'seal'], [95.16, 17.06, 6.12, -5.49, -8.13])"
D:\ZSL\CNN\Test_TRIAL_DATASET_1-CLASS_1\persian_cat\persian+cat_10022.jpg,persian_cat,siamese_cat,23,13,siamese cat,"(['persian cat', 'leopard', 'giant panda', 'raccoon', 'seal'], [95.16, 17.06, 6.12, -5.49, -8.13])"
D:\ZSL\CNN\Test_TRIAL_DATASET_1-CLASS_1\persian_cat\persian+cat_10023.jpg,persian_cat,siamese_cat,23,13,siamese cat,"(['persian cat', 'leopard', 'giant panda', 'raccoon', 'seal'], [95.16, 17.06, 6.12, -5.49, -8.13])"
D:\ZSL\CNN\Test_TRIAL_DATASET_1-CLASS_1\persian_cat\persian+cat_10024.jpg,persian_cat,siamese_cat,23,13,siamese cat,"(['persian cat', 'leopard', 'giant panda', 'raccoon', 'seal'], [95.16, 17.06, 6.12, -5.49, -8.13])"
D:\ZSL\CNN\Test_TRIAL_DATASET_1-CLASS_1\persian_cat\persian+cat_10025.jpg,persian_cat,siamese_cat,23,13,siamese cat,"(['persian cat', 'leopard', 'giant panda', 'raccoon', 'seal'], [95.16, 17.06, 6.12, -5.49, -8.13])"
D:\ZSL\CNN\Test_TRIAL_DATASET_1-CLASS_1\persian_cat\persian+cat_10026.jpg,persian_cat,siamese_cat,23,13,siamese cat,"(['persian cat', 'leopard', 'giant panda', 'raccoon', 'seal'], [95.16, 17.06, 6.12, -5.49, -8.13])"
D:\ZSL\CNN\Test_TRIAL_DATASET_1-CLASS_1\persian_cat\persian+cat_10027.jpg,persian_cat,siamese_cat,23,13,siamese cat,"(['persian cat', 'leopard', 'giant panda', 'raccoon', 'seal'], [95.16, 17.06, 6.12, -5.49, -8.13])"
D:\ZSL\CNN\Test_TRIAL_DATASET_1-CLASS_1\persian_cat\persian+cat_10028.jpg,persian_cat,siamese_cat,23,13,siamese cat,"(['persian cat', 'leopard', 'giant panda', 'raccoon', 'seal'], [95.16, 17.06, 6.12, -5.49, -8.13])"
D:\ZSL\CNN\Test_TRIAL_DATASET_1-CLASS_1\persian_cat\persian+cat_10029.jpg,persian_cat,siamese_cat,23,13,siamese cat,"(['persian cat', 'leopard', 'giant panda', 'raccoon', 'seal'], [95.16, 17.06, 6.12, -5.49, -8.13])"
D:\ZSL\CNN\Test_TRIAL_DATASET_1-CLASS_1\persian_cat\persian+cat_10030.jpg,persian_cat,siamese_cat,23,13,siamese cat,"(['persian cat', 'leopard', 'giant panda', 'raccoon', 'seal'], [95.16, 17.06, 6.12, -5.49, -8.13])"
D:\ZSL\CNN\Test_TRIAL_DATASET_1-CLASS_1\persian_cat\persian+cat_10031.jpg,persian_cat,siamese_cat,23,13,siamese cat,"(['persian cat', 'leopard', 'giant panda', 'raccoon', 'seal'], [95.16, 17.06, 6.12, -5.49, -8.13])"
D:\ZSL\CNN\Test_TRIAL_DATASET_1-CLASS_1\persian_cat\persian+cat_10032.jpg,persian_cat,bear,23,0,bear,"(['giant panda', 'raccoon', 'seal', 'pig', 'humpback whale'], [49.72, 40.56, 19.3, 8.36, 0.21])"
D:\ZSL\CNN\Test_TRIAL_DATASET_1-CLASS_1\persian_cat\persian+cat_10033.jpg,persian_cat,siamese_cat,23,13,siamese cat,"(['persian cat', 'leopard', 'giant panda', 'raccoon', 'seal'], [95.16, 17.06, 6.12, -5.49, -8.13])"
D:\ZSL\CNN\Test_TRIAL_DATASET_1-CLASS_1\persian_cat\persian+cat_10034.jpg,persian_cat,siamese_cat,23,13,siamese cat,"(['persian cat', 'leopard', 'giant panda', 'raccoon', 'seal'], [95.16, 17.06, 6.12, -5.49, -8.13])"
D:\ZSL\CNN\Test_TRIAL_DATASET_1-CLASS_1\persian_cat\persian+cat_10035.jpg,persian_cat,siamese_cat,23,13,siamese cat,"(['persian cat', 'leopard', 'giant panda', 'raccoon', 'seal'], [95.16, 17.06, 6.12, -5.49, -8.13])"
D:\ZSL\CNN\Test_TRIAL_DATASET_1-CLASS_1\persian_cat\persian+cat_10036.jpg,persian_cat,siamese_cat,23,13,siamese cat,"(['persian cat', 'leopard', 'giant panda', 'raccoon', 'seal'], [95.16, 17.06, 6.12, -5.49, -8.13])"
D:\ZSL\CNN\Test_TRIAL_DATASET_1-CLASS_1\persian_cat\persian+cat_10037.jpg,persian_cat,siamese_cat,23,13,siamese cat,"(['persian cat', 'leopard', 'giant panda', 'raccoon', 'seal'], [95.16, 17.06, 6.12, -5.49, -8.13])"
D:\ZSL\CNN\Test_TRIAL_DATASET_1-CLASS_1\persian_cat\persian+cat_10038.jpg,persian_cat,siamese_cat,23,13,siamese cat,"(['persian cat', 'leopard', 'giant panda', 'raccoon', 'seal'], [95.16, 17.06, 6.12, -5.49, -8.13])"
D:\ZSL\CNN\Test_TRIAL_DATASET_1-CLASS_1\persian_cat\persian+cat_10039.jpg,persian_cat,siamese_cat,23,13,siamese cat,"(['persian cat', 'leopard', 'giant panda', 'raccoon', 'seal'], [95.16, 17.06, 6.12, -5.49, -8.13])"
D:\ZSL\CNN\Test_TRIAL_DATASET_1-CLASS_1\persian_cat\persian+cat_10040.jpg,persian_cat,siamese_cat,23,13,siamese cat,"(['persian cat', 'leopard', 'giant panda', 'raccoon', 'seal'], [95.16, 17.06, 6.12, -5.49, -8.13])"
D:\ZSL\CNN\Test_TRIAL_DATASET_1-CLASS_1\persian_cat\persian+cat_10041.jpg,persian_cat,siamese_cat,23,13,siamese cat,"(['persian cat', 'leopard', 'giant panda', 'raccoon', 'seal'], [95.16, 17.06, 6.12, -5.49, -8.13])"
D:\ZSL\CNN\Test_TRIAL_DATASET_1-CLASS_1\persian_cat\persian+cat_10042.jpg,persian_cat,siamese_cat,23,13,siamese cat,"(['persian cat', 'leopard', 'giant panda', 'raccoon', 'seal'], [95.16, 17.06, 6.12, -5.49, -8.13])"
D:\ZSL\CNN\Test_TRIAL_DATASET_1-CLASS_1\persian_cat\persian+cat_10043.jpg,persian_cat,siamese_cat,23,13,siamese cat,"(['persian cat', 'leopard', 'giant panda', 'raccoon', 'seal'], [95.16, 17.06, 6.12, -5.49, -8.13])"
D:\ZSL\CNN\Test_TRIAL_DATASET_1-CLASS_1\persian_cat\persian+cat_10044.jpg,persian_cat,siamese_cat,23,13,siamese cat,"(['persian cat', 'leopard', 'giant panda', 'raccoon', 'seal'], [95.16, 17.06, 6.12, -5.49, -8.13])"
D:\ZSL\CNN\Test_TRIAL_DATASET_1-CLASS_1\persian_cat\persian+cat_10045.jpg,persian_cat,mouse,23,9,mouse,"(['rat', 'leopard', 'pig', 'raccoon', 'persian cat'], [84.74, 53.94, 16.24, -3.35, -10.14])"
D:\ZSL\CNN\Test_TRIAL_DATASET_1-CLASS_1\persian_cat\persian+cat_10046.jpg,persian_cat,siamese_cat,23,13,siamese cat,"(['persian cat', 'leopard', 'giant panda', 'raccoon', 'seal'], [95.16, 17.06, 6.12, -5.49, -8.13])"
D:\ZSL\CNN\Test_TRIAL_DATASET_1-CLASS_1\persian_cat\persian+cat_10047.jpg,persian_cat,siamese_cat,23,13,siamese cat,"(['persian cat', 'leopard', 'giant panda', 'raccoon', 'seal'], [95.16, 17.06, 6.12, -5.49, -8.13])"
D:\ZSL\CNN\Test_TRIAL_DATASET_1-CLASS_1\persian_cat\persian+cat_10048.jpg,persian_cat,siamese_cat,23,13,siamese cat,"(['persian cat', 'leopard', 'giant panda', 'raccoon', 'seal'], [95.16, 17.06, 6.12, -5.49, -8.13])"
D:\ZSL\CNN\Test_TRIAL_DATASET_1-CLASS_1\persian_cat\persian+cat_10049.jpg,persian_cat,siamese_cat,23,13,siamese cat,"(['persian cat', 'leopard', 'giant panda', 'raccoon', 'seal'], [95.16, 17.06, 6.12, -5.49, -8.13])"
D:\ZSL\CNN\Test_TRIAL_DATASET_1-CLASS_1\persian_cat\persian+cat_10050.jpg,persian_cat,siamese_cat,23,13,siamese cat,"(['persian cat', 'leopard', 'giant panda', 'raccoon', 'seal'], [95.16, 17.06, 6.12, -5.49, -8.13])"
D:\ZSL\CNN\Test_TRIAL_DATASET_1-CLASS_1\persian_cat\persian+cat_10051.jpg,persian_cat,siamese_cat,23,13,siamese cat,"(['persian cat', 'leopard', 'giant panda', 'raccoon', 'seal'], [95.16, 17.06, 6.12, -5.49, -8.13])"
D:\ZSL\CNN\Test_TRIAL_DATASET_1-CLASS_1\persian_cat\persian+cat_10052.jpg,persian_cat,siamese_cat,23,13,siamese cat,"(['persian cat', 'leopard', 'giant panda', 'raccoon', 'seal'], [95.16, 17.06, 6.12, -5.49, -8.13])"
D:\ZSL\CNN\Test_TRIAL_DATASET_1-CLASS_1\persian_cat\persian+cat_10053.jpg,persian_cat,siamese_cat,23,13,siamese cat,"(['persian cat', 'leopard', 'giant panda', 'raccoon', 'seal'], [95.16, 17.06, 6.12, -5.49, -8.13])"
D:\ZSL\CNN\Test_TRIAL_DATASET_1-CLASS_1\persian_cat\persian+cat_10054.jpg,persian_cat,siamese_cat,23,13,siamese cat,"(['persian cat', 'leopard', 'giant panda', 'raccoon', 'seal'], [95.16, 17.06, 6.12, -5.49, -8.13])"
D:\ZSL\CNN\Test_TRIAL_DATASET_1-CLASS_1\persian_cat\persian+cat_10055.jpg,persian_cat,monkey,23,8,monkey,"(['chimpanzee', 'pig', 'rat', 'leopard', 'giant panda'], [75.57, 41.33, 32.04, 6.61, -8.35])"
D:\ZSL\CNN\Test_TRIAL_DATASET_1-CLASS_1\persian_cat\persian+cat_10056.jpg,persian_cat,siamese_cat,23,13,siamese cat,"(['persian cat', 'leopard', 'giant panda', 'raccoon', 'seal'], [95.16, 17.06, 6.12, -5.49, -8.13])"
D:\ZSL\CNN\Test_TRIAL_DATASET_1-CLASS_1\persian_cat\persian+cat_10057.jpg,persian_cat,bobcat,23,2,bobcat,"(['raccoon', 'persian cat', 'humpback whale', 'leopard', 'giant panda'], [59.41, 32.03, 16.81, 10.53, 3.26])"
D:\ZSL\CNN\Test_TRIAL_DATASET_1-CLASS_1\persian_cat\persian+cat_10058.jpg,persian_cat,siamese_cat,23,13,siamese cat,"(['persian cat', 'leopard', 'giant panda', 'raccoon', 'seal'], [95.16, 17.06, 6.12, -5.49, -8.13])"
D:\ZSL\CNN\Test_TRIAL_DATASET_1-CLASS_1\persian_cat\persian+cat_10059.jpg,persian_cat,siamese_cat,23,13,siamese cat,"(['persian cat', 'leopard', 'giant panda', 'raccoon', 'seal'], [95.16, 17.06, 6.12, -5.49, -8.13])"
D:\ZSL\CNN\Test_TRIAL_DATASET_1-CLASS_1\persian_cat\persian+cat_10060.jpg,persian_cat,siamese_cat,23,13,siamese cat,"(['persian cat', 'leopard', 'giant panda', 'raccoon', 'seal'], [95.16, 17.06, 6.12, -5.49, -8.13])"
D:\ZSL\CNN\Test_TRIAL_DATASET_1-CLASS_1\persian_cat\persian+cat_10061.jpg,persian_cat,siamese_cat,23,13,siamese cat,"(['persian cat', 'leopard', 'giant panda', 'raccoon', 'seal'], [95.16, 17.06, 6.12, -5.49, -8.13])"
D:\ZSL\CNN\Test_TRIAL_DATASET_1-CLASS_1\persian_cat\persian+cat_10062.jpg,persian_cat,siamese_cat,23,13,siamese cat,"(['persian cat', 'leopard', 'giant panda', 'raccoon', 'seal'], [95.16, 17.06, 6.12, -5.49, -8.13])"
D:\ZSL\CNN\Test_TRIAL_DATASET_1-CLASS_1\persian_cat\persian+cat_10063.jpg,persian_cat,bobcat,23,2,bobcat,"(['raccoon', 'persian cat', 'humpback whale', 'leopard', 'giant panda'], [59.41, 32.03, 16.81, 10.53, 3.26])"
D:\ZSL\CNN\Test_TRIAL_DATASET_1-CLASS_1\persian_cat\persian+cat_10064.jpg,persian_cat,siamese_cat,23,13,siamese cat,"(['persian cat', 'leopard', 'giant panda', 'raccoon', 'seal'], [95.16, 17.06, 6.12, -5.49, -8.13])"
D:\ZSL\CNN\Test_TRIAL_DATASET_1-CLASS_1\persian_cat\persian+cat_10065.jpg,persian_cat,siamese_cat,23,13,siamese cat,"(['persian cat', 'leopard', 'giant panda', 'raccoon', 'seal'], [95.16, 17.06, 6.12, -5.49, -8.13])"
D:\ZSL\CNN\Test_TRIAL_DATASET_1-CLASS_1\persian_cat\persian+cat_10066.jpg,persian_cat,siamese_cat,23,13,siamese cat,"(['persian cat', 'leopard', 'giant panda', 'raccoon', 'seal'], [95.16, 17.06, 6.12, -5.49, -8.13])"
D:\ZSL\CNN\Test_TRIAL_DATASET_1-CLASS_1\persian_cat\persian+cat_10067.jpg,persian_cat,siamese_cat,23,13,siamese cat,"(['persian cat', 'leopard', 'giant panda', 'raccoon', 'seal'], [95.16, 17.06, 6.12, -5.49, -8.13])"
D:\ZSL\CNN\Test_TRIAL_DATASET_1-CLASS_1\persian_cat\persian+cat_10068.jpg,persian_cat,siamese_cat,23,13,siamese cat,"(['persian cat', 'leopard', 'giant panda', 'raccoon', 'seal'], [95.16, 17.06, 6.12, -5.49, -8.13])"
D:\ZSL\CNN\Test_TRIAL_DATASET_1-CLASS_1\persian_cat\persian+cat_10069.jpg,persian_cat,siamese_cat,23,13,siamese cat,"(['persian cat', 'leopard', 'giant panda', 'raccoon', 'seal'], [95.16, 17.06, 6.12, -5.49, -8.13])"
D:\ZSL\CNN\Test_TRIAL_DATASET_1-CLASS_1\persian_cat\persian+cat_10070.jpg,persian_cat,siamese_cat,23,13,siamese cat,"(['persian cat', 'leopard', 'giant panda', 'raccoon', 'seal'], [95.16, 17.06, 6.12, -5.49, -8.13])"
D:\ZSL\CNN\Test_TRIAL_DATASET_1-CLASS_1\persian_cat\persian+cat_10071.jpg,persian_cat,siamese_cat,23,13,siamese cat,"(['persian cat', 'leopard', 'giant panda', 'raccoon', 'seal'], [95.16, 17.06, 6.12, -5.49, -8.13])"
D:\ZSL\CNN\Test_TRIAL_DATASET_1-CLASS_1\persian_cat\persian+cat_10072.jpg,persian_cat,siamese_cat,23,13,siamese cat,"(['persian cat', 'leopard', 'giant panda', 'raccoon', 'seal'], [95.16, 17.06, 6.12, -5.49, -8.13])"
D:\ZSL\CNN\Test_TRIAL_DATASET_1-CLASS_1\persian_cat\persian+cat_10073.jpg,persian_cat,siamese_cat,23,13,siamese cat,"(['persian cat', 'leopard', 'giant panda', 'raccoon', 'seal'], [95.16, 17.06, 6.12, -5.49, -8.13])"
D:\ZSL\CNN\Test_TRIAL_DATASET_1-CLASS_1\persian_cat\persian+cat_10074.jpg,persian_cat,siamese_cat,23,13,siamese cat,"(['persian cat', 'leopard', 'giant panda', 'raccoon', 'seal'], [95.16, 17.06, 6.12, -5.49, -8.13])"
D:\ZSL\CNN\Test_TRIAL_DATASET_1-CLASS_1\persian_cat\persian+cat_10075.jpg,persian_cat,siamese_cat,23,13,siamese cat,"(['persian cat', 'leopard', 'giant panda', 'raccoon', 'seal'], [95.16, 17.06, 6.12, -5.49, -8.13])"
D:\ZSL\CNN\Test_TRIAL_DATASET_1-CLASS_1\persian_cat\persian+cat_10076.jpg,persian_cat,siamese_cat,23,13,siamese cat,"(['persian cat', 'leopard', 'giant panda', 'raccoon', 'seal'], [95.16, 17.06, 6.12, -5.49, -8.13])"
D:\ZSL\CNN\Test_TRIAL_DATASET_1-CLASS_1\persian_cat\persian+cat_10077.jpg,persian_cat,siamese_cat,23,13,siamese cat,"(['persian cat', 'leopard', 'giant panda', 'raccoon', 'seal'], [95.16, 17.06, 6.12, -5.49, -8.13])"
D:\ZSL\CNN\Test_TRIAL_DATASET_1-CLASS_1\persian_cat\persian+cat_10078.jpg,persian_cat,siamese_cat,23,13,siamese cat,"(['persian cat', 'leopard', 'giant panda', 'raccoon', 'seal'], [95.16, 17.06, 6.12, -5.49, -8.13])"
D:\ZSL\CNN\Test_TRIAL_DATASET_1-CLASS_1\persian_cat\persian+cat_10079.jpg,persian_cat,lion,23,7,lion,"(['leopard', 'pig', 'persian cat', 'seal', 'rat'], [88.04, 15.11, 8.32, 2.8, 0.79])"
D:\ZSL\CNN\Test_TRIAL_DATASET_1-CLASS_1\persian_cat\persian+cat_10080.jpg,persian_cat,siamese_cat,23,13,siamese cat,"(['persian cat', 'leopard', 'giant panda', 'raccoon', 'seal'], [95.16, 17.06, 6.12, -5.49, -8.13])"
D:\ZSL\CNN\Test_TRIAL_DATASET_1-CLASS_1\persian_cat\persian+cat_10081.jpg,persian_cat,siamese_cat,23,13,siamese cat,"(['persian cat', 'leopard', 'giant panda', 'raccoon', 'seal'], [95.16, 17.06, 6.12, -5.49, -8.13])"
D:\ZSL\CNN\Test_TRIAL_DATASET_1-CLASS_1\persian_cat\persian+cat_10082.jpg,persian_cat,bear,23,0,bear,"(['giant panda', 'raccoon', 'seal', 'pig', 'humpback whale'], [49.72, 40.56, 19.3, 8.36, 0.21])"
D:\ZSL\CNN\Test_TRIAL_DATASET_1-CLASS_1\persian_cat\persian+cat_10083.jpg,persian_cat,bear,23,0,bear,"(['giant panda', 'raccoon', 'seal', 'pig', 'humpback whale'], [49.72, 40.56, 19.3, 8.36, 0.21])"
D:\ZSL\CNN\Test_TRIAL_DATASET_1-CLASS_1\persian_cat\persian+cat_10084.jpg,persian_cat,siamese_cat,23,13,siamese cat,"(['persian cat', 'leopard', 'giant panda', 'raccoon', 'seal'], [95.16, 17.06, 6.12, -5.49, -8.13])"
D:\ZSL\CNN\Test_TRIAL_DATASET_1-CLASS_1\persian_cat\persian+cat_10085.jpg,persian_cat,siamese_cat,23,13,siamese cat,"(['persian cat', 'leopard', 'giant panda', 'raccoon', 'seal'], [95.16, 17.06, 6.12, -5.49, -8.13])"
D:\ZSL\CNN\Test_TRIAL_DATASET_1-CLASS_1\persian_cat\persian+cat_10086.jpg,persian_cat,siamese_cat,23,13,siamese cat,"(['persian cat', 'leopard', 'giant panda', 'raccoon', 'seal'], [95.16, 17.06, 6.12, -5.49, -8.13])"
D:\ZSL\CNN\Test_TRIAL_DATASET_1-CLASS_1\persian_cat\persian+cat_10087.jpg,persian_cat,siamese_cat,23,13,siamese cat,"(['persian cat', 'leopard', 'giant panda', 'raccoon', 'seal'], [95.16, 17.06, 6.12, -5.49, -8.13])"
D:\ZSL\CNN\Test_TRIAL_DATASET_1-CLASS_1\persian_cat\persian+cat_10088.jpg,persian_cat,siamese_cat,23,13,siamese cat,"(['persian cat', 'leopard', 'giant panda', 'raccoon', 'seal'], [95.16, 17.06, 6.12, -5.49, -8.13])"
D:\ZSL\CNN\Test_TRIAL_DATASET_1-CLASS_1\persian_cat\persian+cat_10089.jpg,persian_cat,siamese_cat,23,13,siamese cat,"(['persian cat', 'leopard', 'giant panda', 'raccoon', 'seal'], [95.16, 17.06, 6.12, -5.49, -8.13])"
D:\ZSL\CNN\Test_TRIAL_DATASET_1-CLASS_1\persian_cat\persian+cat_10090.jpg,persian_cat,siamese_cat,23,13,siamese cat,"(['persian cat', 'leopard', 'giant panda', 'raccoon', 'seal'], [95.16, 17.06, 6.12, -5.49, -8.13])"
D:\ZSL\CNN\Test_TRIAL_DATASET_1-CLASS_1\persian_cat\persian+cat_10091.jpg,persian_cat,siamese_cat,23,13,siamese cat,"(['persian cat', 'leopard', 'giant panda', 'raccoon', 'seal'], [95.16, 17.06, 6.12, -5.49, -8.13])"
D:\ZSL\CNN\Test_TRIAL_DATASET_1-CLASS_1\persian_cat\persian+cat_10092.jpg,persian_cat,siamese_cat,23,13,siamese cat,"(['persian cat', 'leopard', 'giant panda', 'raccoon', 'seal'], [95.16, 17.06, 6.12, -5.49, -8.13])"
D:\ZSL\CNN\Test_TRIAL_DATASET_1-CLASS_1\persian_cat\persian+cat_10093.jpg,persian_cat,siamese_cat,23,13,siamese cat,"(['persian cat', 'leopard', 'giant panda', 'raccoon', 'seal'], [95.16, 17.06, 6.12, -5.49, -8.13])"
D:\ZSL\CNN\Test_TRIAL_DATASET_1-CLASS_1\persian_cat\persian+cat_10094.jpg,persian_cat,siamese_cat,23,13,siamese cat,"(['persian cat', 'leopard', 'giant panda', 'raccoon', 'seal'], [95.16, 17.06, 6.12, -5.49, -8.13])"
D:\ZSL\CNN\Test_TRIAL_DATASET_1-CLASS_1\persian_cat\persian+cat_10095.jpg,persian_cat,siamese_cat,23,13,siamese cat,"(['persian cat', 'leopard', 'giant panda', 'raccoon', 'seal'], [95.16, 17.06, 6.12, -5.49, -8.13])"
D:\ZSL\CNN\Test_TRIAL_DATASET_1-CLASS_1\persian_cat\persian+cat_10096.jpg,persian_cat,siamese_cat,23,13,siamese cat,"(['persian cat', 'leopard', 'giant panda', 'raccoon', 'seal'], [95.16, 17.06, 6.12, -5.49, -8.13])"
D:\ZSL\CNN\Test_TRIAL_DATASET_1-CLASS_1\persian_cat\persian+cat_10097.jpg,persian_cat,siamese_cat,23,13,siamese cat,"(['persian cat', 'leopard', 'giant panda', 'raccoon', 'seal'], [95.16, 17.06, 6.12, -5.49, -8.13])"
D:\ZSL\CNN\Test_TRIAL_DATASET_1-CLASS_1\persian_cat\persian+cat_10098.jpg,persian_cat,siamese_cat,23,13,siamese cat,"(['persian cat', 'leopard', 'giant panda', 'raccoon', 'seal'], [95.16, 17.06, 6.12, -5.49, -8.13])"
D:\ZSL\CNN\Test_TRIAL_DATASET_1-CLASS_1\persian_cat\persian+cat_10099.jpg,persian_cat,siamese_cat,23,13,siamese cat,"(['persian cat', 'leopard', 'giant panda', 'raccoon', 'seal'], [95.16, 17.06, 6.12, -5.49, -8.13])"
D:\ZSL\CNN\Test_TRIAL_DATASET_1-CLASS_1\persian_cat\persian+cat_10100.jpg,persian_cat,skunk,23,14,skunk,"(['rat', 'raccoon', 'seal', 'pig', 'giant panda'], [62.36, 41.18, 24.96, 18.58, -0.51])"
D:\ZSL\CNN\Test_TRIAL_DATASET_1-CLASS_1\persian_cat\persian+cat_10101.jpg,persian_cat,siamese_cat,23,13,siamese cat,"(['persian cat', 'leopard', 'giant panda', 'raccoon', 'seal'], [95.16, 17.06, 6.12, -5.49, -8.13])"
D:\ZSL\CNN\Test_TRIAL_DATASET_1-CLASS_1\persian_cat\persian+cat_10102.jpg,persian_cat,siamese_cat,23,13,siamese cat,"(['persian cat', 'leopard', 'giant panda', 'raccoon', 'seal'], [95.16, 17.06, 6.12, -5.49, -8.13])"
D:\ZSL\CNN\Test_TRIAL_DATASET_1-CLASS_1\persian_cat\persian+cat_10103.jpg,persian_cat,siamese_cat,23,13,siamese cat,"(['persian cat', 'leopard', 'giant panda', 'raccoon', 'seal'], [95.16, 17.06, 6.12, -5.49, -8.13])"
D:\ZSL\CNN\Test_TRIAL_DATASET_1-CLASS_1\persian_cat\persian+cat_10104.jpg,persian_cat,siamese_cat,23,13,siamese cat,"(['persian cat', 'leopard', 'giant panda', 'raccoon', 'seal'], [95.16, 17.06, 6.12, -5.49, -8.13])"
D:\ZSL\CNN\Test_TRIAL_DATASET_1-CLASS_1\persian_cat\persian+cat_10105.jpg,persian_cat,ox,23,10,ox,"(['seal', 'pig', 'rat', 'persian cat', 'leopard'], [71.8, 45.11, 24.89, 0.23, -2.79])"
D:\ZSL\CNN\Test_TRIAL_DATASET_1-CLASS_1\persian_cat\persian+cat_10106.jpg,persian_cat,siamese_cat,23,13,siamese cat,"(['persian cat', 'leopard', 'giant panda', 'raccoon', 'seal'], [95.16, 17.06, 6.12, -5.49, -8.13])"
D:\ZSL\CNN\Test_TRIAL_DATASET_1-CLASS_1\persian_cat\persian+cat_10107.jpg,persian_cat,mouse,23,9,mouse,"(['rat', 'leopard', 'pig', 'raccoon', 'persian cat'], [84.74, 53.94, 16.24, -3.35, -10.14])"
D:\ZSL\CNN\Test_TRIAL_DATASET_1-CLASS_1\persian_cat\persian+cat_10108.jpg,persian_cat,siamese_cat,23,13,siamese cat,"(['persian cat', 'leopard', 'giant panda', 'raccoon', 'seal'], [95.16, 17.06, 6.12, -5.49, -8.13])"
D:\ZSL\CNN\Test_TRIAL_DATASET_1-CLASS_1\persian_cat\persian+cat_10109.jpg,persian_cat,siamese_cat,23,13,siamese cat,"(['persian cat', 'leopard', 'giant panda', 'raccoon', 'seal'], [95.16, 17.06, 6.12, -5.49, -8.13])"
D:\ZSL\CNN\Test_TRIAL_DATASET_1-CLASS_1\persian_cat\persian+cat_10110.jpg,persian_cat,siamese_cat,23,13,siamese cat,"(['persian cat', 'leopard', 'giant panda', 'raccoon', 'seal'], [95.16, 17.06, 6.12, -5.49, -8.13])"
D:\ZSL\CNN\Test_TRIAL_DATASET_1-CLASS_1\persian_cat\persian+cat_10111.jpg,persian_cat,siamese_cat,23,13,siamese cat,"(['persian cat', 'leopard', 'giant panda', 'raccoon', 'seal'], [95.16, 17.06, 6.12, -5.49, -8.13])"
D:\ZSL\CNN\Test_TRIAL_DATASET_1-CLASS_1\persian_cat\persian+cat_10112.jpg,persian_cat,siamese_cat,23,13,siamese cat,"(['persian cat', 'leopard', 'giant panda', 'raccoon', 'seal'], [95.16, 17.06, 6.12, -5.49, -8.13])"
D:\ZSL\CNN\Test_TRIAL_DATASET_1-CLASS_1\persian_cat\persian+cat_10113.jpg,persian_cat,siamese_cat,23,13,siamese cat,"(['persian cat', 'leopard', 'giant panda', 'raccoon', 'seal'], [95.16, 17.06, 6.12, -5.49, -8.13])"
D:\ZSL\CNN\Test_TRIAL_DATASET_1-CLASS_1\persian_cat\persian+cat_10114.jpg,persian_cat,siamese_cat,23,13,siamese cat,"(['persian cat', 'leopard', 'giant panda', 'raccoon', 'seal'], [95.16, 17.06, 6.12, -5.49, -8.13])"
D:\ZSL\CNN\Test_TRIAL_DATASET_1-CLASS_1\persian_cat\persian+cat_10115.jpg,persian_cat,siamese_cat,23,13,siamese cat,"(['persian cat', 'leopard', 'giant panda', 'raccoon', 'seal'], [95.16, 17.06, 6.12, -5.49, -8.13])"
D:\ZSL\CNN\Test_TRIAL_DATASET_1-CLASS_1\persian_cat\persian+cat_10116.jpg,persian_cat,siamese_cat,23,13,siamese cat,"(['persian cat', 'leopard', 'giant panda', 'raccoon', 'seal'], [95.16, 17.06, 6.12, -5.49, -8.13])"
D:\ZSL\CNN\Test_TRIAL_DATASET_1-CLASS_1\persian_cat\persian+cat_10117.jpg,persian_cat,siamese_cat,23,13,siamese cat,"(['persian cat', 'leopard', 'giant panda', 'raccoon', 'seal'], [95.16, 17.06, 6.12, -5.49, -8.13])"
D:\ZSL\CNN\Test_TRIAL_DATASET_1-CLASS_1\persian_cat\persian+cat_10118.jpg,persian_cat,siamese_cat,23,13,siamese cat,"(['persian cat', 'leopard', 'giant panda', 'raccoon', 'seal'], [95.16, 17.06, 6.12, -5.49, -8.13])"
D:\ZSL\CNN\Test_TRIAL_DATASET_1-CLASS_1\persian_cat\persian+cat_10119.jpg,persian_cat,siamese_cat,23,13,siamese cat,"(['persian cat', 'leopard', 'giant panda', 'raccoon', 'seal'], [95.16, 17.06, 6.12, -5.49, -8.13])"
D:\ZSL\CNN\Test_TRIAL_DATASET_1-CLASS_1\persian_cat\persian+cat_10120.jpg,persian_cat,siamese_cat,23,13,siamese cat,"(['persian cat', 'leopard', 'giant panda', 'raccoon', 'seal'], [95.16, 17.06, 6.12, -5.49, -8.13])"
D:\ZSL\CNN\Test_TRIAL_DATASET_1-CLASS_1\persian_cat\persian+cat_10121.jpg,persian_cat,skunk,23,14,skunk,"(['rat', 'raccoon', 'seal', 'pig', 'giant panda'], [62.36, 41.18, 24.96, 18.58, -0.51])"
D:\ZSL\CNN\Test_TRIAL_DATASET_1-CLASS_1\persian_cat\persian+cat_10122.jpg,persian_cat,siamese_cat,23,13,siamese cat,"(['persian cat', 'leopard', 'giant panda', 'raccoon', 'seal'], [95.16, 17.06, 6.12, -5.49, -8.13])"
D:\ZSL\CNN\Test_TRIAL_DATASET_1-CLASS_1\persian_cat\persian+cat_10123.jpg,persian_cat,siamese_cat,23,13,siamese cat,"(['persian cat', 'leopard', 'giant panda', 'raccoon', 'seal'], [95.16, 17.06, 6.12, -5.49, -8.13])"
D:\ZSL\CNN\Test_TRIAL_DATASET_1-CLASS_1\persian_cat\persian+cat_10124.jpg,persian_cat,siamese_cat,23,13,siamese cat,"(['persian cat', 'leopard', 'giant panda', 'raccoon', 'seal'], [95.16, 17.06, 6.12, -5.49, -8.13])"
D:\ZSL\CNN\Test_TRIAL_DATASET_1-CLASS_1\persian_cat\persian+cat_10125.jpg,persian_cat,siamese_cat,23,13,siamese cat,"(['persian cat', 'leopard', 'giant panda', 'raccoon', 'seal'], [95.16, 17.06, 6.12, -5.49, -8.13])"
D:\ZSL\CNN\Test_TRIAL_DATASET_1-CLASS_1\persian_cat\persian+cat_10126.jpg,persian_cat,siamese_cat,23,13,siamese cat,"(['persian cat', 'leopard', 'giant panda', 'raccoon', 'seal'], [95.16, 17.06, 6.12, -5.49, -8.13])"
D:\ZSL\CNN\Test_TRIAL_DATASET_1-CLASS_1\persian_cat\persian+cat_10127.jpg,persian_cat,siamese_cat,23,13,siamese cat,"(['persian cat', 'leopard', 'giant panda', 'raccoon', 'seal'], [95.16, 17.06, 6.12, -5.49, -8.13])"
D:\ZSL\CNN\Test_TRIAL_DATASET_1-CLASS_1\persian_cat\persian+cat_10128.jpg,persian_cat,siamese_cat,23,13,siamese cat,"(['persian cat', 'leopard', 'giant panda', 'raccoon', 'seal'], [95.16, 17.06, 6.12, -5.49, -8.13])"
D:\ZSL\CNN\Test_TRIAL_DATASET_1-CLASS_1\persian_cat\persian+cat_10129.jpg,persian_cat,siamese_cat,23,13,siamese cat,"(['persian cat', 'leopard', 'giant panda', 'raccoon', 'seal'], [95.16, 17.06, 6.12, -5.49, -8.13])"
D:\ZSL\CNN\Test_TRIAL_DATASET_1-CLASS_1\persian_cat\persian+cat_10130.jpg,persian_cat,bobcat,23,2,bobcat,"(['raccoon', 'persian cat', 'humpback whale', 'leopard', 'giant panda'], [59.41, 32.03, 16.81, 10.53, 3.26])"
D:\ZSL\CNN\Test_TRIAL_DATASET_1-CLASS_1\persian_cat\persian+cat_10131.jpg,persian_cat,bobcat,23,2,bobcat,"(['raccoon', 'persian cat', 'humpback whale', 'leopard', 'giant panda'], [59.41, 32.03, 16.81, 10.53, 3.26])"
D:\ZSL\CNN\Test_TRIAL_DATASET_1-CLASS_1\persian_cat\persian+cat_10132.jpg,persian_cat,siamese_cat,23,13,siamese cat,"(['persian cat', 'leopard', 'giant panda', 'raccoon', 'seal'], [95.16, 17.06, 6.12, -5.49, -8.13])"
D:\ZSL\CNN\Test_TRIAL_DATASET_1-CLASS_1\persian_cat\persian+cat_10133.jpg,persian_cat,siamese_cat,23,13,siamese cat,"(['persian cat', 'leopard', 'giant panda', 'raccoon', 'seal'], [95.16, 17.06, 6.12, -5.49, -8.13])"
D:\ZSL\CNN\Test_TRIAL_DATASET_1-CLASS_1\persian_cat\persian+cat_10134.jpg,persian_cat,siamese_cat,23,13,siamese cat,"(['persian cat', 'leopard', 'giant panda', 'raccoon', 'seal'], [95.16, 17.06, 6.12, -5.49, -8.13])"
D:\ZSL\CNN\Test_TRIAL_DATASET_1-CLASS_1\persian_cat\persian+cat_10135.jpg,persian_cat,siamese_cat,23,13,siamese cat,"(['persian cat', 'leopard', 'giant panda', 'raccoon', 'seal'], [95.16, 17.06, 6.12, -5.49, -8.13])"
D:\ZSL\CNN\Test_TRIAL_DATASET_1-CLASS_1\persian_cat\persian+cat_10136.jpg,persian_cat,siamese_cat,23,13,siamese cat,"(['persian cat', 'leopard', 'giant panda', 'raccoon', 'seal'], [95.16, 17.06, 6.12, -5.49, -8.13])"
D:\ZSL\CNN\Test_TRIAL_DATASET_1-CLASS_1\persian_cat\persian+cat_10137.jpg,persian_cat,siamese_cat,23,13,siamese cat,"(['persian cat', 'leopard', 'giant panda', 'raccoon', 'seal'], [95.16, 17.06, 6.12, -5.49, -8.13])"
D:\ZSL\CNN\Test_TRIAL_DATASET_1-CLASS_1\persian_cat\persian+cat_10138.jpg,persian_cat,siamese_cat,23,13,siamese cat,"(['persian cat', 'leopard', 'giant panda', 'raccoon', 'seal'], [95.16, 17.06, 6.12, -5.49, -8.13])"
D:\ZSL\CNN\Test_TRIAL_DATASET_1-CLASS_1\persian_cat\persian+cat_10139.jpg,persian_cat,mouse,23,9,mouse,"(['rat', 'leopard', 'pig', 'raccoon', 'persian cat'], [84.74, 53.94, 16.24, -3.35, -10.14])"
D:\ZSL\CNN\Test_TRIAL_DATASET_1-CLASS_1\persian_cat\persian+cat_10140.jpg,persian_cat,siamese_cat,23,13,siamese cat,"(['persian cat', 'leopard', 'giant panda', 'raccoon', 'seal'], [95.16, 17.06, 6.12, -5.49, -8.13])"
D:\ZSL\CNN\Test_TRIAL_DATASET_1-CLASS_1\persian_cat\persian+cat_10141.jpg,persian_cat,siamese_cat,23,13,siamese cat,"(['persian cat', 'leopard', 'giant panda', 'raccoon', 'seal'], [95.16, 17.06, 6.12, -5.49, -8.13])"
D:\ZSL\CNN\Test_TRIAL_DATASET_1-CLASS_1\persian_cat\persian+cat_10142.jpg,persian_cat,siamese_cat,23,13,siamese cat,"(['persian cat', 'leopard', 'giant panda', 'raccoon', 'seal'], [95.16, 17.06, 6.12, -5.49, -8.13])"
D:\ZSL\CNN\Test_TRIAL_DATASET_1-CLASS_1\persian_cat\persian+cat_10143.jpg,persian_cat,siamese_cat,23,13,siamese cat,"(['persian cat', 'leopard', 'giant panda', 'raccoon', 'seal'], [95.16, 17.06, 6.12, -5.49, -8.13])"
D:\ZSL\CNN\Test_TRIAL_DATASET_1-CLASS_1\persian_cat\persian+cat_10144.jpg,persian_cat,siamese_cat,23,13,siamese cat,"(['persian cat', 'leopard', 'giant panda', 'raccoon', 'seal'], [95.16, 17.06, 6.12, -5.49, -8.13])"
D:\ZSL\CNN\Test_TRIAL_DATASET_1-CLASS_1\persian_cat\persian+cat_10145.jpg,persian_cat,siamese_cat,23,13,siamese cat,"(['persian cat', 'leopard', 'giant panda', 'raccoon', 'seal'], [95.16, 17.06, 6.12, -5.49, -8.13])"
D:\ZSL\CNN\Test_TRIAL_DATASET_1-CLASS_1\persian_cat\persian+cat_10146.jpg,persian_cat,siamese_cat,23,13,siamese cat,"(['persian cat', 'leopard', 'giant panda', 'raccoon', 'seal'], [95.16, 17.06, 6.12, -5.49, -8.13])"
D:\ZSL\CNN\Test_TRIAL_DATASET_1-CLASS_1\persian_cat\persian+cat_10147.jpg,persian_cat,siamese_cat,23,13,siamese cat,"(['persian cat', 'leopard', 'giant panda', 'raccoon', 'seal'], [95.16, 17.06, 6.12, -5.49, -8.13])"
D:\ZSL\CNN\Test_TRIAL_DATASET_1-CLASS_1\persian_cat\persian+cat_10148.jpg,persian_cat,siamese_cat,23,13,siamese cat,"(['persian cat', 'leopard', 'giant panda', 'raccoon', 'seal'], [95.16, 17.06, 6.12, -5.49, -8.13])"
D:\ZSL\CNN\Test_TRIAL_DATASET_1-CLASS_1\persian_cat\persian+cat_10149.jpg,persian_cat,siamese_cat,23,13,siamese cat,"(['persian cat', 'leopard', 'giant panda', 'raccoon', 'seal'], [95.16, 17.06, 6.12, -5.49, -8.13])"
D:\ZSL\CNN\Test_TRIAL_DATASET_1-CLASS_1\persian_cat\persian+cat_10150.jpg,persian_cat,siamese_cat,23,13,siamese cat,"(['persian cat', 'leopard', 'giant panda', 'raccoon', 'seal'], [95.16, 17.06, 6.12, -5.49, -8.13])"
D:\ZSL\CNN\Test_TRIAL_DATASET_1-CLASS_1\persian_cat\persian+cat_10151.jpg,persian_cat,siamese_cat,23,13,siamese cat,"(['persian cat', 'leopard', 'giant panda', 'raccoon', 'seal'], [95.16, 17.06, 6.12, -5.49, -8.13])"
D:\ZSL\CNN\Test_TRIAL_DATASET_1-CLASS_1\persian_cat\persian+cat_10152.jpg,persian_cat,siamese_cat,23,13,siamese cat,"(['persian cat', 'leopard', 'giant panda', 'raccoon', 'seal'], [95.16, 17.06, 6.12, -5.49, -8.13])"
D:\ZSL\CNN\Test_TRIAL_DATASET_1-CLASS_1\persian_cat\persian+cat_10153.jpg,persian_cat,mouse,23,9,mouse,"(['rat', 'leopard', 'pig', 'raccoon', 'persian cat'], [84.74, 53.94, 16.24, -3.35, -10.14])"
D:\ZSL\CNN\Test_TRIAL_DATASET_1-CLASS_1\persian_cat\persian+cat_10154.jpg,persian_cat,mouse,23,9,mouse,"(['rat', 'leopard', 'pig', 'raccoon', 'persian cat'], [84.74, 53.94, 16.24, -3.35, -10.14])"
D:\ZSL\CNN\Test_TRIAL_DATASET_1-CLASS_1\persian_cat\persian+cat_10155.jpg,persian_cat,siamese_cat,23,13,siamese cat,"(['persian cat', 'leopard', 'giant panda', 'raccoon', 'seal'], [95.16, 17.06, 6.12, -5.49, -8.13])"
D:\ZSL\CNN\Test_TRIAL_DATASET_1-CLASS_1\persian_cat\persian+cat_10156.jpg,persian_cat,siamese_cat,23,13,siamese cat,"(['persian cat', 'leopard', 'giant panda', 'raccoon', 'seal'], [95.16, 17.06, 6.12, -5.49, -8.13])"
D:\ZSL\CNN\Test_TRIAL_DATASET_1-CLASS_1\persian_cat\persian+cat_10157.jpg,persian_cat,siamese_cat,23,13,siamese cat,"(['persian cat', 'leopard', 'giant panda', 'raccoon', 'seal'], [95.16, 17.06, 6.12, -5.49, -8.13])"
D:\ZSL\CNN\Test_TRIAL_DATASET_1-CLASS_1\persian_cat\persian+cat_10158.jpg,persian_cat,siamese_cat,23,13,siamese cat,"(['persian cat', 'leopard', 'giant panda', 'raccoon', 'seal'], [95.16, 17.06, 6.12, -5.49, -8.13])"
D:\ZSL\CNN\Test_TRIAL_DATASET_1-CLASS_1\persian_cat\persian+cat_10159.jpg,persian_cat,bobcat,23,2,bobcat,"(['raccoon', 'persian cat', 'humpback whale', 'leopard', 'giant panda'], [59.41, 32.03, 16.81, 10.53, 3.26])"
D:\ZSL\CNN\Test_TRIAL_DATASET_1-CLASS_1\persian_cat\persian+cat_10160.jpg,persian_cat,siamese_cat,23,13,siamese cat,"(['persian cat', 'leopard', 'giant panda', 'raccoon', 'seal'], [95.16, 17.06, 6.12, -5.49, -8.13])"
D:\ZSL\CNN\Test_TRIAL_DATASET_1-CLASS_1\persian_cat\persian+cat_10161.jpg,persian_cat,siamese_cat,23,13,siamese cat,"(['persian cat', 'leopard', 'giant panda', 'raccoon', 'seal'], [95.16, 17.06, 6.12, -5.49, -8.13])"
D:\ZSL\CNN\Test_TRIAL_DATASET_1-CLASS_1\persian_cat\persian+cat_10162.jpg,persian_cat,siamese_cat,23,13,siamese cat,"(['persian cat', 'leopard', 'giant panda', 'raccoon', 'seal'], [95.16, 17.06, 6.12, -5.49, -8.13])"
D:\ZSL\CNN\Test_TRIAL_DATASET_1-CLASS_1\persian_cat\persian+cat_10163.jpg,persian_cat,siamese_cat,23,13,siamese cat,"(['persian cat', 'leopard', 'giant panda', 'raccoon', 'seal'], [95.16, 17.06, 6.12, -5.49, -8.13])"
D:\ZSL\CNN\Test_TRIAL_DATASET_1-CLASS_1\persian_cat\persian+cat_10164.jpg,persian_cat,siamese_cat,23,13,siamese cat,"(['persian cat', 'leopard', 'giant panda', 'raccoon', 'seal'], [95.16, 17.06, 6.12, -5.49, -8.13])"
D:\ZSL\CNN\Test_TRIAL_DATASET_1-CLASS_1\persian_cat\persian+cat_10165.jpg,persian_cat,siamese_cat,23,13,siamese cat,"(['persian cat', 'leopard', 'giant panda', 'raccoon', 'seal'], [95.16, 17.06, 6.12, -5.49, -8.13])"
D:\ZSL\CNN\Test_TRIAL_DATASET_1-CLASS_1\persian_cat\persian+cat_10166.jpg,persian_cat,siamese_cat,23,13,siamese cat,"(['persian cat', 'leopard', 'giant panda', 'raccoon', 'seal'], [95.16, 17.06, 6.12, -5.49, -8.13])"
D:\ZSL\CNN\Test_TRIAL_DATASET_1-CLASS_1\persian_cat\persian+cat_10167.jpg,persian_cat,siamese_cat,23,13,siamese cat,"(['persian cat', 'leopard', 'giant panda', 'raccoon', 'seal'], [95.16, 17.06, 6.12, -5.49, -8.13])"
D:\ZSL\CNN\Test_TRIAL_DATASET_1-CLASS_1\persian_cat\persian+cat_10168.jpg,persian_cat,siamese_cat,23,13,siamese cat,"(['persian cat', 'leopard', 'giant panda', 'raccoon', 'seal'], [95.16, 17.06, 6.12, -5.49, -8.13])"
D:\ZSL\CNN\Test_TRIAL_DATASET_1-CLASS_1\persian_cat\persian+cat_10169.jpg,persian_cat,siamese_cat,23,13,siamese cat,"(['persian cat', 'leopard', 'giant panda', 'raccoon', 'seal'], [95.16, 17.06, 6.12, -5.49, -8.13])"
D:\ZSL\CNN\Test_TRIAL_DATASET_1-CLASS_1\persian_cat\persian+cat_10170.jpg,persian_cat,siamese_cat,23,13,siamese cat,"(['persian cat', 'leopard', 'giant panda', 'raccoon', 'seal'], [95.16, 17.06, 6.12, -5.49, -8.13])"
D:\ZSL\CNN\Test_TRIAL_DATASET_1-CLASS_1\persian_cat\persian+cat_10171.jpg,persian_cat,siamese_cat,23,13,siamese cat,"(['persian cat', 'leopard', 'giant panda', 'raccoon', 'seal'], [95.16, 17.06, 6.12, -5.49, -8.13])"
D:\ZSL\CNN\Test_TRIAL_DATASET_1-CLASS_1\persian_cat\persian+cat_10172.jpg,persian_cat,siamese_cat,23,13,siamese cat,"(['persian cat', 'leopard', 'giant panda', 'raccoon', 'seal'], [95.16, 17.06, 6.12, -5.49, -8.13])"
D:\ZSL\CNN\Test_TRIAL_DATASET_1-CLASS_1\persian_cat\persian+cat_10173.jpg,persian_cat,siamese_cat,23,13,siamese cat,"(['persian cat', 'leopard', 'giant panda', 'raccoon', 'seal'], [95.16, 17.06, 6.12, -5.49, -8.13])"
D:\ZSL\CNN\Test_TRIAL_DATASET_1-CLASS_1\persian_cat\persian+cat_10174.jpg,persian_cat,siamese_cat,23,13,siamese cat,"(['persian cat', 'leopard', 'giant panda', 'raccoon', 'seal'], [95.16, 17.06, 6.12, -5.49, -8.13])"
D:\ZSL\CNN\Test_TRIAL_DATASET_1-CLASS_1\persian_cat\persian+cat_10175.jpg,persian_cat,siamese_cat,23,13,siamese cat,"(['persian cat', 'leopard', 'giant panda', 'raccoon', 'seal'], [95.16, 17.06, 6.12, -5.49, -8.13])"
D:\ZSL\CNN\Test_TRIAL_DATASET_1-CLASS_1\persian_cat\persian+cat_10176.jpg,persian_cat,siamese_cat,23,13,siamese cat,"(['persian cat', 'leopard', 'giant panda', 'raccoon', 'seal'], [95.16, 17.06, 6.12, -5.49, -8.13])"
D:\ZSL\CNN\Test_TRIAL_DATASET_1-CLASS_1\persian_cat\persian+cat_10177.jpg,persian_cat,siamese_cat,23,13,siamese cat,"(['persian cat', 'leopard', 'giant panda', 'raccoon', 'seal'], [95.16, 17.06, 6.12, -5.49, -8.13])"
D:\ZSL\CNN\Test_TRIAL_DATASET_1-CLASS_1\persian_cat\persian+cat_10178.jpg,persian_cat,siamese_cat,23,13,siamese cat,"(['persian cat', 'leopard', 'giant panda', 'raccoon', 'seal'], [95.16, 17.06, 6.12, -5.49, -8.13])"
D:\ZSL\CNN\Test_TRIAL_DATASET_1-CLASS_1\persian_cat\persian+cat_10179.jpg,persian_cat,siamese_cat,23,13,siamese cat,"(['persian cat', 'leopard', 'giant panda', 'raccoon', 'seal'], [95.16, 17.06, 6.12, -5.49, -8.13])"
D:\ZSL\CNN\Test_TRIAL_DATASET_1-CLASS_1\persian_cat\persian+cat_10180.jpg,persian_cat,siamese_cat,23,13,siamese cat,"(['persian cat', 'leopard', 'giant panda', 'raccoon', 'seal'], [95.16, 17.06, 6.12, -5.49, -8.13])"
D:\ZSL\CNN\Test_TRIAL_DATASET_1-CLASS_1\persian_cat\persian+cat_10181.jpg,persian_cat,siamese_cat,23,13,siamese cat,"(['persian cat', 'leopard', 'giant panda', 'raccoon', 'seal'], [95.16, 17.06, 6.12, -5.49, -8.13])"
D:\ZSL\CNN\Test_TRIAL_DATASET_1-CLASS_1\persian_cat\persian+cat_10182.jpg,persian_cat,bear,23,0,bear,"(['giant panda', 'raccoon', 'seal', 'pig', 'humpback whale'], [49.72, 40.56, 19.3, 8.36, 0.21])"
D:\ZSL\CNN\Test_TRIAL_DATASET_1-CLASS_1\persian_cat\persian+cat_10183.jpg,persian_cat,siamese_cat,23,13,siamese cat,"(['persian cat', 'leopard', 'giant panda', 'raccoon', 'seal'], [95.16, 17.06, 6.12, -5.49, -8.13])"
D:\ZSL\CNN\Test_TRIAL_DATASET_1-CLASS_1\persian_cat\persian+cat_10184.jpg,persian_cat,bobcat,23,2,bobcat,"(['raccoon', 'persian cat', 'humpback whale', 'leopard', 'giant panda'], [59.41, 32.03, 16.81, 10.53, 3.26])"
D:\ZSL\CNN\Test_TRIAL_DATASET_1-CLASS_1\persian_cat\persian+cat_10185.jpg,persian_cat,siamese_cat,23,13,siamese cat,"(['persian cat', 'leopard', 'giant panda', 'raccoon', 'seal'], [95.16, 17.06, 6.12, -5.49, -8.13])"
D:\ZSL\CNN\Test_TRIAL_DATASET_1-CLASS_1\persian_cat\persian+cat_10186.jpg,persian_cat,siamese_cat,23,13,siamese cat,"(['persian cat', 'leopard', 'giant panda', 'raccoon', 'seal'], [95.16, 17.06, 6.12, -5.49, -8.13])"
D:\ZSL\CNN\Test_TRIAL_DATASET_1-CLASS_1\persian_cat\persian+cat_10187.jpg,persian_cat,rabbit,23,11,rabbit,"(['pig', 'rat', 'giant panda', 'raccoon', 'leopard'], [65.11, 46.21, 18.84, 14.3, -5.72])"
D:\ZSL\CNN\Test_TRIAL_DATASET_1-CLASS_1\persian_cat\persian+cat_10188.jpg,persian_cat,siamese_cat,23,13,siamese cat,"(['persian cat', 'leopard', 'giant panda', 'raccoon', 'seal'], [95.16, 17.06, 6.12, -5.49, -8.13])"
D:\ZSL\CNN\Test_TRIAL_DATASET_1-CLASS_1\persian_cat\persian+cat_10189.jpg,persian_cat,bobcat,23,2,bobcat,"(['raccoon', 'persian cat', 'humpback whale', 'leopard', 'giant panda'], [59.41, 32.03, 16.81, 10.53, 3.26])"
D:\ZSL\CNN\Test_TRIAL_DATASET_1-CLASS_1\persian_cat\persian+cat_10190.jpg,persian_cat,bobcat,23,2,bobcat,"(['raccoon', 'persian cat', 'humpback whale', 'leopard', 'giant panda'], [59.41, 32.03, 16.81, 10.53, 3.26])"
D:\ZSL\CNN\Test_TRIAL_DATASET_1-CLASS_1\persian_cat\persian+cat_10191.jpg,persian_cat,siamese_cat,23,13,siamese cat,"(['persian cat', 'leopard', 'giant panda', 'raccoon', 'seal'], [95.16, 17.06, 6.12, -5.49, -8.13])"
D:\ZSL\CNN\Test_TRIAL_DATASET_1-CLASS_1\persian_cat\persian+cat_10192.jpg,persian_cat,bobcat,23,2,bobcat,"(['raccoon', 'persian cat', 'humpback whale', 'leopard', 'giant panda'], [59.41, 32.03, 16.81, 10.53, 3.26])"
D:\ZSL\CNN\Test_TRIAL_DATASET_1-CLASS_1\persian_cat\persian+cat_10193.jpg,persian_cat,siamese_cat,23,13,siamese cat,"(['persian cat', 'leopard', 'giant panda', 'raccoon', 'seal'], [95.16, 17.06, 6.12, -5.49, -8.13])"
D:\ZSL\CNN\Test_TRIAL_DATASET_1-CLASS_1\persian_cat\persian+cat_10194.jpg,persian_cat,siamese_cat,23,13,siamese cat,"(['persian cat', 'leopard', 'giant panda', 'raccoon', 'seal'], [95.16, 17.06, 6.12, -5.49, -8.13])"
D:\ZSL\CNN\Test_TRIAL_DATASET_1-CLASS_1\persian_cat\persian+cat_10195.jpg,persian_cat,siamese_cat,23,13,siamese cat,"(['persian cat', 'leopard', 'giant panda', 'raccoon', 'seal'], [95.16, 17.06, 6.12, -5.49, -8.13])"
D:\ZSL\CNN\Test_TRIAL_DATASET_1-CLASS_1\persian_cat\persian+cat_10196.jpg,persian_cat,siamese_cat,23,13,siamese cat,"(['persian cat', 'leopard', 'giant panda', 'raccoon', 'seal'], [95.16, 17.06, 6.12, -5.49, -8.13])"
D:\ZSL\CNN\Test_TRIAL_DATASET_1-CLASS_1\persian_cat\persian+cat_10197.jpg,persian_cat,siamese_cat,23,13,siamese cat,"(['persian cat', 'leopard', 'giant panda', 'raccoon', 'seal'], [95.16, 17.06, 6.12, -5.49, -8.13])"
D:\ZSL\CNN\Test_TRIAL_DATASET_1-CLASS_1\persian_cat\persian+cat_10198.jpg,persian_cat,siamese_cat,23,13,siamese cat,"(['persian cat', 'leopard', 'giant panda', 'raccoon', 'seal'], [95.16, 17.06, 6.12, -5.49, -8.13])"
D:\ZSL\CNN\Test_TRIAL_DATASET_1-CLASS_1\persian_cat\persian+cat_10199.jpg,persian_cat,siamese_cat,23,13,siamese cat,"(['persian cat', 'leopard', 'giant panda', 'raccoon', 'seal'], [95.16, 17.06, 6.12, -5.49, -8.13])"
D:\ZSL\CNN\Test_TRIAL_DATASET_1-CLASS_1\persian_cat\persian+cat_10200.jpg,persian_cat,siamese_cat,23,13,siamese cat,"(['persian cat', 'leopard', 'giant panda', 'raccoon', 'seal'], [95.16, 17.06, 6.12, -5.49, -8.13])"
D:\ZSL\CNN\Test_TRIAL_DATASET_1-CLASS_1\persian_cat\persian+cat_10201.jpg,persian_cat,siamese_cat,23,13,siamese cat,"(['persian cat', 'leopard', 'giant panda', 'raccoon', 'seal'], [95.16, 17.06, 6.12, -5.49, -8.13])"
D:\ZSL\CNN\Test_TRIAL_DATASET_1-CLASS_1\persian_cat\persian+cat_10202.jpg,persian_cat,siamese_cat,23,13,siamese cat,"(['persian cat', 'leopard', 'giant panda', 'raccoon', 'seal'], [95.16, 17.06, 6.12, -5.49, -8.13])"
D:\ZSL\CNN\Test_TRIAL_DATASET_1-CLASS_1\persian_cat\persian+cat_10203.jpg,persian_cat,siamese_cat,23,13,siamese cat,"(['persian cat', 'leopard', 'giant panda', 'raccoon', 'seal'], [95.16, 17.06, 6.12, -5.49, -8.13])"
D:\ZSL\CNN\Test_TRIAL_DATASET_1-CLASS_1\persian_cat\persian+cat_10204.jpg,persian_cat,mouse,23,9,mouse,"(['rat', 'leopard', 'pig', 'raccoon', 'persian cat'], [84.74, 53.94, 16.24, -3.35, -10.14])"
D:\ZSL\CNN\Test_TRIAL_DATASET_1-CLASS_1\persian_cat\persian+cat_10205.jpg,persian_cat,siamese_cat,23,13,siamese cat,"(['persian cat', 'leopard', 'giant panda', 'raccoon', 'seal'], [95.16, 17.06, 6.12, -5.49, -8.13])"
D:\ZSL\CNN\Test_TRIAL_DATASET_1-CLASS_1\persian_cat\persian+cat_10206.jpg,persian_cat,siamese_cat,23,13,siamese cat,"(['persian cat', 'leopard', 'giant panda', 'raccoon', 'seal'], [95.16, 17.06, 6.12, -5.49, -8.13])"
D:\ZSL\CNN\Test_TRIAL_DATASET_1-CLASS_1\persian_cat\persian+cat_10207.jpg,persian_cat,siamese_cat,23,13,siamese cat,"(['persian cat', 'leopard', 'giant panda', 'raccoon', 'seal'], [95.16, 17.06, 6.12, -5.49, -8.13])"
D:\ZSL\CNN\Test_TRIAL_DATASET_1-CLASS_1\persian_cat\persian+cat_10208.jpg,persian_cat,siamese_cat,23,13,siamese cat,"(['persian cat', 'leopard', 'giant panda', 'raccoon', 'seal'], [95.16, 17.06, 6.12, -5.49, -8.13])"
D:\ZSL\CNN\Test_TRIAL_DATASET_1-CLASS_1\persian_cat\persian+cat_10209.jpg,persian_cat,siamese_cat,23,13,siamese cat,"(['persian cat', 'leopard', 'giant panda', 'raccoon', 'seal'], [95.16, 17.06, 6.12, -5.49, -8.13])"
D:\ZSL\CNN\Test_TRIAL_DATASET_1-CLASS_1\persian_cat\persian+cat_10210.jpg,persian_cat,siamese_cat,23,13,siamese cat,"(['persian cat', 'leopard', 'giant panda', 'raccoon', 'seal'], [95.16, 17.06, 6.12, -5.49, -8.13])"
D:\ZSL\CNN\Test_TRIAL_DATASET_1-CLASS_1\persian_cat\persian+cat_10211.jpg,persian_cat,siamese_cat,23,13,siamese cat,"(['persian cat', 'leopard', 'giant panda', 'raccoon', 'seal'], [95.16, 17.06, 6.12, -5.49, -8.13])"
D:\ZSL\CNN\Test_TRIAL_DATASET_1-CLASS_1\persian_cat\persian+cat_10212.jpg,persian_cat,siamese_cat,23,13,siamese cat,"(['persian cat', 'leopard', 'giant panda', 'raccoon', 'seal'], [95.16, 17.06, 6.12, -5.49, -8.13])"
D:\ZSL\CNN\Test_TRIAL_DATASET_1-CLASS_1\persian_cat\persian+cat_10213.jpg,persian_cat,skunk,23,14,skunk,"(['rat', 'raccoon', 'seal', 'pig', 'giant panda'], [62.36, 41.18, 24.96, 18.58, -0.51])"
D:\ZSL\CNN\Test_TRIAL_DATASET_1-CLASS_1\persian_cat\persian+cat_10214.jpg,persian_cat,siamese_cat,23,13,siamese cat,"(['persian cat', 'leopard', 'giant panda', 'raccoon', 'seal'], [95.16, 17.06, 6.12, -5.49, -8.13])"
D:\ZSL\CNN\Test_TRIAL_DATASET_1-CLASS_1\persian_cat\persian+cat_10215.jpg,persian_cat,siamese_cat,23,13,siamese cat,"(['persian cat', 'leopard', 'giant panda', 'raccoon', 'seal'], [95.16, 17.06, 6.12, -5.49, -8.13])"
D:\ZSL\CNN\Test_TRIAL_DATASET_1-CLASS_1\persian_cat\persian+cat_10216.jpg,persian_cat,siamese_cat,23,13,siamese cat,"(['persian cat', 'leopard', 'giant panda', 'raccoon', 'seal'], [95.16, 17.06, 6.12, -5.49, -8.13])"
D:\ZSL\CNN\Test_TRIAL_DATASET_1-CLASS_1\persian_cat\persian+cat_10217.jpg,persian_cat,siamese_cat,23,13,siamese cat,"(['persian cat', 'leopard', 'giant panda', 'raccoon', 'seal'], [95.16, 17.06, 6.12, -5.49, -8.13])"
D:\ZSL\CNN\Test_TRIAL_DATASET_1-CLASS_1\persian_cat\persian+cat_10218.jpg,persian_cat,siamese_cat,23,13,siamese cat,"(['persian cat', 'leopard', 'giant panda', 'raccoon', 'seal'], [95.16, 17.06, 6.12, -5.49, -8.13])"
D:\ZSL\CNN\Test_TRIAL_DATASET_1-CLASS_1\persian_cat\persian+cat_10219.jpg,persian_cat,siamese_cat,23,13,siamese cat,"(['persian cat', 'leopard', 'giant panda', 'raccoon', 'seal'], [95.16, 17.06, 6.12, -5.49, -8.13])"
D:\ZSL\CNN\Test_TRIAL_DATASET_1-CLASS_1\persian_cat\persian+cat_10220.jpg,persian_cat,bobcat,23,2,bobcat,"(['raccoon', 'persian cat', 'humpback whale', 'leopard', 'giant panda'], [59.41, 32.03, 16.81, 10.53, 3.26])"
D:\ZSL\CNN\Test_TRIAL_DATASET_1-CLASS_1\persian_cat\persian+cat_10221.jpg,persian_cat,siamese_cat,23,13,siamese cat,"(['persian cat', 'leopard', 'giant panda', 'raccoon', 'seal'], [95.16, 17.06, 6.12, -5.49, -8.13])"
D:\ZSL\CNN\Test_TRIAL_DATASET_1-CLASS_1\persian_cat\persian+cat_10222.jpg,persian_cat,siamese_cat,23,13,siamese cat,"(['persian cat', 'leopard', 'giant panda', 'raccoon', 'seal'], [95.16, 17.06, 6.12, -5.49, -8.13])"
D:\ZSL\CNN\Test_TRIAL_DATASET_1-CLASS_1\persian_cat\persian+cat_10223.jpg,persian_cat,lion,23,7,lion,"(['leopard', 'pig', 'persian cat', 'seal', 'rat'], [88.04, 15.11, 8.32, 2.8, 0.79])"
D:\ZSL\CNN\Test_TRIAL_DATASET_1-CLASS_1\persian_cat\persian+cat_10224.jpg,persian_cat,siamese_cat,23,13,siamese cat,"(['persian cat', 'leopard', 'giant panda', 'raccoon', 'seal'], [95.16, 17.06, 6.12, -5.49, -8.13])"
D:\ZSL\CNN\Test_TRIAL_DATASET_1-CLASS_1\persian_cat\persian+cat_10225.jpg,persian_cat,siamese_cat,23,13,siamese cat,"(['persian cat', 'leopard', 'giant panda', 'raccoon', 'seal'], [95.16, 17.06, 6.12, -5.49, -8.13])"
D:\ZSL\CNN\Test_TRIAL_DATASET_1-CLASS_1\persian_cat\persian+cat_10226.jpg,persian_cat,siamese_cat,23,13,siamese cat,"(['persian cat', 'leopard', 'giant panda', 'raccoon', 'seal'], [95.16, 17.06, 6.12, -5.49, -8.13])"
D:\ZSL\CNN\Test_TRIAL_DATASET_1-CLASS_1\persian_cat\persian+cat_10227.jpg,persian_cat,siamese_cat,23,13,siamese cat,"(['persian cat', 'leopard', 'giant panda', 'raccoon', 'seal'], [95.16, 17.06, 6.12, -5.49, -8.13])"
D:\ZSL\CNN\Test_TRIAL_DATASET_1-CLASS_1\persian_cat\persian+cat_10228.jpg,persian_cat,siamese_cat,23,13,siamese cat,"(['persian cat', 'leopard', 'giant panda', 'raccoon', 'seal'], [95.16, 17.06, 6.12, -5.49, -8.13])"
D:\ZSL\CNN\Test_TRIAL_DATASET_1-CLASS_1\persian_cat\persian+cat_10229.jpg,persian_cat,siamese_cat,23,13,siamese cat,"(['persian cat', 'leopard', 'giant panda', 'raccoon', 'seal'], [95.16, 17.06, 6.12, -5.49, -8.13])"
D:\ZSL\CNN\Test_TRIAL_DATASET_1-CLASS_1\persian_cat\persian+cat_10230.jpg,persian_cat,siamese_cat,23,13,siamese cat,"(['persian cat', 'leopard', 'giant panda', 'raccoon', 'seal'], [95.16, 17.06, 6.12, -5.49, -8.13])"
D:\ZSL\CNN\Test_TRIAL_DATASET_1-CLASS_1\persian_cat\persian+cat_10231.jpg,persian_cat,siamese_cat,23,13,siamese cat,"(['persian cat', 'leopard', 'giant panda', 'raccoon', 'seal'], [95.16, 17.06, 6.12, -5.49, -8.13])"
D:\ZSL\CNN\Test_TRIAL_DATASET_1-CLASS_1\persian_cat\persian+cat_10232.jpg,persian_cat,siamese_cat,23,13,siamese cat,"(['persian cat', 'leopard', 'giant panda', 'raccoon', 'seal'], [95.16, 17.06, 6.12, -5.49, -8.13])"
D:\ZSL\CNN\Test_TRIAL_DATASET_1-CLASS_1\persian_cat\persian+cat_10233.jpg,persian_cat,siamese_cat,23,13,siamese cat,"(['persian cat', 'leopard', 'giant panda', 'raccoon', 'seal'], [95.16, 17.06, 6.12, -5.49, -8.13])"
D:\ZSL\CNN\Test_TRIAL_DATASET_1-CLASS_1\persian_cat\persian+cat_10234.jpg,persian_cat,siamese_cat,23,13,siamese cat,"(['persian cat', 'leopard', 'giant panda', 'raccoon', 'seal'], [95.16, 17.06, 6.12, -5.49, -8.13])"
D:\ZSL\CNN\Test_TRIAL_DATASET_1-CLASS_1\persian_cat\persian+cat_10235.jpg,persian_cat,siamese_cat,23,13,siamese cat,"(['persian cat', 'leopard', 'giant panda', 'raccoon', 'seal'], [95.16, 17.06, 6.12, -5.49, -8.13])"
D:\ZSL\CNN\Test_TRIAL_DATASET_1-CLASS_1\persian_cat\persian+cat_10236.jpg,persian_cat,siamese_cat,23,13,siamese cat,"(['persian cat', 'leopard', 'giant panda', 'raccoon', 'seal'], [95.16, 17.06, 6.12, -5.49, -8.13])"
D:\ZSL\CNN\Test_TRIAL_DATASET_1-CLASS_1\persian_cat\persian+cat_10237.jpg,persian_cat,siamese_cat,23,13,siamese cat,"(['persian cat', 'leopard', 'giant panda', 'raccoon', 'seal'], [95.16, 17.06, 6.12, -5.49, -8.13])"
D:\ZSL\CNN\Test_TRIAL_DATASET_1-CLASS_1\persian_cat\persian+cat_10238.jpg,persian_cat,siamese_cat,23,13,siamese cat,"(['persian cat', 'leopard', 'giant panda', 'raccoon', 'seal'], [95.16, 17.06, 6.12, -5.49, -8.13])"
D:\ZSL\CNN\Test_TRIAL_DATASET_1-CLASS_1\persian_cat\persian+cat_10239.jpg,persian_cat,siamese_cat,23,13,siamese cat,"(['persian cat', 'leopard', 'giant panda', 'raccoon', 'seal'], [95.16, 17.06, 6.12, -5.49, -8.13])"
D:\ZSL\CNN\Test_TRIAL_DATASET_1-CLASS_1\persian_cat\persian+cat_10240.jpg,persian_cat,siamese_cat,23,13,siamese cat,"(['persian cat', 'leopard', 'giant panda', 'raccoon', 'seal'], [95.16, 17.06, 6.12, -5.49, -8.13])"
D:\ZSL\CNN\Test_TRIAL_DATASET_1-CLASS_1\persian_cat\persian+cat_10241.jpg,persian_cat,siamese_cat,23,13,siamese cat,"(['persian cat', 'leopard', 'giant panda', 'raccoon', 'seal'], [95.16, 17.06, 6.12, -5.49, -8.13])"
D:\ZSL\CNN\Test_TRIAL_DATASET_1-CLASS_1\persian_cat\persian+cat_10242.jpg,persian_cat,siamese_cat,23,13,siamese cat,"(['persian cat', 'leopard', 'giant panda', 'raccoon', 'seal'], [95.16, 17.06, 6.12, -5.49, -8.13])"
D:\ZSL\CNN\Test_TRIAL_DATASET_1-CLASS_1\persian_cat\persian+cat_10243.jpg,persian_cat,siamese_cat,23,13,siamese cat,"(['persian cat', 'leopard', 'giant panda', 'raccoon', 'seal'], [95.16, 17.06, 6.12, -5.49, -8.13])"
D:\ZSL\CNN\Test_TRIAL_DATASET_1-CLASS_1\persian_cat\persian+cat_10244.jpg,persian_cat,siamese_cat,23,13,siamese cat,"(['persian cat', 'leopard', 'giant panda', 'raccoon', 'seal'], [95.16, 17.06, 6.12, -5.49, -8.13])"
D:\ZSL\CNN\Test_TRIAL_DATASET_1-CLASS_1\persian_cat\persian+cat_10245.jpg,persian_cat,siamese_cat,23,13,siamese cat,"(['persian cat', 'leopard', 'giant panda', 'raccoon', 'seal'], [95.16, 17.06, 6.12, -5.49, -8.13])"
D:\ZSL\CNN\Test_TRIAL_DATASET_1-CLASS_1\persian_cat\persian+cat_10246.jpg,persian_cat,siamese_cat,23,13,siamese cat,"(['persian cat', 'leopard', 'giant panda', 'raccoon', 'seal'], [95.16, 17.06, 6.12, -5.49, -8.13])"
D:\ZSL\CNN\Test_TRIAL_DATASET_1-CLASS_1\persian_cat\persian+cat_10247.jpg,persian_cat,siamese_cat,23,13,siamese cat,"(['persian cat', 'leopard', 'giant panda', 'raccoon', 'seal'], [95.16, 17.06, 6.12, -5.49, -8.13])"
D:\ZSL\CNN\Test_TRIAL_DATASET_1-CLASS_1\persian_cat\persian+cat_10248.jpg,persian_cat,siamese_cat,23,13,siamese cat,"(['persian cat', 'leopard', 'giant panda', 'raccoon', 'seal'], [95.16, 17.06, 6.12, -5.49, -8.13])"
D:\ZSL\CNN\Test_TRIAL_DATASET_1-CLASS_1\persian_cat\persian+cat_10249.jpg,persian_cat,skunk,23,14,skunk,"(['rat', 'raccoon', 'seal', 'pig', 'giant panda'], [62.36, 41.18, 24.96, 18.58, -0.51])"
D:\ZSL\CNN\Test_TRIAL_DATASET_1-CLASS_1\persian_cat\persian+cat_10250.jpg,persian_cat,siamese_cat,23,13,siamese cat,"(['persian cat', 'leopard', 'giant panda', 'raccoon', 'seal'], [95.16, 17.06, 6.12, -5.49, -8.13])"
D:\ZSL\CNN\Test_TRIAL_DATASET_1-CLASS_1\persian_cat\persian+cat_10251.jpg,persian_cat,rabbit,23,11,rabbit,"(['pig', 'rat', 'giant panda', 'raccoon', 'leopard'], [65.11, 46.21, 18.84, 14.3, -5.72])"
D:\ZSL\CNN\Test_TRIAL_DATASET_1-CLASS_1\persian_cat\persian+cat_10252.jpg,persian_cat,siamese_cat,23,13,siamese cat,"(['persian cat', 'leopard', 'giant panda', 'raccoon', 'seal'], [95.16, 17.06, 6.12, -5.49, -8.13])"
D:\ZSL\CNN\Test_TRIAL_DATASET_1-CLASS_1\persian_cat\persian+cat_10253.jpg,persian_cat,siamese_cat,23,13,siamese cat,"(['persian cat', 'leopard', 'giant panda', 'raccoon', 'seal'], [95.16, 17.06, 6.12, -5.49, -8.13])"
D:\ZSL\CNN\Test_TRIAL_DATASET_1-CLASS_1\persian_cat\persian+cat_10254.jpg,persian_cat,siamese_cat,23,13,siamese cat,"(['persian cat', 'leopard', 'giant panda', 'raccoon', 'seal'], [95.16, 17.06, 6.12, -5.49, -8.13])"
D:\ZSL\CNN\Test_TRIAL_DATASET_1-CLASS_1\persian_cat\persian+cat_10255.jpg,persian_cat,dolphin,23,4,dolphin,"(['humpback whale', 'seal', 'leopard', 'rat', 'chimpanzee'], [72.35, 51.32, 7.29, -5.12, -8.04])"
D:\ZSL\CNN\Test_TRIAL_DATASET_1-CLASS_1\persian_cat\persian+cat_10256.jpg,persian_cat,siamese_cat,23,13,siamese cat,"(['persian cat', 'leopard', 'giant panda', 'raccoon', 'seal'], [95.16, 17.06, 6.12, -5.49, -8.13])"
D:\ZSL\CNN\Test_TRIAL_DATASET_1-CLASS_1\persian_cat\persian+cat_10257.jpg,persian_cat,siamese_cat,23,13,siamese cat,"(['persian cat', 'leopard', 'giant panda', 'raccoon', 'seal'], [95.16, 17.06, 6.12, -5.49, -8.13])"
D:\ZSL\CNN\Test_TRIAL_DATASET_1-CLASS_1\persian_cat\persian+cat_10258.jpg,persian_cat,siamese_cat,23,13,siamese cat,"(['persian cat', 'leopard', 'giant panda', 'raccoon', 'seal'], [95.16, 17.06, 6.12, -5.49, -8.13])"
D:\ZSL\CNN\Test_TRIAL_DATASET_1-CLASS_1\persian_cat\persian+cat_10259.jpg,persian_cat,rabbit,23,11,rabbit,"(['pig', 'rat', 'giant panda', 'raccoon', 'leopard'], [65.11, 46.21, 18.84, 14.3, -5.72])"
D:\ZSL\CNN\Test_TRIAL_DATASET_1-CLASS_1\persian_cat\persian+cat_10260.jpg,persian_cat,siamese_cat,23,13,siamese cat,"(['persian cat', 'leopard', 'giant panda', 'raccoon', 'seal'], [95.16, 17.06, 6.12, -5.49, -8.13])"
D:\ZSL\CNN\Test_TRIAL_DATASET_1-CLASS_1\persian_cat\persian+cat_10261.jpg,persian_cat,siamese_cat,23,13,siamese cat,"(['persian cat', 'leopard', 'giant panda', 'raccoon', 'seal'], [95.16, 17.06, 6.12, -5.49, -8.13])"
D:\ZSL\CNN\Test_TRIAL_DATASET_1-CLASS_1\persian_cat\persian+cat_10262.jpg,persian_cat,siamese_cat,23,13,siamese cat,"(['persian cat', 'leopard', 'giant panda', 'raccoon', 'seal'], [95.16, 17.06, 6.12, -5.49, -8.13])"
D:\ZSL\CNN\Test_TRIAL_DATASET_1-CLASS_1\persian_cat\persian+cat_10263.jpg,persian_cat,siamese_cat,23,13,siamese cat,"(['persian cat', 'leopard', 'giant panda', 'raccoon', 'seal'], [95.16, 17.06, 6.12, -5.49, -8.13])"
D:\ZSL\CNN\Test_TRIAL_DATASET_1-CLASS_1\persian_cat\persian+cat_10264.jpg,persian_cat,siamese_cat,23,13,siamese cat,"(['persian cat', 'leopard', 'giant panda', 'raccoon', 'seal'], [95.16, 17.06, 6.12, -5.49, -8.13])"
D:\ZSL\CNN\Test_TRIAL_DATASET_1-CLASS_1\persian_cat\persian+cat_10265.jpg,persian_cat,siamese_cat,23,13,siamese cat,"(['persian cat', 'leopard', 'giant panda', 'raccoon', 'seal'], [95.16, 17.06, 6.12, -5.49, -8.13])"
D:\ZSL\CNN\Test_TRIAL_DATASET_1-CLASS_1\persian_cat\persian+cat_10266.jpg,persian_cat,siamese_cat,23,13,siamese cat,"(['persian cat', 'leopard', 'giant panda', 'raccoon', 'seal'], [95.16, 17.06, 6.12, -5.49, -8.13])"
D:\ZSL\CNN\Test_TRIAL_DATASET_1-CLASS_1\persian_cat\persian+cat_10267.jpg,persian_cat,siamese_cat,23,13,siamese cat,"(['persian cat', 'leopard', 'giant panda', 'raccoon', 'seal'], [95.16, 17.06, 6.12, -5.49, -8.13])"
D:\ZSL\CNN\Test_TRIAL_DATASET_1-CLASS_1\persian_cat\persian+cat_10268.jpg,persian_cat,siamese_cat,23,13,siamese cat,"(['persian cat', 'leopard', 'giant panda', 'raccoon', 'seal'], [95.16, 17.06, 6.12, -5.49, -8.13])"
D:\ZSL\CNN\Test_TRIAL_DATASET_1-CLASS_1\persian_cat\persian+cat_10269.jpg,persian_cat,siamese_cat,23,13,siamese cat,"(['persian cat', 'leopard', 'giant panda', 'raccoon', 'seal'], [95.16, 17.06, 6.12, -5.49, -8.13])"
D:\ZSL\CNN\Test_TRIAL_DATASET_1-CLASS_1\persian_cat\persian+cat_10270.jpg,persian_cat,siamese_cat,23,13,siamese cat,"(['persian cat', 'leopard', 'giant panda', 'raccoon', 'seal'], [95.16, 17.06, 6.12, -5.49, -8.13])"
D:\ZSL\CNN\Test_TRIAL_DATASET_1-CLASS_1\persian_cat\persian+cat_10271.jpg,persian_cat,siamese_cat,23,13,siamese cat,"(['persian cat', 'leopard', 'giant panda', 'raccoon', 'seal'], [95.16, 17.06, 6.12, -5.49, -8.13])"
D:\ZSL\CNN\Test_TRIAL_DATASET_1-CLASS_1\persian_cat\persian+cat_10272.jpg,persian_cat,siamese_cat,23,13,siamese cat,"(['persian cat', 'leopard', 'giant panda', 'raccoon', 'seal'], [95.16, 17.06, 6.12, -5.49, -8.13])"
D:\ZSL\CNN\Test_TRIAL_DATASET_1-CLASS_1\persian_cat\persian+cat_10273.jpg,persian_cat,siamese_cat,23,13,siamese cat,"(['persian cat', 'leopard', 'giant panda', 'raccoon', 'seal'], [95.16, 17.06, 6.12, -5.49, -8.13])"
D:\ZSL\CNN\Test_TRIAL_DATASET_1-CLASS_1\persian_cat\persian+cat_10274.jpg,persian_cat,mouse,23,9,mouse,"(['rat', 'leopard', 'pig', 'raccoon', 'persian cat'], [84.74, 53.94, 16.24, -3.35, -10.14])"
D:\ZSL\CNN\Test_TRIAL_DATASET_1-CLASS_1\persian_cat\persian+cat_10275.jpg,persian_cat,siamese_cat,23,13,siamese cat,"(['persian cat', 'leopard', 'giant panda', 'raccoon', 'seal'], [95.16, 17.06, 6.12, -5.49, -8.13])"
D:\ZSL\CNN\Test_TRIAL_DATASET_1-CLASS_1\persian_cat\persian+cat_10276.jpg,persian_cat,siamese_cat,23,13,siamese cat,"(['persian cat', 'leopard', 'giant panda', 'raccoon', 'seal'], [95.16, 17.06, 6.12, -5.49, -8.13])"
D:\ZSL\CNN\Test_TRIAL_DATASET_1-CLASS_1\persian_cat\persian+cat_10277.jpg,persian_cat,siamese_cat,23,13,siamese cat,"(['persian cat', 'leopard', 'giant panda', 'raccoon', 'seal'], [95.16, 17.06, 6.12, -5.49, -8.13])"
D:\ZSL\CNN\Test_TRIAL_DATASET_1-CLASS_1\persian_cat\persian+cat_10278.jpg,persian_cat,siamese_cat,23,13,siamese cat,"(['persian cat', 'leopard', 'giant panda', 'raccoon', 'seal'], [95.16, 17.06, 6.12, -5.49, -8.13])"
D:\ZSL\CNN\Test_TRIAL_DATASET_1-CLASS_1\persian_cat\persian+cat_10279.jpg,persian_cat,siamese_cat,23,13,siamese cat,"(['persian cat', 'leopard', 'giant panda', 'raccoon', 'seal'], [95.16, 17.06, 6.12, -5.49, -8.13])"
D:\ZSL\CNN\Test_TRIAL_DATASET_1-CLASS_1\persian_cat\persian+cat_10280.jpg,persian_cat,siamese_cat,23,13,siamese cat,"(['persian cat', 'leopard', 'giant panda', 'raccoon', 'seal'], [95.16, 17.06, 6.12, -5.49, -8.13])"
D:\ZSL\CNN\Test_TRIAL_DATASET_1-CLASS_1\persian_cat\persian+cat_10281.jpg,persian_cat,bear,23,0,bear,"(['giant panda', 'raccoon', 'seal', 'pig', 'humpback whale'], [49.72, 40.56, 19.3, 8.36, 0.21])"
D:\ZSL\CNN\Test_TRIAL_DATASET_1-CLASS_1\persian_cat\persian+cat_10282.jpg,persian_cat,siamese_cat,23,13,siamese cat,"(['persian cat', 'leopard', 'giant panda', 'raccoon', 'seal'], [95.16, 17.06, 6.12, -5.49, -8.13])"
D:\ZSL\CNN\Test_TRIAL_DATASET_1-CLASS_1\persian_cat\persian+cat_10283.jpg,persian_cat,siamese_cat,23,13,siamese cat,"(['persian cat', 'leopard', 'giant panda', 'raccoon', 'seal'], [95.16, 17.06, 6.12, -5.49, -8.13])"
D:\ZSL\CNN\Test_TRIAL_DATASET_1-CLASS_1\persian_cat\persian+cat_10284.jpg,persian_cat,siamese_cat,23,13,siamese cat,"(['persian cat', 'leopard', 'giant panda', 'raccoon', 'seal'], [95.16, 17.06, 6.12, -5.49, -8.13])"
D:\ZSL\CNN\Test_TRIAL_DATASET_1-CLASS_1\persian_cat\persian+cat_10285.jpg,persian_cat,siamese_cat,23,13,siamese cat,"(['persian cat', 'leopard', 'giant panda', 'raccoon', 'seal'], [95.16, 17.06, 6.12, -5.49, -8.13])"
D:\ZSL\CNN\Test_TRIAL_DATASET_1-CLASS_1\persian_cat\persian+cat_10286.jpg,persian_cat,siamese_cat,23,13,siamese cat,"(['persian cat', 'leopard', 'giant panda', 'raccoon', 'seal'], [95.16, 17.06, 6.12, -5.49, -8.13])"
D:\ZSL\CNN\Test_TRIAL_DATASET_1-CLASS_1\persian_cat\persian+cat_10287.jpg,persian_cat,siamese_cat,23,13,siamese cat,"(['persian cat', 'leopard', 'giant panda', 'raccoon', 'seal'], [95.16, 17.06, 6.12, -5.49, -8.13])"
D:\ZSL\CNN\Test_TRIAL_DATASET_1-CLASS_1\persian_cat\persian+cat_10288.jpg,persian_cat,siamese_cat,23,13,siamese cat,"(['persian cat', 'leopard', 'giant panda', 'raccoon', 'seal'], [95.16, 17.06, 6.12, -5.49, -8.13])"
D:\ZSL\CNN\Test_TRIAL_DATASET_1-CLASS_1\persian_cat\persian+cat_10289.jpg,persian_cat,siamese_cat,23,13,siamese cat,"(['persian cat', 'leopard', 'giant panda', 'raccoon', 'seal'], [95.16, 17.06, 6.12, -5.49, -8.13])"
D:\ZSL\CNN\Test_TRIAL_DATASET_1-CLASS_1\persian_cat\persian+cat_10290.jpg,persian_cat,siamese_cat,23,13,siamese cat,"(['persian cat', 'leopard', 'giant panda', 'raccoon', 'seal'], [95.16, 17.06, 6.12, -5.49, -8.13])"
D:\ZSL\CNN\Test_TRIAL_DATASET_1-CLASS_1\persian_cat\persian+cat_10291.jpg,persian_cat,siamese_cat,23,13,siamese cat,"(['persian cat', 'leopard', 'giant panda', 'raccoon', 'seal'], [95.16, 17.06, 6.12, -5.49, -8.13])"
D:\ZSL\CNN\Test_TRIAL_DATASET_1-CLASS_1\persian_cat\persian+cat_10292.jpg,persian_cat,siamese_cat,23,13,siamese cat,"(['persian cat', 'leopard', 'giant panda', 'raccoon', 'seal'], [95.16, 17.06, 6.12, -5.49, -8.13])"
D:\ZSL\CNN\Test_TRIAL_DATASET_1-CLASS_1\persian_cat\persian+cat_10293.jpg,persian_cat,siamese_cat,23,13,siamese cat,"(['persian cat', 'leopard', 'giant panda', 'raccoon', 'seal'], [95.16, 17.06, 6.12, -5.49, -8.13])"
D:\ZSL\CNN\Test_TRIAL_DATASET_1-CLASS_1\persian_cat\persian+cat_10294.jpg,persian_cat,siamese_cat,23,13,siamese cat,"(['persian cat', 'leopard', 'giant panda', 'raccoon', 'seal'], [95.16, 17.06, 6.12, -5.49, -8.13])"
D:\ZSL\CNN\Test_TRIAL_DATASET_1-CLASS_1\persian_cat\persian+cat_10295.jpg,persian_cat,siamese_cat,23,13,siamese cat,"(['persian cat', 'leopard', 'giant panda', 'raccoon', 'seal'], [95.16, 17.06, 6.12, -5.49, -8.13])"
D:\ZSL\CNN\Test_TRIAL_DATASET_1-CLASS_1\persian_cat\persian+cat_10296.jpg,persian_cat,siamese_cat,23,13,siamese cat,"(['persian cat', 'leopard', 'giant panda', 'raccoon', 'seal'], [95.16, 17.06, 6.12, -5.49, -8.13])"
D:\ZSL\CNN\Test_TRIAL_DATASET_1-CLASS_1\persian_cat\persian+cat_10297.jpg,persian_cat,siamese_cat,23,13,siamese cat,"(['persian cat', 'leopard', 'giant panda', 'raccoon', 'seal'], [95.16, 17.06, 6.12, -5.49, -8.13])"
D:\ZSL\CNN\Test_TRIAL_DATASET_1-CLASS_1\persian_cat\persian+cat_10298.jpg,persian_cat,siamese_cat,23,13,siamese cat,"(['persian cat', 'leopard', 'giant panda', 'raccoon', 'seal'], [95.16, 17.06, 6.12, -5.49, -8.13])"
D:\ZSL\CNN\Test_TRIAL_DATASET_1-CLASS_1\persian_cat\persian+cat_10299.jpg,persian_cat,rabbit,23,11,rabbit,"(['pig', 'rat', 'giant panda', 'raccoon', 'leopard'], [65.11, 46.21, 18.84, 14.3, -5.72])"
D:\ZSL\CNN\Test_TRIAL_DATASET_1-CLASS_1\persian_cat\persian+cat_10300.jpg,persian_cat,siamese_cat,23,13,siamese cat,"(['persian cat', 'leopard', 'giant panda', 'raccoon', 'seal'], [95.16, 17.06, 6.12, -5.49, -8.13])"
D:\ZSL\CNN\Test_TRIAL_DATASET_1-CLASS_1\persian_cat\persian+cat_10301.jpg,persian_cat,bobcat,23,2,bobcat,"(['raccoon', 'persian cat', 'humpback whale', 'leopard', 'giant panda'], [59.41, 32.03, 16.81, 10.53, 3.26])"
D:\ZSL\CNN\Test_TRIAL_DATASET_1-CLASS_1\persian_cat\persian+cat_10302.jpg,persian_cat,siamese_cat,23,13,siamese cat,"(['persian cat', 'leopard', 'giant panda', 'raccoon', 'seal'], [95.16, 17.06, 6.12, -5.49, -8.13])"
D:\ZSL\CNN\Test_TRIAL_DATASET_1-CLASS_1\persian_cat\persian+cat_10303.jpg,persian_cat,siamese_cat,23,13,siamese cat,"(['persian cat', 'leopard', 'giant panda', 'raccoon', 'seal'], [95.16, 17.06, 6.12, -5.49, -8.13])"
D:\ZSL\CNN\Test_TRIAL_DATASET_1-CLASS_1\persian_cat\persian+cat_10304.jpg,persian_cat,siamese_cat,23,13,siamese cat,"(['persian cat', 'leopard', 'giant panda', 'raccoon', 'seal'], [95.16, 17.06, 6.12, -5.49, -8.13])"
D:\ZSL\CNN\Test_TRIAL_DATASET_1-CLASS_1\persian_cat\persian+cat_10305.jpg,persian_cat,siamese_cat,23,13,siamese cat,"(['persian cat', 'leopard', 'giant panda', 'raccoon', 'seal'], [95.16, 17.06, 6.12, -5.49, -8.13])"
D:\ZSL\CNN\Test_TRIAL_DATASET_1-CLASS_1\persian_cat\persian+cat_10306.jpg,persian_cat,mouse,23,9,mouse,"(['rat', 'leopard', 'pig', 'raccoon', 'persian cat'], [84.74, 53.94, 16.24, -3.35, -10.14])"
D:\ZSL\CNN\Test_TRIAL_DATASET_1-CLASS_1\persian_cat\persian+cat_10307.jpg,persian_cat,siamese_cat,23,13,siamese cat,"(['persian cat', 'leopard', 'giant panda', 'raccoon', 'seal'], [95.16, 17.06, 6.12, -5.49, -8.13])"
D:\ZSL\CNN\Test_TRIAL_DATASET_1-CLASS_1\persian_cat\persian+cat_10308.jpg,persian_cat,siamese_cat,23,13,siamese cat,"(['persian cat', 'leopard', 'giant panda', 'raccoon', 'seal'], [95.16, 17.06, 6.12, -5.49, -8.13])"
D:\ZSL\CNN\Test_TRIAL_DATASET_1-CLASS_1\persian_cat\persian+cat_10309.jpg,persian_cat,siamese_cat,23,13,siamese cat,"(['persian cat', 'leopard', 'giant panda', 'raccoon', 'seal'], [95.16, 17.06, 6.12, -5.49, -8.13])"
D:\ZSL\CNN\Test_TRIAL_DATASET_1-CLASS_1\persian_cat\persian+cat_10310.jpg,persian_cat,siamese_cat,23,13,siamese cat,"(['persian cat', 'leopard', 'giant panda', 'raccoon', 'seal'], [95.16, 17.06, 6.12, -5.49, -8.13])"
D:\ZSL\CNN\Test_TRIAL_DATASET_1-CLASS_1\persian_cat\persian+cat_10311.jpg,persian_cat,siamese_cat,23,13,siamese cat,"(['persian cat', 'leopard', 'giant panda', 'raccoon', 'seal'], [95.16, 17.06, 6.12, -5.49, -8.13])"
D:\ZSL\CNN\Test_TRIAL_DATASET_1-CLASS_1\persian_cat\persian+cat_10312.jpg,persian_cat,siamese_cat,23,13,siamese cat,"(['persian cat', 'leopard', 'giant panda', 'raccoon', 'seal'], [95.16, 17.06, 6.12, -5.49, -8.13])"
D:\ZSL\CNN\Test_TRIAL_DATASET_1-CLASS_1\persian_cat\persian+cat_10313.jpg,persian_cat,siamese_cat,23,13,siamese cat,"(['persian cat', 'leopard', 'giant panda', 'raccoon', 'seal'], [95.16, 17.06, 6.12, -5.49, -8.13])"
D:\ZSL\CNN\Test_TRIAL_DATASET_1-CLASS_1\persian_cat\persian+cat_10314.jpg,persian_cat,cow,23,3,cow,"(['pig', 'seal', 'humpback whale', 'raccoon', 'leopard'], [75.45, 24.43, 0.16, -1.32, -1.99])"
D:\ZSL\CNN\Test_TRIAL_DATASET_1-CLASS_1\persian_cat\persian+cat_10315.jpg,persian_cat,siamese_cat,23,13,siamese cat,"(['persian cat', 'leopard', 'giant panda', 'raccoon', 'seal'], [95.16, 17.06, 6.12, -5.49, -8.13])"
D:\ZSL\CNN\Test_TRIAL_DATASET_1-CLASS_1\persian_cat\persian+cat_10316.jpg,persian_cat,siamese_cat,23,13,siamese cat,"(['persian cat', 'leopard', 'giant panda', 'raccoon', 'seal'], [95.16, 17.06, 6.12, -5.49, -8.13])"
D:\ZSL\CNN\Test_TRIAL_DATASET_1-CLASS_1\persian_cat\persian+cat_10317.jpg,persian_cat,skunk,23,14,skunk,"(['rat', 'raccoon', 'seal', 'pig', 'giant panda'], [62.36, 41.18, 24.96, 18.58, -0.51])"
D:\ZSL\CNN\Test_TRIAL_DATASET_1-CLASS_1\persian_cat\persian+cat_10318.jpg,persian_cat,siamese_cat,23,13,siamese cat,"(['persian cat', 'leopard', 'giant panda', 'raccoon', 'seal'], [95.16, 17.06, 6.12, -5.49, -8.13])"
D:\ZSL\CNN\Test_TRIAL_DATASET_1-CLASS_1\persian_cat\persian+cat_10319.jpg,persian_cat,siamese_cat,23,13,siamese cat,"(['persian cat', 'leopard', 'giant panda', 'raccoon', 'seal'], [95.16, 17.06, 6.12, -5.49, -8.13])"
D:\ZSL\CNN\Test_TRIAL_DATASET_1-CLASS_1\persian_cat\persian+cat_10320.jpg,persian_cat,siamese_cat,23,13,siamese cat,"(['persian cat', 'leopard', 'giant panda', 'raccoon', 'seal'], [95.16, 17.06, 6.12, -5.49, -8.13])"
D:\ZSL\CNN\Test_TRIAL_DATASET_1-CLASS_1\persian_cat\persian+cat_10321.jpg,persian_cat,siamese_cat,23,13,siamese cat,"(['persian cat', 'leopard', 'giant panda', 'raccoon', 'seal'], [95.16, 17.06, 6.12, -5.49, -8.13])"
D:\ZSL\CNN\Test_TRIAL_DATASET_1-CLASS_1\persian_cat\persian+cat_10322.jpg,persian_cat,siamese_cat,23,13,siamese cat,"(['persian cat', 'leopard', 'giant panda', 'raccoon', 'seal'], [95.16, 17.06, 6.12, -5.49, -8.13])"
D:\ZSL\CNN\Test_TRIAL_DATASET_1-CLASS_1\persian_cat\persian+cat_10323.jpg,persian_cat,siamese_cat,23,13,siamese cat,"(['persian cat', 'leopard', 'giant panda', 'raccoon', 'seal'], [95.16, 17.06, 6.12, -5.49, -8.13])"
D:\ZSL\CNN\Test_TRIAL_DATASET_1-CLASS_1\persian_cat\persian+cat_10324.jpg,persian_cat,lion,23,7,lion,"(['leopard', 'pig', 'persian cat', 'seal', 'rat'], [88.04, 15.11, 8.32, 2.8, 0.79])"
D:\ZSL\CNN\Test_TRIAL_DATASET_1-CLASS_1\persian_cat\persian+cat_10325.jpg,persian_cat,siamese_cat,23,13,siamese cat,"(['persian cat', 'leopard', 'giant panda', 'raccoon', 'seal'], [95.16, 17.06, 6.12, -5.49, -8.13])"
D:\ZSL\CNN\Test_TRIAL_DATASET_1-CLASS_1\persian_cat\persian+cat_10326.jpg,persian_cat,skunk,23,14,skunk,"(['rat', 'raccoon', 'seal', 'pig', 'giant panda'], [62.36, 41.18, 24.96, 18.58, -0.51])"
D:\ZSL\CNN\Test_TRIAL_DATASET_1-CLASS_1\persian_cat\persian+cat_10327.jpg,persian_cat,siamese_cat,23,13,siamese cat,"(['persian cat', 'leopard', 'giant panda', 'raccoon', 'seal'], [95.16, 17.06, 6.12, -5.49, -8.13])"
D:\ZSL\CNN\Test_TRIAL_DATASET_1-CLASS_1\persian_cat\persian+cat_10328.jpg,persian_cat,cow,23,3,cow,"(['pig', 'seal', 'humpback whale', 'raccoon', 'leopard'], [75.45, 24.43, 0.16, -1.32, -1.99])"
D:\ZSL\CNN\Test_TRIAL_DATASET_1-CLASS_1\persian_cat\persian+cat_10329.jpg,persian_cat,siamese_cat,23,13,siamese cat,"(['persian cat', 'leopard', 'giant panda', 'raccoon', 'seal'], [95.16, 17.06, 6.12, -5.49, -8.13])"
D:\ZSL\CNN\Test_TRIAL_DATASET_1-CLASS_1\persian_cat\persian+cat_10330.jpg,persian_cat,siamese_cat,23,13,siamese cat,"(['persian cat', 'leopard', 'giant panda', 'raccoon', 'seal'], [95.16, 17.06, 6.12, -5.49, -8.13])"
D:\ZSL\CNN\Test_TRIAL_DATASET_1-CLASS_1\persian_cat\persian+cat_10331.jpg,persian_cat,siamese_cat,23,13,siamese cat,"(['persian cat', 'leopard', 'giant panda', 'raccoon', 'seal'], [95.16, 17.06, 6.12, -5.49, -8.13])"
D:\ZSL\CNN\Test_TRIAL_DATASET_1-CLASS_1\persian_cat\persian+cat_10332.jpg,persian_cat,siamese_cat,23,13,siamese cat,"(['persian cat', 'leopard', 'giant panda', 'raccoon', 'seal'], [95.16, 17.06, 6.12, -5.49, -8.13])"
D:\ZSL\CNN\Test_TRIAL_DATASET_1-CLASS_1\persian_cat\persian+cat_10333.jpg,persian_cat,siamese_cat,23,13,siamese cat,"(['persian cat', 'leopard', 'giant panda', 'raccoon', 'seal'], [95.16, 17.06, 6.12, -5.49, -8.13])"
D:\ZSL\CNN\Test_TRIAL_DATASET_1-CLASS_1\persian_cat\persian+cat_10334.jpg,persian_cat,bear,23,0,bear,"(['giant panda', 'raccoon', 'seal', 'pig', 'humpback whale'], [49.72, 40.56, 19.3, 8.36, 0.21])"
D:\ZSL\CNN\Test_TRIAL_DATASET_1-CLASS_1\persian_cat\persian+cat_10335.jpg,persian_cat,siamese_cat,23,13,siamese cat,"(['persian cat', 'leopard', 'giant panda', 'raccoon', 'seal'], [95.16, 17.06, 6.12, -5.49, -8.13])"
D:\ZSL\CNN\Test_TRIAL_DATASET_1-CLASS_1\persian_cat\persian+cat_10336.jpg,persian_cat,siamese_cat,23,13,siamese cat,"(['persian cat', 'leopard', 'giant panda', 'raccoon', 'seal'], [95.16, 17.06, 6.12, -5.49, -8.13])"
D:\ZSL\CNN\Test_TRIAL_DATASET_1-CLASS_1\persian_cat\persian+cat_10337.jpg,persian_cat,siamese_cat,23,13,siamese cat,"(['persian cat', 'leopard', 'giant panda', 'raccoon', 'seal'], [95.16, 17.06, 6.12, -5.49, -8.13])"
D:\ZSL\CNN\Test_TRIAL_DATASET_1-CLASS_1\persian_cat\persian+cat_10338.jpg,persian_cat,siamese_cat,23,13,siamese cat,"(['persian cat', 'leopard', 'giant panda', 'raccoon', 'seal'], [95.16, 17.06, 6.12, -5.49, -8.13])"
D:\ZSL\CNN\Test_TRIAL_DATASET_1-CLASS_1\persian_cat\persian+cat_10339.jpg,persian_cat,siamese_cat,23,13,siamese cat,"(['persian cat', 'leopard', 'giant panda', 'raccoon', 'seal'], [95.16, 17.06, 6.12, -5.49, -8.13])"
D:\ZSL\CNN\Test_TRIAL_DATASET_1-CLASS_1\persian_cat\persian+cat_10340.jpg,persian_cat,siamese_cat,23,13,siamese cat,"(['persian cat', 'leopard', 'giant panda', 'raccoon', 'seal'], [95.16, 17.06, 6.12, -5.49, -8.13])"
D:\ZSL\CNN\Test_TRIAL_DATASET_1-CLASS_1\persian_cat\persian+cat_10341.jpg,persian_cat,siamese_cat,23,13,siamese cat,"(['persian cat', 'leopard', 'giant panda', 'raccoon', 'seal'], [95.16, 17.06, 6.12, -5.49, -8.13])"
D:\ZSL\CNN\Test_TRIAL_DATASET_1-CLASS_1\persian_cat\persian+cat_10342.jpg,persian_cat,siamese_cat,23,13,siamese cat,"(['persian cat', 'leopard', 'giant panda', 'raccoon', 'seal'], [95.16, 17.06, 6.12, -5.49, -8.13])"
D:\ZSL\CNN\Test_TRIAL_DATASET_1-CLASS_1\persian_cat\persian+cat_10343.jpg,persian_cat,siamese_cat,23,13,siamese cat,"(['persian cat', 'leopard', 'giant panda', 'raccoon', 'seal'], [95.16, 17.06, 6.12, -5.49, -8.13])"
D:\ZSL\CNN\Test_TRIAL_DATASET_1-CLASS_1\persian_cat\persian+cat_10344.jpg,persian_cat,siamese_cat,23,13,siamese cat,"(['persian cat', 'leopard', 'giant panda', 'raccoon', 'seal'], [95.16, 17.06, 6.12, -5.49, -8.13])"
D:\ZSL\CNN\Test_TRIAL_DATASET_1-CLASS_1\persian_cat\persian+cat_10345.jpg,persian_cat,siamese_cat,23,13,siamese cat,"(['persian cat', 'leopard', 'giant panda', 'raccoon', 'seal'], [95.16, 17.06, 6.12, -5.49, -8.13])"
D:\ZSL\CNN\Test_TRIAL_DATASET_1-CLASS_1\persian_cat\persian+cat_10346.jpg,persian_cat,siamese_cat,23,13,siamese cat,"(['persian cat', 'leopard', 'giant panda', 'raccoon', 'seal'], [95.16, 17.06, 6.12, -5.49, -8.13])"
D:\ZSL\CNN\Test_TRIAL_DATASET_1-CLASS_1\persian_cat\persian+cat_10347.jpg,persian_cat,siamese_cat,23,13,siamese cat,"(['persian cat', 'leopard', 'giant panda', 'raccoon', 'seal'], [95.16, 17.06, 6.12, -5.49, -8.13])"
D:\ZSL\CNN\Test_TRIAL_DATASET_1-CLASS_1\persian_cat\persian+cat_10348.jpg,persian_cat,mouse,23,9,mouse,"(['rat', 'leopard', 'pig', 'raccoon', 'persian cat'], [84.74, 53.94, 16.24, -3.35, -10.14])"
D:\ZSL\CNN\Test_TRIAL_DATASET_1-CLASS_1\persian_cat\persian+cat_10349.jpg,persian_cat,siamese_cat,23,13,siamese cat,"(['persian cat', 'leopard', 'giant panda', 'raccoon', 'seal'], [95.16, 17.06, 6.12, -5.49, -8.13])"
D:\ZSL\CNN\Test_TRIAL_DATASET_1-CLASS_1\persian_cat\persian+cat_10350.jpg,persian_cat,siamese_cat,23,13,siamese cat,"(['persian cat', 'leopard', 'giant panda', 'raccoon', 'seal'], [95.16, 17.06, 6.12, -5.49, -8.13])"
D:\ZSL\CNN\Test_TRIAL_DATASET_1-CLASS_1\persian_cat\persian+cat_10351.jpg,persian_cat,siamese_cat,23,13,siamese cat,"(['persian cat', 'leopard', 'giant panda', 'raccoon', 'seal'], [95.16, 17.06, 6.12, -5.49, -8.13])"
D:\ZSL\CNN\Test_TRIAL_DATASET_1-CLASS_1\persian_cat\persian+cat_10352.jpg,persian_cat,siamese_cat,23,13,siamese cat,"(['persian cat', 'leopard', 'giant panda', 'raccoon', 'seal'], [95.16, 17.06, 6.12, -5.49, -8.13])"
D:\ZSL\CNN\Test_TRIAL_DATASET_1-CLASS_1\persian_cat\persian+cat_10353.jpg,persian_cat,siamese_cat,23,13,siamese cat,"(['persian cat', 'leopard', 'giant panda', 'raccoon', 'seal'], [95.16, 17.06, 6.12, -5.49, -8.13])"
D:\ZSL\CNN\Test_TRIAL_DATASET_1-CLASS_1\persian_cat\persian+cat_10354.jpg,persian_cat,siamese_cat,23,13,siamese cat,"(['persian cat', 'leopard', 'giant panda', 'raccoon', 'seal'], [95.16, 17.06, 6.12, -5.49, -8.13])"
D:\ZSL\CNN\Test_TRIAL_DATASET_1-CLASS_1\persian_cat\persian+cat_10355.jpg,persian_cat,siamese_cat,23,13,siamese cat,"(['persian cat', 'leopard', 'giant panda', 'raccoon', 'seal'], [95.16, 17.06, 6.12, -5.49, -8.13])"
D:\ZSL\CNN\Test_TRIAL_DATASET_1-CLASS_1\persian_cat\persian+cat_10356.jpg,persian_cat,siamese_cat,23,13,siamese cat,"(['persian cat', 'leopard', 'giant panda', 'raccoon', 'seal'], [95.16, 17.06, 6.12, -5.49, -8.13])"
D:\ZSL\CNN\Test_TRIAL_DATASET_1-CLASS_1\persian_cat\persian+cat_10357.jpg,persian_cat,siamese_cat,23,13,siamese cat,"(['persian cat', 'leopard', 'giant panda', 'raccoon', 'seal'], [95.16, 17.06, 6.12, -5.49, -8.13])"
D:\ZSL\CNN\Test_TRIAL_DATASET_1-CLASS_1\persian_cat\persian+cat_10358.jpg,persian_cat,siamese_cat,23,13,siamese cat,"(['persian cat', 'leopard', 'giant panda', 'raccoon', 'seal'], [95.16, 17.06, 6.12, -5.49, -8.13])"
D:\ZSL\CNN\Test_TRIAL_DATASET_1-CLASS_1\persian_cat\persian+cat_10359.jpg,persian_cat,siamese_cat,23,13,siamese cat,"(['persian cat', 'leopard', 'giant panda', 'raccoon', 'seal'], [95.16, 17.06, 6.12, -5.49, -8.13])"
D:\ZSL\CNN\Test_TRIAL_DATASET_1-CLASS_1\persian_cat\persian+cat_10360.jpg,persian_cat,siamese_cat,23,13,siamese cat,"(['persian cat', 'leopard', 'giant panda', 'raccoon', 'seal'], [95.16, 17.06, 6.12, -5.49, -8.13])"
D:\ZSL\CNN\Test_TRIAL_DATASET_1-CLASS_1\persian_cat\persian+cat_10361.jpg,persian_cat,siamese_cat,23,13,siamese cat,"(['persian cat', 'leopard', 'giant panda', 'raccoon', 'seal'], [95.16, 17.06, 6.12, -5.49, -8.13])"
D:\ZSL\CNN\Test_TRIAL_DATASET_1-CLASS_1\persian_cat\persian+cat_10362.jpg,persian_cat,skunk,23,14,skunk,"(['rat', 'raccoon', 'seal', 'pig', 'giant panda'], [62.36, 41.18, 24.96, 18.58, -0.51])"
D:\ZSL\CNN\Test_TRIAL_DATASET_1-CLASS_1\persian_cat\persian+cat_10363.jpg,persian_cat,siamese_cat,23,13,siamese cat,"(['persian cat', 'leopard', 'giant panda', 'raccoon', 'seal'], [95.16, 17.06, 6.12, -5.49, -8.13])"
D:\ZSL\CNN\Test_TRIAL_DATASET_1-CLASS_1\persian_cat\persian+cat_10364.jpg,persian_cat,tiger,23,16,tiger,"(['leopard', 'giant panda', 'persian cat', 'seal', 'pig'], [75.51, 32.01, 21.95, 9.29, -0.46])"
D:\ZSL\CNN\Test_TRIAL_DATASET_1-CLASS_1\persian_cat\persian+cat_10365.jpg,persian_cat,siamese_cat,23,13,siamese cat,"(['persian cat', 'leopard', 'giant panda', 'raccoon', 'seal'], [95.16, 17.06, 6.12, -5.49, -8.13])"
D:\ZSL\CNN\Test_TRIAL_DATASET_1-CLASS_1\persian_cat\persian+cat_10366.jpg,persian_cat,siamese_cat,23,13,siamese cat,"(['persian cat', 'leopard', 'giant panda', 'raccoon', 'seal'], [95.16, 17.06, 6.12, -5.49, -8.13])"
D:\ZSL\CNN\Test_TRIAL_DATASET_1-CLASS_1\persian_cat\persian+cat_10367.jpg,persian_cat,siamese_cat,23,13,siamese cat,"(['persian cat', 'leopard', 'giant panda', 'raccoon', 'seal'], [95.16, 17.06, 6.12, -5.49, -8.13])"
D:\ZSL\CNN\Test_TRIAL_DATASET_1-CLASS_1\persian_cat\persian+cat_10368.jpg,persian_cat,siamese_cat,23,13,siamese cat,"(['persian cat', 'leopard', 'giant panda', 'raccoon', 'seal'], [95.16, 17.06, 6.12, -5.49, -8.13])"
D:\ZSL\CNN\Test_TRIAL_DATASET_1-CLASS_1\persian_cat\persian+cat_10369.jpg,persian_cat,siamese_cat,23,13,siamese cat,"(['persian cat', 'leopard', 'giant panda', 'raccoon', 'seal'], [95.16, 17.06, 6.12, -5.49, -8.13])"
D:\ZSL\CNN\Test_TRIAL_DATASET_1-CLASS_1\persian_cat\persian+cat_10370.jpg,persian_cat,siamese_cat,23,13,siamese cat,"(['persian cat', 'leopard', 'giant panda', 'raccoon', 'seal'], [95.16, 17.06, 6.12, -5.49, -8.13])"
D:\ZSL\CNN\Test_TRIAL_DATASET_1-CLASS_1\persian_cat\persian+cat_10371.jpg,persian_cat,tiger,23,16,tiger,"(['leopard', 'giant panda', 'persian cat', 'seal', 'pig'], [75.51, 32.01, 21.95, 9.29, -0.46])"
D:\ZSL\CNN\Test_TRIAL_DATASET_1-CLASS_1\persian_cat\persian+cat_10372.jpg,persian_cat,bobcat,23,2,bobcat,"(['raccoon', 'persian cat', 'humpback whale', 'leopard', 'giant panda'], [59.41, 32.03, 16.81, 10.53, 3.26])"
D:\ZSL\CNN\Test_TRIAL_DATASET_1-CLASS_1\persian_cat\persian+cat_10373.jpg,persian_cat,siamese_cat,23,13,siamese cat,"(['persian cat', 'leopard', 'giant panda', 'raccoon', 'seal'], [95.16, 17.06, 6.12, -5.49, -8.13])"
D:\ZSL\CNN\Test_TRIAL_DATASET_1-CLASS_1\persian_cat\persian+cat_10374.jpg,persian_cat,siamese_cat,23,13,siamese cat,"(['persian cat', 'leopard', 'giant panda', 'raccoon', 'seal'], [95.16, 17.06, 6.12, -5.49, -8.13])"
D:\ZSL\CNN\Test_TRIAL_DATASET_1-CLASS_1\persian_cat\persian+cat_10375.jpg,persian_cat,siamese_cat,23,13,siamese cat,"(['persian cat', 'leopard', 'giant panda', 'raccoon', 'seal'], [95.16, 17.06, 6.12, -5.49, -8.13])"
D:\ZSL\CNN\Test_TRIAL_DATASET_1-CLASS_1\persian_cat\persian+cat_10376.jpg,persian_cat,siamese_cat,23,13,siamese cat,"(['persian cat', 'leopard', 'giant panda', 'raccoon', 'seal'], [95.16, 17.06, 6.12, -5.49, -8.13])"
D:\ZSL\CNN\Test_TRIAL_DATASET_1-CLASS_1\persian_cat\persian+cat_10377.jpg,persian_cat,siamese_cat,23,13,siamese cat,"(['persian cat', 'leopard', 'giant panda', 'raccoon', 'seal'], [95.16, 17.06, 6.12, -5.49, -8.13])"
D:\ZSL\CNN\Test_TRIAL_DATASET_1-CLASS_1\persian_cat\persian+cat_10378.jpg,persian_cat,siamese_cat,23,13,siamese cat,"(['persian cat', 'leopard', 'giant panda', 'raccoon', 'seal'], [95.16, 17.06, 6.12, -5.49, -8.13])"
D:\ZSL\CNN\Test_TRIAL_DATASET_1-CLASS_1\persian_cat\persian+cat_10379.jpg,persian_cat,siamese_cat,23,13,siamese cat,"(['persian cat', 'leopard', 'giant panda', 'raccoon', 'seal'], [95.16, 17.06, 6.12, -5.49, -8.13])"
D:\ZSL\CNN\Test_TRIAL_DATASET_1-CLASS_1\persian_cat\persian+cat_10380.jpg,persian_cat,siamese_cat,23,13,siamese cat,"(['persian cat', 'leopard', 'giant panda', 'raccoon', 'seal'], [95.16, 17.06, 6.12, -5.49, -8.13])"
D:\ZSL\CNN\Test_TRIAL_DATASET_1-CLASS_1\persian_cat\persian+cat_10381.jpg,persian_cat,siamese_cat,23,13,siamese cat,"(['persian cat', 'leopard', 'giant panda', 'raccoon', 'seal'], [95.16, 17.06, 6.12, -5.49, -8.13])"
D:\ZSL\CNN\Test_TRIAL_DATASET_1-CLASS_1\persian_cat\persian+cat_10382.jpg,persian_cat,siamese_cat,23,13,siamese cat,"(['persian cat', 'leopard', 'giant panda', 'raccoon', 'seal'], [95.16, 17.06, 6.12, -5.49, -8.13])"
D:\ZSL\CNN\Test_TRIAL_DATASET_1-CLASS_1\persian_cat\persian+cat_10383.jpg,persian_cat,siamese_cat,23,13,siamese cat,"(['persian cat', 'leopard', 'giant panda', 'raccoon', 'seal'], [95.16, 17.06, 6.12, -5.49, -8.13])"
D:\ZSL\CNN\Test_TRIAL_DATASET_1-CLASS_1\persian_cat\persian+cat_10384.jpg,persian_cat,siamese_cat,23,13,siamese cat,"(['persian cat', 'leopard', 'giant panda', 'raccoon', 'seal'], [95.16, 17.06, 6.12, -5.49, -8.13])"
D:\ZSL\CNN\Test_TRIAL_DATASET_1-CLASS_1\persian_cat\persian+cat_10385.jpg,persian_cat,siamese_cat,23,13,siamese cat,"(['persian cat', 'leopard', 'giant panda', 'raccoon', 'seal'], [95.16, 17.06, 6.12, -5.49, -8.13])"
D:\ZSL\CNN\Test_TRIAL_DATASET_1-CLASS_1\persian_cat\persian+cat_10386.jpg,persian_cat,siamese_cat,23,13,siamese cat,"(['persian cat', 'leopard', 'giant panda', 'raccoon', 'seal'], [95.16, 17.06, 6.12, -5.49, -8.13])"
D:\ZSL\CNN\Test_TRIAL_DATASET_1-CLASS_1\persian_cat\persian+cat_10387.jpg,persian_cat,siamese_cat,23,13,siamese cat,"(['persian cat', 'leopard', 'giant panda', 'raccoon', 'seal'], [95.16, 17.06, 6.12, -5.49, -8.13])"
D:\ZSL\CNN\Test_TRIAL_DATASET_1-CLASS_1\persian_cat\persian+cat_10388.jpg,persian_cat,siamese_cat,23,13,siamese cat,"(['persian cat', 'leopard', 'giant panda', 'raccoon', 'seal'], [95.16, 17.06, 6.12, -5.49, -8.13])"
D:\ZSL\CNN\Test_TRIAL_DATASET_1-CLASS_1\persian_cat\persian+cat_10389.jpg,persian_cat,siamese_cat,23,13,siamese cat,"(['persian cat', 'leopard', 'giant panda', 'raccoon', 'seal'], [95.16, 17.06, 6.12, -5.49, -8.13])"
D:\ZSL\CNN\Test_TRIAL_DATASET_1-CLASS_1\persian_cat\persian+cat_10390.jpg,persian_cat,siamese_cat,23,13,siamese cat,"(['persian cat', 'leopard', 'giant panda', 'raccoon', 'seal'], [95.16, 17.06, 6.12, -5.49, -8.13])"
D:\ZSL\CNN\Test_TRIAL_DATASET_1-CLASS_1\persian_cat\persian+cat_10391.jpg,persian_cat,siamese_cat,23,13,siamese cat,"(['persian cat', 'leopard', 'giant panda', 'raccoon', 'seal'], [95.16, 17.06, 6.12, -5.49, -8.13])"
D:\ZSL\CNN\Test_TRIAL_DATASET_1-CLASS_1\persian_cat\persian+cat_10392.jpg,persian_cat,siamese_cat,23,13,siamese cat,"(['persian cat', 'leopard', 'giant panda', 'raccoon', 'seal'], [95.16, 17.06, 6.12, -5.49, -8.13])"
D:\ZSL\CNN\Test_TRIAL_DATASET_1-CLASS_1\persian_cat\persian+cat_10393.jpg,persian_cat,siamese_cat,23,13,siamese cat,"(['persian cat', 'leopard', 'giant panda', 'raccoon', 'seal'], [95.16, 17.06, 6.12, -5.49, -8.13])"
D:\ZSL\CNN\Test_TRIAL_DATASET_1-CLASS_1\persian_cat\persian+cat_10394.jpg,persian_cat,siamese_cat,23,13,siamese cat,"(['persian cat', 'leopard', 'giant panda', 'raccoon', 'seal'], [95.16, 17.06, 6.12, -5.49, -8.13])"
D:\ZSL\CNN\Test_TRIAL_DATASET_1-CLASS_1\persian_cat\persian+cat_10395.jpg,persian_cat,siamese_cat,23,13,siamese cat,"(['persian cat', 'leopard', 'giant panda', 'raccoon', 'seal'], [95.16, 17.06, 6.12, -5.49, -8.13])"
D:\ZSL\CNN\Test_TRIAL_DATASET_1-CLASS_1\persian_cat\persian+cat_10396.jpg,persian_cat,siamese_cat,23,13,siamese cat,"(['persian cat', 'leopard', 'giant panda', 'raccoon', 'seal'], [95.16, 17.06, 6.12, -5.49, -8.13])"
D:\ZSL\CNN\Test_TRIAL_DATASET_1-CLASS_1\persian_cat\persian+cat_10397.jpg,persian_cat,siamese_cat,23,13,siamese cat,"(['persian cat', 'leopard', 'giant panda', 'raccoon', 'seal'], [95.16, 17.06, 6.12, -5.49, -8.13])"
D:\ZSL\CNN\Test_TRIAL_DATASET_1-CLASS_1\persian_cat\persian+cat_10398.jpg,persian_cat,siamese_cat,23,13,siamese cat,"(['persian cat', 'leopard', 'giant panda', 'raccoon', 'seal'], [95.16, 17.06, 6.12, -5.49, -8.13])"
D:\ZSL\CNN\Test_TRIAL_DATASET_1-CLASS_1\persian_cat\persian+cat_10399.jpg,persian_cat,siamese_cat,23,13,siamese cat,"(['persian cat', 'leopard', 'giant panda', 'raccoon', 'seal'], [95.16, 17.06, 6.12, -5.49, -8.13])"
D:\ZSL\CNN\Test_TRIAL_DATASET_1-CLASS_1\persian_cat\persian+cat_10400.jpg,persian_cat,siamese_cat,23,13,siamese cat,"(['persian cat', 'leopard', 'giant panda', 'raccoon', 'seal'], [95.16, 17.06, 6.12, -5.49, -8.13])"
D:\ZSL\CNN\Test_TRIAL_DATASET_1-CLASS_1\persian_cat\persian+cat_10401.jpg,persian_cat,siamese_cat,23,13,siamese cat,"(['persian cat', 'leopard', 'giant panda', 'raccoon', 'seal'], [95.16, 17.06, 6.12, -5.49, -8.13])"
D:\ZSL\CNN\Test_TRIAL_DATASET_1-CLASS_1\persian_cat\persian+cat_10402.jpg,persian_cat,siamese_cat,23,13,siamese cat,"(['persian cat', 'leopard', 'giant panda', 'raccoon', 'seal'], [95.16, 17.06, 6.12, -5.49, -8.13])"
D:\ZSL\CNN\Test_TRIAL_DATASET_1-CLASS_1\persian_cat\persian+cat_10403.jpg,persian_cat,skunk,23,14,skunk,"(['rat', 'raccoon', 'seal', 'pig', 'giant panda'], [62.36, 41.18, 24.96, 18.58, -0.51])"
D:\ZSL\CNN\Test_TRIAL_DATASET_1-CLASS_1\persian_cat\persian+cat_10404.jpg,persian_cat,siamese_cat,23,13,siamese cat,"(['persian cat', 'leopard', 'giant panda', 'raccoon', 'seal'], [95.16, 17.06, 6.12, -5.49, -8.13])"
D:\ZSL\CNN\Test_TRIAL_DATASET_1-CLASS_1\persian_cat\persian+cat_10405.jpg,persian_cat,siamese_cat,23,13,siamese cat,"(['persian cat', 'leopard', 'giant panda', 'raccoon', 'seal'], [95.16, 17.06, 6.12, -5.49, -8.13])"
D:\ZSL\CNN\Test_TRIAL_DATASET_1-CLASS_1\persian_cat\persian+cat_10406.jpg,persian_cat,bear,23,0,bear,"(['giant panda', 'raccoon', 'seal', 'pig', 'humpback whale'], [49.72, 40.56, 19.3, 8.36, 0.21])"
D:\ZSL\CNN\Test_TRIAL_DATASET_1-CLASS_1\persian_cat\persian+cat_10407.jpg,persian_cat,siamese_cat,23,13,siamese cat,"(['persian cat', 'leopard', 'giant panda', 'raccoon', 'seal'], [95.16, 17.06, 6.12, -5.49, -8.13])"
D:\ZSL\CNN\Test_TRIAL_DATASET_1-CLASS_1\persian_cat\persian+cat_10408.jpg,persian_cat,siamese_cat,23,13,siamese cat,"(['persian cat', 'leopard', 'giant panda', 'raccoon', 'seal'], [95.16, 17.06, 6.12, -5.49, -8.13])"
D:\ZSL\CNN\Test_TRIAL_DATASET_1-CLASS_1\persian_cat\persian+cat_10409.jpg,persian_cat,siamese_cat,23,13,siamese cat,"(['persian cat', 'leopard', 'giant panda', 'raccoon', 'seal'], [95.16, 17.06, 6.12, -5.49, -8.13])"
D:\ZSL\CNN\Test_TRIAL_DATASET_1-CLASS_1\persian_cat\persian+cat_10410.jpg,persian_cat,siamese_cat,23,13,siamese cat,"(['persian cat', 'leopard', 'giant panda', 'raccoon', 'seal'], [95.16, 17.06, 6.12, -5.49, -8.13])"
D:\ZSL\CNN\Test_TRIAL_DATASET_1-CLASS_1\persian_cat\persian+cat_10411.jpg,persian_cat,siamese_cat,23,13,siamese cat,"(['persian cat', 'leopard', 'giant panda', 'raccoon', 'seal'], [95.16, 17.06, 6.12, -5.49, -8.13])"
D:\ZSL\CNN\Test_TRIAL_DATASET_1-CLASS_1\persian_cat\persian+cat_10412.jpg,persian_cat,mouse,23,9,mouse,"(['rat', 'leopard', 'pig', 'raccoon', 'persian cat'], [84.74, 53.94, 16.24, -3.35, -10.14])"
D:\ZSL\CNN\Test_TRIAL_DATASET_1-CLASS_1\persian_cat\persian+cat_10413.jpg,persian_cat,siamese_cat,23,13,siamese cat,"(['persian cat', 'leopard', 'giant panda', 'raccoon', 'seal'], [95.16, 17.06, 6.12, -5.49, -8.13])"
D:\ZSL\CNN\Test_TRIAL_DATASET_1-CLASS_1\persian_cat\persian+cat_10414.jpg,persian_cat,mouse,23,9,mouse,"(['rat', 'leopard', 'pig', 'raccoon', 'persian cat'], [84.74, 53.94, 16.24, -3.35, -10.14])"
D:\ZSL\CNN\Test_TRIAL_DATASET_1-CLASS_1\persian_cat\persian+cat_10415.jpg,persian_cat,siamese_cat,23,13,siamese cat,"(['persian cat', 'leopard', 'giant panda', 'raccoon', 'seal'], [95.16, 17.06, 6.12, -5.49, -8.13])"
D:\ZSL\CNN\Test_TRIAL_DATASET_1-CLASS_1\persian_cat\persian+cat_10416.jpg,persian_cat,siamese_cat,23,13,siamese cat,"(['persian cat', 'leopard', 'giant panda', 'raccoon', 'seal'], [95.16, 17.06, 6.12, -5.49, -8.13])"
D:\ZSL\CNN\Test_TRIAL_DATASET_1-CLASS_1\persian_cat\persian+cat_10417.jpg,persian_cat,siamese_cat,23,13,siamese cat,"(['persian cat', 'leopard', 'giant panda', 'raccoon', 'seal'], [95.16, 17.06, 6.12, -5.49, -8.13])"
D:\ZSL\CNN\Test_TRIAL_DATASET_1-CLASS_1\persian_cat\persian+cat_10418.jpg,persian_cat,siamese_cat,23,13,siamese cat,"(['persian cat', 'leopard', 'giant panda', 'raccoon', 'seal'], [95.16, 17.06, 6.12, -5.49, -8.13])"
D:\ZSL\CNN\Test_TRIAL_DATASET_1-CLASS_1\persian_cat\persian+cat_10419.jpg,persian_cat,siamese_cat,23,13,siamese cat,"(['persian cat', 'leopard', 'giant panda', 'raccoon', 'seal'], [95.16, 17.06, 6.12, -5.49, -8.13])"
D:\ZSL\CNN\Test_TRIAL_DATASET_1-CLASS_1\persian_cat\persian+cat_10420.jpg,persian_cat,siamese_cat,23,13,siamese cat,"(['persian cat', 'leopard', 'giant panda', 'raccoon', 'seal'], [95.16, 17.06, 6.12, -5.49, -8.13])"
D:\ZSL\CNN\Test_TRIAL_DATASET_1-CLASS_1\persian_cat\persian+cat_10421.jpg,persian_cat,siamese_cat,23,13,siamese cat,"(['persian cat', 'leopard', 'giant panda', 'raccoon', 'seal'], [95.16, 17.06, 6.12, -5.49, -8.13])"
D:\ZSL\CNN\Test_TRIAL_DATASET_1-CLASS_1\persian_cat\persian+cat_10422.jpg,persian_cat,siamese_cat,23,13,siamese cat,"(['persian cat', 'leopard', 'giant panda', 'raccoon', 'seal'], [95.16, 17.06, 6.12, -5.49, -8.13])"
D:\ZSL\CNN\Test_TRIAL_DATASET_1-CLASS_1\persian_cat\persian+cat_10423.jpg,persian_cat,siamese_cat,23,13,siamese cat,"(['persian cat', 'leopard', 'giant panda', 'raccoon', 'seal'], [95.16, 17.06, 6.12, -5.49, -8.13])"
D:\ZSL\CNN\Test_TRIAL_DATASET_1-CLASS_1\persian_cat\persian+cat_10424.jpg,persian_cat,siamese_cat,23,13,siamese cat,"(['persian cat', 'leopard', 'giant panda', 'raccoon', 'seal'], [95.16, 17.06, 6.12, -5.49, -8.13])"
D:\ZSL\CNN\Test_TRIAL_DATASET_1-CLASS_1\persian_cat\persian+cat_10425.jpg,persian_cat,siamese_cat,23,13,siamese cat,"(['persian cat', 'leopard', 'giant panda', 'raccoon', 'seal'], [95.16, 17.06, 6.12, -5.49, -8.13])"
D:\ZSL\CNN\Test_TRIAL_DATASET_1-CLASS_1\persian_cat\persian+cat_10426.jpg,persian_cat,cow,23,3,cow,"(['pig', 'seal', 'humpback whale', 'raccoon', 'leopard'], [75.45, 24.43, 0.16, -1.32, -1.99])"
D:\ZSL\CNN\Test_TRIAL_DATASET_1-CLASS_1\persian_cat\persian+cat_10427.jpg,persian_cat,siamese_cat,23,13,siamese cat,"(['persian cat', 'leopard', 'giant panda', 'raccoon', 'seal'], [95.16, 17.06, 6.12, -5.49, -8.13])"
D:\ZSL\CNN\Test_TRIAL_DATASET_1-CLASS_1\persian_cat\persian+cat_10428.jpg,persian_cat,siamese_cat,23,13,siamese cat,"(['persian cat', 'leopard', 'giant panda', 'raccoon', 'seal'], [95.16, 17.06, 6.12, -5.49, -8.13])"
D:\ZSL\CNN\Test_TRIAL_DATASET_1-CLASS_1\persian_cat\persian+cat_10429.jpg,persian_cat,siamese_cat,23,13,siamese cat,"(['persian cat', 'leopard', 'giant panda', 'raccoon', 'seal'], [95.16, 17.06, 6.12, -5.49, -8.13])"
D:\ZSL\CNN\Test_TRIAL_DATASET_1-CLASS_1\persian_cat\persian+cat_10430.jpg,persian_cat,siamese_cat,23,13,siamese cat,"(['persian cat', 'leopard', 'giant panda', 'raccoon', 'seal'], [95.16, 17.06, 6.12, -5.49, -8.13])"
D:\ZSL\CNN\Test_TRIAL_DATASET_1-CLASS_1\persian_cat\persian+cat_10431.jpg,persian_cat,tiger,23,16,tiger,"(['leopard', 'giant panda', 'persian cat', 'seal', 'pig'], [75.51, 32.01, 21.95, 9.29, -0.46])"
D:\ZSL\CNN\Test_TRIAL_DATASET_1-CLASS_1\persian_cat\persian+cat_10432.jpg,persian_cat,siamese_cat,23,13,siamese cat,"(['persian cat', 'leopard', 'giant panda', 'raccoon', 'seal'], [95.16, 17.06, 6.12, -5.49, -8.13])"
D:\ZSL\CNN\Test_TRIAL_DATASET_1-CLASS_1\persian_cat\persian+cat_10433.jpg,persian_cat,siamese_cat,23,13,siamese cat,"(['persian cat', 'leopard', 'giant panda', 'raccoon', 'seal'], [95.16, 17.06, 6.12, -5.49, -8.13])"
D:\ZSL\CNN\Test_TRIAL_DATASET_1-CLASS_1\persian_cat\persian+cat_10434.jpg,persian_cat,siamese_cat,23,13,siamese cat,"(['persian cat', 'leopard', 'giant panda', 'raccoon', 'seal'], [95.16, 17.06, 6.12, -5.49, -8.13])"
D:\ZSL\CNN\Test_TRIAL_DATASET_1-CLASS_1\persian_cat\persian+cat_10435.jpg,persian_cat,siamese_cat,23,13,siamese cat,"(['persian cat', 'leopard', 'giant panda', 'raccoon', 'seal'], [95.16, 17.06, 6.12, -5.49, -8.13])"
D:\ZSL\CNN\Test_TRIAL_DATASET_1-CLASS_1\persian_cat\persian+cat_10436.jpg,persian_cat,siamese_cat,23,13,siamese cat,"(['persian cat', 'leopard', 'giant panda', 'raccoon', 'seal'], [95.16, 17.06, 6.12, -5.49, -8.13])"
D:\ZSL\CNN\Test_TRIAL_DATASET_1-CLASS_1\persian_cat\persian+cat_10437.jpg,persian_cat,rabbit,23,11,rabbit,"(['pig', 'rat', 'giant panda', 'raccoon', 'leopard'], [65.11, 46.21, 18.84, 14.3, -5.72])"
D:\ZSL\CNN\Test_TRIAL_DATASET_1-CLASS_1\persian_cat\persian+cat_10438.jpg,persian_cat,siamese_cat,23,13,siamese cat,"(['persian cat', 'leopard', 'giant panda', 'raccoon', 'seal'], [95.16, 17.06, 6.12, -5.49, -8.13])"
D:\ZSL\CNN\Test_TRIAL_DATASET_1-CLASS_1\persian_cat\persian+cat_10439.jpg,persian_cat,siamese_cat,23,13,siamese cat,"(['persian cat', 'leopard', 'giant panda', 'raccoon', 'seal'], [95.16, 17.06, 6.12, -5.49, -8.13])"
D:\ZSL\CNN\Test_TRIAL_DATASET_1-CLASS_1\persian_cat\persian+cat_10440.jpg,persian_cat,siamese_cat,23,13,siamese cat,"(['persian cat', 'leopard', 'giant panda', 'raccoon', 'seal'], [95.16, 17.06, 6.12, -5.49, -8.13])"
D:\ZSL\CNN\Test_TRIAL_DATASET_1-CLASS_1\persian_cat\persian+cat_10441.jpg,persian_cat,siamese_cat,23,13,siamese cat,"(['persian cat', 'leopard', 'giant panda', 'raccoon', 'seal'], [95.16, 17.06, 6.12, -5.49, -8.13])"
D:\ZSL\CNN\Test_TRIAL_DATASET_1-CLASS_1\persian_cat\persian+cat_10442.jpg,persian_cat,siamese_cat,23,13,siamese cat,"(['persian cat', 'leopard', 'giant panda', 'raccoon', 'seal'], [95.16, 17.06, 6.12, -5.49, -8.13])"
D:\ZSL\CNN\Test_TRIAL_DATASET_1-CLASS_1\persian_cat\persian+cat_10443.jpg,persian_cat,siamese_cat,23,13,siamese cat,"(['persian cat', 'leopard', 'giant panda', 'raccoon', 'seal'], [95.16, 17.06, 6.12, -5.49, -8.13])"
D:\ZSL\CNN\Test_TRIAL_DATASET_1-CLASS_1\persian_cat\persian+cat_10444.jpg,persian_cat,siamese_cat,23,13,siamese cat,"(['persian cat', 'leopard', 'giant panda', 'raccoon', 'seal'], [95.16, 17.06, 6.12, -5.49, -8.13])"
D:\ZSL\CNN\Test_TRIAL_DATASET_1-CLASS_1\persian_cat\persian+cat_10445.jpg,persian_cat,siamese_cat,23,13,siamese cat,"(['persian cat', 'leopard', 'giant panda', 'raccoon', 'seal'], [95.16, 17.06, 6.12, -5.49, -8.13])"
D:\ZSL\CNN\Test_TRIAL_DATASET_1-CLASS_1\persian_cat\persian+cat_10446.jpg,persian_cat,siamese_cat,23,13,siamese cat,"(['persian cat', 'leopard', 'giant panda', 'raccoon', 'seal'], [95.16, 17.06, 6.12, -5.49, -8.13])"
D:\ZSL\CNN\Test_TRIAL_DATASET_1-CLASS_1\persian_cat\persian+cat_10447.jpg,persian_cat,siamese_cat,23,13,siamese cat,"(['persian cat', 'leopard', 'giant panda', 'raccoon', 'seal'], [95.16, 17.06, 6.12, -5.49, -8.13])"
D:\ZSL\CNN\Test_TRIAL_DATASET_1-CLASS_1\persian_cat\persian+cat_10448.jpg,persian_cat,siamese_cat,23,13,siamese cat,"(['persian cat', 'leopard', 'giant panda', 'raccoon', 'seal'], [95.16, 17.06, 6.12, -5.49, -8.13])"
D:\ZSL\CNN\Test_TRIAL_DATASET_1-CLASS_1\persian_cat\persian+cat_10449.jpg,persian_cat,siamese_cat,23,13,siamese cat,"(['persian cat', 'leopard', 'giant panda', 'raccoon', 'seal'], [95.16, 17.06, 6.12, -5.49, -8.13])"
D:\ZSL\CNN\Test_TRIAL_DATASET_1-CLASS_1\persian_cat\persian+cat_10450.jpg,persian_cat,bobcat,23,2,bobcat,"(['raccoon', 'persian cat', 'humpback whale', 'leopard', 'giant panda'], [59.41, 32.03, 16.81, 10.53, 3.26])"
D:\ZSL\CNN\Test_TRIAL_DATASET_1-CLASS_1\persian_cat\persian+cat_10451.jpg,persian_cat,siamese_cat,23,13,siamese cat,"(['persian cat', 'leopard', 'giant panda', 'raccoon', 'seal'], [95.16, 17.06, 6.12, -5.49, -8.13])"
D:\ZSL\CNN\Test_TRIAL_DATASET_1-CLASS_1\persian_cat\persian+cat_10452.jpg,persian_cat,siamese_cat,23,13,siamese cat,"(['persian cat', 'leopard', 'giant panda', 'raccoon', 'seal'], [95.16, 17.06, 6.12, -5.49, -8.13])"
D:\ZSL\CNN\Test_TRIAL_DATASET_1-CLASS_1\persian_cat\persian+cat_10453.jpg,persian_cat,siamese_cat,23,13,siamese cat,"(['persian cat', 'leopard', 'giant panda', 'raccoon', 'seal'], [95.16, 17.06, 6.12, -5.49, -8.13])"
D:\ZSL\CNN\Test_TRIAL_DATASET_1-CLASS_1\persian_cat\persian+cat_10454.jpg,persian_cat,siamese_cat,23,13,siamese cat,"(['persian cat', 'leopard', 'giant panda', 'raccoon', 'seal'], [95.16, 17.06, 6.12, -5.49, -8.13])"
D:\ZSL\CNN\Test_TRIAL_DATASET_1-CLASS_1\persian_cat\persian+cat_10455.jpg,persian_cat,siamese_cat,23,13,siamese cat,"(['persian cat', 'leopard', 'giant panda', 'raccoon', 'seal'], [95.16, 17.06, 6.12, -5.49, -8.13])"
D:\ZSL\CNN\Test_TRIAL_DATASET_1-CLASS_1\persian_cat\persian+cat_10456.jpg,persian_cat,siamese_cat,23,13,siamese cat,"(['persian cat', 'leopard', 'giant panda', 'raccoon', 'seal'], [95.16, 17.06, 6.12, -5.49, -8.13])"
D:\ZSL\CNN\Test_TRIAL_DATASET_1-CLASS_1\persian_cat\persian+cat_10457.jpg,persian_cat,siamese_cat,23,13,siamese cat,"(['persian cat', 'leopard', 'giant panda', 'raccoon', 'seal'], [95.16, 17.06, 6.12, -5.49, -8.13])"
D:\ZSL\CNN\Test_TRIAL_DATASET_1-CLASS_1\persian_cat\persian+cat_10458.jpg,persian_cat,siamese_cat,23,13,siamese cat,"(['persian cat', 'leopard', 'giant panda', 'raccoon', 'seal'], [95.16, 17.06, 6.12, -5.49, -8.13])"
D:\ZSL\CNN\Test_TRIAL_DATASET_1-CLASS_1\persian_cat\persian+cat_10459.jpg,persian_cat,siamese_cat,23,13,siamese cat,"(['persian cat', 'leopard', 'giant panda', 'raccoon', 'seal'], [95.16, 17.06, 6.12, -5.49, -8.13])"
D:\ZSL\CNN\Test_TRIAL_DATASET_1-CLASS_1\persian_cat\persian+cat_10460.jpg,persian_cat,siamese_cat,23,13,siamese cat,"(['persian cat', 'leopard', 'giant panda', 'raccoon', 'seal'], [95.16, 17.06, 6.12, -5.49, -8.13])"
D:\ZSL\CNN\Test_TRIAL_DATASET_1-CLASS_1\persian_cat\persian+cat_10461.jpg,persian_cat,siamese_cat,23,13,siamese cat,"(['persian cat', 'leopard', 'giant panda', 'raccoon', 'seal'], [95.16, 17.06, 6.12, -5.49, -8.13])"
D:\ZSL\CNN\Test_TRIAL_DATASET_1-CLASS_1\persian_cat\persian+cat_10462.jpg,persian_cat,siamese_cat,23,13,siamese cat,"(['persian cat', 'leopard', 'giant panda', 'raccoon', 'seal'], [95.16, 17.06, 6.12, -5.49, -8.13])"
D:\ZSL\CNN\Test_TRIAL_DATASET_1-CLASS_1\persian_cat\persian+cat_10463.jpg,persian_cat,siamese_cat,23,13,siamese cat,"(['persian cat', 'leopard', 'giant panda', 'raccoon', 'seal'], [95.16, 17.06, 6.12, -5.49, -8.13])"
D:\ZSL\CNN\Test_TRIAL_DATASET_1-CLASS_1\persian_cat\persian+cat_10464.jpg,persian_cat,siamese_cat,23,13,siamese cat,"(['persian cat', 'leopard', 'giant panda', 'raccoon', 'seal'], [95.16, 17.06, 6.12, -5.49, -8.13])"
D:\ZSL\CNN\Test_TRIAL_DATASET_1-CLASS_1\persian_cat\persian+cat_10465.jpg,persian_cat,siamese_cat,23,13,siamese cat,"(['persian cat', 'leopard', 'giant panda', 'raccoon', 'seal'], [95.16, 17.06, 6.12, -5.49, -8.13])"
D:\ZSL\CNN\Test_TRIAL_DATASET_1-CLASS_1\persian_cat\persian+cat_10466.jpg,persian_cat,siamese_cat,23,13,siamese cat,"(['persian cat', 'leopard', 'giant panda', 'raccoon', 'seal'], [95.16, 17.06, 6.12, -5.49, -8.13])"
D:\ZSL\CNN\Test_TRIAL_DATASET_1-CLASS_1\persian_cat\persian+cat_10467.jpg,persian_cat,siamese_cat,23,13,siamese cat,"(['persian cat', 'leopard', 'giant panda', 'raccoon', 'seal'], [95.16, 17.06, 6.12, -5.49, -8.13])"
D:\ZSL\CNN\Test_TRIAL_DATASET_1-CLASS_1\persian_cat\persian+cat_10468.jpg,persian_cat,siamese_cat,23,13,siamese cat,"(['persian cat', 'leopard', 'giant panda', 'raccoon', 'seal'], [95.16, 17.06, 6.12, -5.49, -8.13])"
D:\ZSL\CNN\Test_TRIAL_DATASET_1-CLASS_1\persian_cat\persian+cat_10469.jpg,persian_cat,siamese_cat,23,13,siamese cat,"(['persian cat', 'leopard', 'giant panda', 'raccoon', 'seal'], [95.16, 17.06, 6.12, -5.49, -8.13])"
D:\ZSL\CNN\Test_TRIAL_DATASET_1-CLASS_1\persian_cat\persian+cat_10470.jpg,persian_cat,siamese_cat,23,13,siamese cat,"(['persian cat', 'leopard', 'giant panda', 'raccoon', 'seal'], [95.16, 17.06, 6.12, -5.49, -8.13])"
D:\ZSL\CNN\Test_TRIAL_DATASET_1-CLASS_1\persian_cat\persian+cat_10471.jpg,persian_cat,siamese_cat,23,13,siamese cat,"(['persian cat', 'leopard', 'giant panda', 'raccoon', 'seal'], [95.16, 17.06, 6.12, -5.49, -8.13])"
D:\ZSL\CNN\Test_TRIAL_DATASET_1-CLASS_1\persian_cat\persian+cat_10472.jpg,persian_cat,siamese_cat,23,13,siamese cat,"(['persian cat', 'leopard', 'giant panda', 'raccoon', 'seal'], [95.16, 17.06, 6.12, -5.49, -8.13])"
D:\ZSL\CNN\Test_TRIAL_DATASET_1-CLASS_1\persian_cat\persian+cat_10473.jpg,persian_cat,siamese_cat,23,13,siamese cat,"(['persian cat', 'leopard', 'giant panda', 'raccoon', 'seal'], [95.16, 17.06, 6.12, -5.49, -8.13])"
D:\ZSL\CNN\Test_TRIAL_DATASET_1-CLASS_1\persian_cat\persian+cat_10474.jpg,persian_cat,siamese_cat,23,13,siamese cat,"(['persian cat', 'leopard', 'giant panda', 'raccoon', 'seal'], [95.16, 17.06, 6.12, -5.49, -8.13])"
D:\ZSL\CNN\Test_TRIAL_DATASET_1-CLASS_1\persian_cat\persian+cat_10475.jpg,persian_cat,siamese_cat,23,13,siamese cat,"(['persian cat', 'leopard', 'giant panda', 'raccoon', 'seal'], [95.16, 17.06, 6.12, -5.49, -8.13])"
D:\ZSL\CNN\Test_TRIAL_DATASET_1-CLASS_1\persian_cat\persian+cat_10476.jpg,persian_cat,siamese_cat,23,13,siamese cat,"(['persian cat', 'leopard', 'giant panda', 'raccoon', 'seal'], [95.16, 17.06, 6.12, -5.49, -8.13])"
D:\ZSL\CNN\Test_TRIAL_DATASET_1-CLASS_1\persian_cat\persian+cat_10477.jpg,persian_cat,siamese_cat,23,13,siamese cat,"(['persian cat', 'leopard', 'giant panda', 'raccoon', 'seal'], [95.16, 17.06, 6.12, -5.49, -8.13])"
D:\ZSL\CNN\Test_TRIAL_DATASET_1-CLASS_1\persian_cat\persian+cat_10478.jpg,persian_cat,siamese_cat,23,13,siamese cat,"(['persian cat', 'leopard', 'giant panda', 'raccoon', 'seal'], [95.16, 17.06, 6.12, -5.49, -8.13])"
D:\ZSL\CNN\Test_TRIAL_DATASET_1-CLASS_1\persian_cat\persian+cat_10479.jpg,persian_cat,siamese_cat,23,13,siamese cat,"(['persian cat', 'leopard', 'giant panda', 'raccoon', 'seal'], [95.16, 17.06, 6.12, -5.49, -8.13])"
D:\ZSL\CNN\Test_TRIAL_DATASET_1-CLASS_1\persian_cat\persian+cat_10480.jpg,persian_cat,siamese_cat,23,13,siamese cat,"(['persian cat', 'leopard', 'giant panda', 'raccoon', 'seal'], [95.16, 17.06, 6.12, -5.49, -8.13])"
D:\ZSL\CNN\Test_TRIAL_DATASET_1-CLASS_1\persian_cat\persian+cat_10481.jpg,persian_cat,siamese_cat,23,13,siamese cat,"(['persian cat', 'leopard', 'giant panda', 'raccoon', 'seal'], [95.16, 17.06, 6.12, -5.49, -8.13])"
D:\ZSL\CNN\Test_TRIAL_DATASET_1-CLASS_1\persian_cat\persian+cat_10482.jpg,persian_cat,siamese_cat,23,13,siamese cat,"(['persian cat', 'leopard', 'giant panda', 'raccoon', 'seal'], [95.16, 17.06, 6.12, -5.49, -8.13])"
D:\ZSL\CNN\Test_TRIAL_DATASET_1-CLASS_1\persian_cat\persian+cat_10483.jpg,persian_cat,siamese_cat,23,13,siamese cat,"(['persian cat', 'leopard', 'giant panda', 'raccoon', 'seal'], [95.16, 17.06, 6.12, -5.49, -8.13])"
D:\ZSL\CNN\Test_TRIAL_DATASET_1-CLASS_1\persian_cat\persian+cat_10484.jpg,persian_cat,siamese_cat,23,13,siamese cat,"(['persian cat', 'leopard', 'giant panda', 'raccoon', 'seal'], [95.16, 17.06, 6.12, -5.49, -8.13])"
D:\ZSL\CNN\Test_TRIAL_DATASET_1-CLASS_1\persian_cat\persian+cat_10485.jpg,persian_cat,siamese_cat,23,13,siamese cat,"(['persian cat', 'leopard', 'giant panda', 'raccoon', 'seal'], [95.16, 17.06, 6.12, -5.49, -8.13])"
D:\ZSL\CNN\Test_TRIAL_DATASET_1-CLASS_1\persian_cat\persian+cat_10486.jpg,persian_cat,siamese_cat,23,13,siamese cat,"(['persian cat', 'leopard', 'giant panda', 'raccoon', 'seal'], [95.16, 17.06, 6.12, -5.49, -8.13])"
D:\ZSL\CNN\Test_TRIAL_DATASET_1-CLASS_1\persian_cat\persian+cat_10487.jpg,persian_cat,mouse,23,9,mouse,"(['rat', 'leopard', 'pig', 'raccoon', 'persian cat'], [84.74, 53.94, 16.24, -3.35, -10.14])"
D:\ZSL\CNN\Test_TRIAL_DATASET_1-CLASS_1\persian_cat\persian+cat_10488.jpg,persian_cat,siamese_cat,23,13,siamese cat,"(['persian cat', 'leopard', 'giant panda', 'raccoon', 'seal'], [95.16, 17.06, 6.12, -5.49, -8.13])"
D:\ZSL\CNN\Test_TRIAL_DATASET_1-CLASS_1\persian_cat\persian+cat_10489.jpg,persian_cat,siamese_cat,23,13,siamese cat,"(['persian cat', 'leopard', 'giant panda', 'raccoon', 'seal'], [95.16, 17.06, 6.12, -5.49, -8.13])"
D:\ZSL\CNN\Test_TRIAL_DATASET_1-CLASS_1\persian_cat\persian+cat_10490.jpg,persian_cat,siamese_cat,23,13,siamese cat,"(['persian cat', 'leopard', 'giant panda', 'raccoon', 'seal'], [95.16, 17.06, 6.12, -5.49, -8.13])"
D:\ZSL\CNN\Test_TRIAL_DATASET_1-CLASS_1\persian_cat\persian+cat_10491.jpg,persian_cat,siamese_cat,23,13,siamese cat,"(['persian cat', 'leopard', 'giant panda', 'raccoon', 'seal'], [95.16, 17.06, 6.12, -5.49, -8.13])"
D:\ZSL\CNN\Test_TRIAL_DATASET_1-CLASS_1\persian_cat\persian+cat_10492.jpg,persian_cat,siamese_cat,23,13,siamese cat,"(['persian cat', 'leopard', 'giant panda', 'raccoon', 'seal'], [95.16, 17.06, 6.12, -5.49, -8.13])"
D:\ZSL\CNN\Test_TRIAL_DATASET_1-CLASS_1\persian_cat\persian+cat_10493.jpg,persian_cat,siamese_cat,23,13,siamese cat,"(['persian cat', 'leopard', 'giant panda', 'raccoon', 'seal'], [95.16, 17.06, 6.12, -5.49, -8.13])"
D:\ZSL\CNN\Test_TRIAL_DATASET_1-CLASS_1\persian_cat\persian+cat_10494.jpg,persian_cat,siamese_cat,23,13,siamese cat,"(['persian cat', 'leopard', 'giant panda', 'raccoon', 'seal'], [95.16, 17.06, 6.12, -5.49, -8.13])"
D:\ZSL\CNN\Test_TRIAL_DATASET_1-CLASS_1\persian_cat\persian+cat_10495.jpg,persian_cat,siamese_cat,23,13,siamese cat,"(['persian cat', 'leopard', 'giant panda', 'raccoon', 'seal'], [95.16, 17.06, 6.12, -5.49, -8.13])"
D:\ZSL\CNN\Test_TRIAL_DATASET_1-CLASS_1\persian_cat\persian+cat_10496.jpg,persian_cat,siamese_cat,23,13,siamese cat,"(['persian cat', 'leopard', 'giant panda', 'raccoon', 'seal'], [95.16, 17.06, 6.12, -5.49, -8.13])"
D:\ZSL\CNN\Test_TRIAL_DATASET_1-CLASS_1\persian_cat\persian+cat_10497.jpg,persian_cat,siamese_cat,23,13,siamese cat,"(['persian cat', 'leopard', 'giant panda', 'raccoon', 'seal'], [95.16, 17.06, 6.12, -5.49, -8.13])"
D:\ZSL\CNN\Test_TRIAL_DATASET_1-CLASS_1\persian_cat\persian+cat_10498.jpg,persian_cat,siamese_cat,23,13,siamese cat,"(['persian cat', 'leopard', 'giant panda', 'raccoon', 'seal'], [95.16, 17.06, 6.12, -5.49, -8.13])"
D:\ZSL\CNN\Test_TRIAL_DATASET_1-CLASS_1\persian_cat\persian+cat_10499.jpg,persian_cat,siamese_cat,23,13,siamese cat,"(['persian cat', 'leopard', 'giant panda', 'raccoon', 'seal'], [95.16, 17.06, 6.12, -5.49, -8.13])"
D:\ZSL\CNN\Test_TRIAL_DATASET_1-CLASS_1\persian_cat\persian+cat_10500.jpg,persian_cat,siamese_cat,23,13,siamese cat,"(['persian cat', 'leopard', 'giant panda', 'raccoon', 'seal'], [95.16, 17.06, 6.12, -5.49, -8.13])"
D:\ZSL\CNN\Test_TRIAL_DATASET_1-CLASS_1\persian_cat\persian+cat_10501.jpg,persian_cat,siamese_cat,23,13,siamese cat,"(['persian cat', 'leopard', 'giant panda', 'raccoon', 'seal'], [95.16, 17.06, 6.12, -5.49, -8.13])"
D:\ZSL\CNN\Test_TRIAL_DATASET_1-CLASS_1\persian_cat\persian+cat_10502.jpg,persian_cat,bobcat,23,2,bobcat,"(['raccoon', 'persian cat', 'humpback whale', 'leopard', 'giant panda'], [59.41, 32.03, 16.81, 10.53, 3.26])"
D:\ZSL\CNN\Test_TRIAL_DATASET_1-CLASS_1\persian_cat\persian+cat_10503.jpg,persian_cat,siamese_cat,23,13,siamese cat,"(['persian cat', 'leopard', 'giant panda', 'raccoon', 'seal'], [95.16, 17.06, 6.12, -5.49, -8.13])"
D:\ZSL\CNN\Test_TRIAL_DATASET_1-CLASS_1\persian_cat\persian+cat_10504.jpg,persian_cat,siamese_cat,23,13,siamese cat,"(['persian cat', 'leopard', 'giant panda', 'raccoon', 'seal'], [95.16, 17.06, 6.12, -5.49, -8.13])"
D:\ZSL\CNN\Test_TRIAL_DATASET_1-CLASS_1\persian_cat\persian+cat_10505.jpg,persian_cat,siamese_cat,23,13,siamese cat,"(['persian cat', 'leopard', 'giant panda', 'raccoon', 'seal'], [95.16, 17.06, 6.12, -5.49, -8.13])"
D:\ZSL\CNN\Test_TRIAL_DATASET_1-CLASS_1\persian_cat\persian+cat_10506.jpg,persian_cat,siamese_cat,23,13,siamese cat,"(['persian cat', 'leopard', 'giant panda', 'raccoon', 'seal'], [95.16, 17.06, 6.12, -5.49, -8.13])"
D:\ZSL\CNN\Test_TRIAL_DATASET_1-CLASS_1\persian_cat\persian+cat_10507.jpg,persian_cat,siamese_cat,23,13,siamese cat,"(['persian cat', 'leopard', 'giant panda', 'raccoon', 'seal'], [95.16, 17.06, 6.12, -5.49, -8.13])"
D:\ZSL\CNN\Test_TRIAL_DATASET_1-CLASS_1\persian_cat\persian+cat_10508.jpg,persian_cat,siamese_cat,23,13,siamese cat,"(['persian cat', 'leopard', 'giant panda', 'raccoon', 'seal'], [95.16, 17.06, 6.12, -5.49, -8.13])"
D:\ZSL\CNN\Test_TRIAL_DATASET_1-CLASS_1\persian_cat\persian+cat_10509.jpg,persian_cat,siamese_cat,23,13,siamese cat,"(['persian cat', 'leopard', 'giant panda', 'raccoon', 'seal'], [95.16, 17.06, 6.12, -5.49, -8.13])"
D:\ZSL\CNN\Test_TRIAL_DATASET_1-CLASS_1\persian_cat\persian+cat_10510.jpg,persian_cat,siamese_cat,23,13,siamese cat,"(['persian cat', 'leopard', 'giant panda', 'raccoon', 'seal'], [95.16, 17.06, 6.12, -5.49, -8.13])"
D:\ZSL\CNN\Test_TRIAL_DATASET_1-CLASS_1\persian_cat\persian+cat_10511.jpg,persian_cat,siamese_cat,23,13,siamese cat,"(['persian cat', 'leopard', 'giant panda', 'raccoon', 'seal'], [95.16, 17.06, 6.12, -5.49, -8.13])"
D:\ZSL\CNN\Test_TRIAL_DATASET_1-CLASS_1\persian_cat\persian+cat_10512.jpg,persian_cat,dolphin,23,4,dolphin,"(['humpback whale', 'seal', 'leopard', 'rat', 'chimpanzee'], [72.35, 51.32, 7.29, -5.12, -8.04])"
D:\ZSL\CNN\Test_TRIAL_DATASET_1-CLASS_1\persian_cat\persian+cat_10513.jpg,persian_cat,siamese_cat,23,13,siamese cat,"(['persian cat', 'leopard', 'giant panda', 'raccoon', 'seal'], [95.16, 17.06, 6.12, -5.49, -8.13])"
D:\ZSL\CNN\Test_TRIAL_DATASET_1-CLASS_1\persian_cat\persian+cat_10514.jpg,persian_cat,siamese_cat,23,13,siamese cat,"(['persian cat', 'leopard', 'giant panda', 'raccoon', 'seal'], [95.16, 17.06, 6.12, -5.49, -8.13])"
D:\ZSL\CNN\Test_TRIAL_DATASET_1-CLASS_1\persian_cat\persian+cat_10515.jpg,persian_cat,siamese_cat,23,13,siamese cat,"(['persian cat', 'leopard', 'giant panda', 'raccoon', 'seal'], [95.16, 17.06, 6.12, -5.49, -8.13])"
D:\ZSL\CNN\Test_TRIAL_DATASET_1-CLASS_1\persian_cat\persian+cat_10516.jpg,persian_cat,siamese_cat,23,13,siamese cat,"(['persian cat', 'leopard', 'giant panda', 'raccoon', 'seal'], [95.16, 17.06, 6.12, -5.49, -8.13])"
D:\ZSL\CNN\Test_TRIAL_DATASET_1-CLASS_1\persian_cat\persian+cat_10517.jpg,persian_cat,siamese_cat,23,13,siamese cat,"(['persian cat', 'leopard', 'giant panda', 'raccoon', 'seal'], [95.16, 17.06, 6.12, -5.49, -8.13])"
D:\ZSL\CNN\Test_TRIAL_DATASET_1-CLASS_1\persian_cat\persian+cat_10518.jpg,persian_cat,siamese_cat,23,13,siamese cat,"(['persian cat', 'leopard', 'giant panda', 'raccoon', 'seal'], [95.16, 17.06, 6.12, -5.49, -8.13])"
D:\ZSL\CNN\Test_TRIAL_DATASET_1-CLASS_1\persian_cat\persian+cat_10519.jpg,persian_cat,siamese_cat,23,13,siamese cat,"(['persian cat', 'leopard', 'giant panda', 'raccoon', 'seal'], [95.16, 17.06, 6.12, -5.49, -8.13])"
D:\ZSL\CNN\Test_TRIAL_DATASET_1-CLASS_1\persian_cat\persian+cat_10520.jpg,persian_cat,siamese_cat,23,13,siamese cat,"(['persian cat', 'leopard', 'giant panda', 'raccoon', 'seal'], [95.16, 17.06, 6.12, -5.49, -8.13])"
D:\ZSL\CNN\Test_TRIAL_DATASET_1-CLASS_1\persian_cat\persian+cat_10521.jpg,persian_cat,siamese_cat,23,13,siamese cat,"(['persian cat', 'leopard', 'giant panda', 'raccoon', 'seal'], [95.16, 17.06, 6.12, -5.49, -8.13])"
D:\ZSL\CNN\Test_TRIAL_DATASET_1-CLASS_1\persian_cat\persian+cat_10522.jpg,persian_cat,siamese_cat,23,13,siamese cat,"(['persian cat', 'leopard', 'giant panda', 'raccoon', 'seal'], [95.16, 17.06, 6.12, -5.49, -8.13])"
D:\ZSL\CNN\Test_TRIAL_DATASET_1-CLASS_1\persian_cat\persian+cat_10523.jpg,persian_cat,siamese_cat,23,13,siamese cat,"(['persian cat', 'leopard', 'giant panda', 'raccoon', 'seal'], [95.16, 17.06, 6.12, -5.49, -8.13])"
D:\ZSL\CNN\Test_TRIAL_DATASET_1-CLASS_1\persian_cat\persian+cat_10524.jpg,persian_cat,siamese_cat,23,13,siamese cat,"(['persian cat', 'leopard', 'giant panda', 'raccoon', 'seal'], [95.16, 17.06, 6.12, -5.49, -8.13])"
D:\ZSL\CNN\Test_TRIAL_DATASET_1-CLASS_1\persian_cat\persian+cat_10525.jpg,persian_cat,siamese_cat,23,13,siamese cat,"(['persian cat', 'leopard', 'giant panda', 'raccoon', 'seal'], [95.16, 17.06, 6.12, -5.49, -8.13])"
D:\ZSL\CNN\Test_TRIAL_DATASET_1-CLASS_1\persian_cat\persian+cat_10526.jpg,persian_cat,siamese_cat,23,13,siamese cat,"(['persian cat', 'leopard', 'giant panda', 'raccoon', 'seal'], [95.16, 17.06, 6.12, -5.49, -8.13])"
D:\ZSL\CNN\Test_TRIAL_DATASET_1-CLASS_1\persian_cat\persian+cat_10527.jpg,persian_cat,siamese_cat,23,13,siamese cat,"(['persian cat', 'leopard', 'giant panda', 'raccoon', 'seal'], [95.16, 17.06, 6.12, -5.49, -8.13])"
D:\ZSL\CNN\Test_TRIAL_DATASET_1-CLASS_1\persian_cat\persian+cat_10528.jpg,persian_cat,siamese_cat,23,13,siamese cat,"(['persian cat', 'leopard', 'giant panda', 'raccoon', 'seal'], [95.16, 17.06, 6.12, -5.49, -8.13])"
D:\ZSL\CNN\Test_TRIAL_DATASET_1-CLASS_1\persian_cat\persian+cat_10529.jpg,persian_cat,siamese_cat,23,13,siamese cat,"(['persian cat', 'leopard', 'giant panda', 'raccoon', 'seal'], [95.16, 17.06, 6.12, -5.49, -8.13])"
D:\ZSL\CNN\Test_TRIAL_DATASET_1-CLASS_1\persian_cat\persian+cat_10530.jpg,persian_cat,siamese_cat,23,13,siamese cat,"(['persian cat', 'leopard', 'giant panda', 'raccoon', 'seal'], [95.16, 17.06, 6.12, -5.49, -8.13])"
D:\ZSL\CNN\Test_TRIAL_DATASET_1-CLASS_1\persian_cat\persian+cat_10531.jpg,persian_cat,siamese_cat,23,13,siamese cat,"(['persian cat', 'leopard', 'giant panda', 'raccoon', 'seal'], [95.16, 17.06, 6.12, -5.49, -8.13])"
D:\ZSL\CNN\Test_TRIAL_DATASET_1-CLASS_1\persian_cat\persian+cat_10532.jpg,persian_cat,siamese_cat,23,13,siamese cat,"(['persian cat', 'leopard', 'giant panda', 'raccoon', 'seal'], [95.16, 17.06, 6.12, -5.49, -8.13])"
D:\ZSL\CNN\Test_TRIAL_DATASET_1-CLASS_1\persian_cat\persian+cat_10533.jpg,persian_cat,siamese_cat,23,13,siamese cat,"(['persian cat', 'leopard', 'giant panda', 'raccoon', 'seal'], [95.16, 17.06, 6.12, -5.49, -8.13])"
D:\ZSL\CNN\Test_TRIAL_DATASET_1-CLASS_1\persian_cat\persian+cat_10534.jpg,persian_cat,siamese_cat,23,13,siamese cat,"(['persian cat', 'leopard', 'giant panda', 'raccoon', 'seal'], [95.16, 17.06, 6.12, -5.49, -8.13])"
D:\ZSL\CNN\Test_TRIAL_DATASET_1-CLASS_1\persian_cat\persian+cat_10535.jpg,persian_cat,siamese_cat,23,13,siamese cat,"(['persian cat', 'leopard', 'giant panda', 'raccoon', 'seal'], [95.16, 17.06, 6.12, -5.49, -8.13])"
D:\ZSL\CNN\Test_TRIAL_DATASET_1-CLASS_1\persian_cat\persian+cat_10536.jpg,persian_cat,cow,23,3,cow,"(['pig', 'seal', 'humpback whale', 'raccoon', 'leopard'], [75.45, 24.43, 0.16, -1.32, -1.99])"
D:\ZSL\CNN\Test_TRIAL_DATASET_1-CLASS_1\persian_cat\persian+cat_10537.jpg,persian_cat,lion,23,7,lion,"(['leopard', 'pig', 'persian cat', 'seal', 'rat'], [88.04, 15.11, 8.32, 2.8, 0.79])"
D:\ZSL\CNN\Test_TRIAL_DATASET_1-CLASS_1\persian_cat\persian+cat_10538.jpg,persian_cat,siamese_cat,23,13,siamese cat,"(['persian cat', 'leopard', 'giant panda', 'raccoon', 'seal'], [95.16, 17.06, 6.12, -5.49, -8.13])"
D:\ZSL\CNN\Test_TRIAL_DATASET_1-CLASS_1\persian_cat\persian+cat_10539.jpg,persian_cat,siamese_cat,23,13,siamese cat,"(['persian cat', 'leopard', 'giant panda', 'raccoon', 'seal'], [95.16, 17.06, 6.12, -5.49, -8.13])"
D:\ZSL\CNN\Test_TRIAL_DATASET_1-CLASS_1\persian_cat\persian+cat_10540.jpg,persian_cat,siamese_cat,23,13,siamese cat,"(['persian cat', 'leopard', 'giant panda', 'raccoon', 'seal'], [95.16, 17.06, 6.12, -5.49, -8.13])"
D:\ZSL\CNN\Test_TRIAL_DATASET_1-CLASS_1\persian_cat\persian+cat_10541.jpg,persian_cat,skunk,23,14,skunk,"(['rat', 'raccoon', 'seal', 'pig', 'giant panda'], [62.36, 41.18, 24.96, 18.58, -0.51])"
D:\ZSL\CNN\Test_TRIAL_DATASET_1-CLASS_1\persian_cat\persian+cat_10542.jpg,persian_cat,siamese_cat,23,13,siamese cat,"(['persian cat', 'leopard', 'giant panda', 'raccoon', 'seal'], [95.16, 17.06, 6.12, -5.49, -8.13])"
D:\ZSL\CNN\Test_TRIAL_DATASET_1-CLASS_1\persian_cat\persian+cat_10543.jpg,persian_cat,siamese_cat,23,13,siamese cat,"(['persian cat', 'leopard', 'giant panda', 'raccoon', 'seal'], [95.16, 17.06, 6.12, -5.49, -8.13])"
D:\ZSL\CNN\Test_TRIAL_DATASET_1-CLASS_1\persian_cat\persian+cat_10544.jpg,persian_cat,siamese_cat,23,13,siamese cat,"(['persian cat', 'leopard', 'giant panda', 'raccoon', 'seal'], [95.16, 17.06, 6.12, -5.49, -8.13])"
D:\ZSL\CNN\Test_TRIAL_DATASET_1-CLASS_1\persian_cat\persian+cat_10545.jpg,persian_cat,siamese_cat,23,13,siamese cat,"(['persian cat', 'leopard', 'giant panda', 'raccoon', 'seal'], [95.16, 17.06, 6.12, -5.49, -8.13])"
D:\ZSL\CNN\Test_TRIAL_DATASET_1-CLASS_1\persian_cat\persian+cat_10546.jpg,persian_cat,siamese_cat,23,13,siamese cat,"(['persian cat', 'leopard', 'giant panda', 'raccoon', 'seal'], [95.16, 17.06, 6.12, -5.49, -8.13])"
D:\ZSL\CNN\Test_TRIAL_DATASET_1-CLASS_1\persian_cat\persian+cat_10547.jpg,persian_cat,siamese_cat,23,13,siamese cat,"(['persian cat', 'leopard', 'giant panda', 'raccoon', 'seal'], [95.16, 17.06, 6.12, -5.49, -8.13])"
D:\ZSL\CNN\Test_TRIAL_DATASET_1-CLASS_1\persian_cat\persian+cat_10548.jpg,persian_cat,siamese_cat,23,13,siamese cat,"(['persian cat', 'leopard', 'giant panda', 'raccoon', 'seal'], [95.16, 17.06, 6.12, -5.49, -8.13])"
D:\ZSL\CNN\Test_TRIAL_DATASET_1-CLASS_1\persian_cat\persian+cat_10549.jpg,persian_cat,siamese_cat,23,13,siamese cat,"(['persian cat', 'leopard', 'giant panda', 'raccoon', 'seal'], [95.16, 17.06, 6.12, -5.49, -8.13])"
D:\ZSL\CNN\Test_TRIAL_DATASET_1-CLASS_1\persian_cat\persian+cat_10550.jpg,persian_cat,siamese_cat,23,13,siamese cat,"(['persian cat', 'leopard', 'giant panda', 'raccoon', 'seal'], [95.16, 17.06, 6.12, -5.49, -8.13])"
D:\ZSL\CNN\Test_TRIAL_DATASET_1-CLASS_1\persian_cat\persian+cat_10551.jpg,persian_cat,siamese_cat,23,13,siamese cat,"(['persian cat', 'leopard', 'giant panda', 'raccoon', 'seal'], [95.16, 17.06, 6.12, -5.49, -8.13])"
D:\ZSL\CNN\Test_TRIAL_DATASET_1-CLASS_1\persian_cat\persian+cat_10552.jpg,persian_cat,siamese_cat,23,13,siamese cat,"(['persian cat', 'leopard', 'giant panda', 'raccoon', 'seal'], [95.16, 17.06, 6.12, -5.49, -8.13])"
D:\ZSL\CNN\Test_TRIAL_DATASET_1-CLASS_1\persian_cat\persian+cat_10553.jpg,persian_cat,siamese_cat,23,13,siamese cat,"(['persian cat', 'leopard', 'giant panda', 'raccoon', 'seal'], [95.16, 17.06, 6.12, -5.49, -8.13])"
D:\ZSL\CNN\Test_TRIAL_DATASET_1-CLASS_1\persian_cat\persian+cat_10554.jpg,persian_cat,siamese_cat,23,13,siamese cat,"(['persian cat', 'leopard', 'giant panda', 'raccoon', 'seal'], [95.16, 17.06, 6.12, -5.49, -8.13])"
D:\ZSL\CNN\Test_TRIAL_DATASET_1-CLASS_1\persian_cat\persian+cat_10555.jpg,persian_cat,mouse,23,9,mouse,"(['rat', 'leopard', 'pig', 'raccoon', 'persian cat'], [84.74, 53.94, 16.24, -3.35, -10.14])"
D:\ZSL\CNN\Test_TRIAL_DATASET_1-CLASS_1\persian_cat\persian+cat_10556.jpg,persian_cat,siamese_cat,23,13,siamese cat,"(['persian cat', 'leopard', 'giant panda', 'raccoon', 'seal'], [95.16, 17.06, 6.12, -5.49, -8.13])"
D:\ZSL\CNN\Test_TRIAL_DATASET_1-CLASS_1\persian_cat\persian+cat_10557.jpg,persian_cat,siamese_cat,23,13,siamese cat,"(['persian cat', 'leopard', 'giant panda', 'raccoon', 'seal'], [95.16, 17.06, 6.12, -5.49, -8.13])"
D:\ZSL\CNN\Test_TRIAL_DATASET_1-CLASS_1\persian_cat\persian+cat_10558.jpg,persian_cat,siamese_cat,23,13,siamese cat,"(['persian cat', 'leopard', 'giant panda', 'raccoon', 'seal'], [95.16, 17.06, 6.12, -5.49, -8.13])"
D:\ZSL\CNN\Test_TRIAL_DATASET_1-CLASS_1\persian_cat\persian+cat_10559.jpg,persian_cat,siamese_cat,23,13,siamese cat,"(['persian cat', 'leopard', 'giant panda', 'raccoon', 'seal'], [95.16, 17.06, 6.12, -5.49, -8.13])"
D:\ZSL\CNN\Test_TRIAL_DATASET_1-CLASS_1\persian_cat\persian+cat_10560.jpg,persian_cat,siamese_cat,23,13,siamese cat,"(['persian cat', 'leopard', 'giant panda', 'raccoon', 'seal'], [95.16, 17.06, 6.12, -5.49, -8.13])"
D:\ZSL\CNN\Test_TRIAL_DATASET_1-CLASS_1\persian_cat\persian+cat_10561.jpg,persian_cat,siamese_cat,23,13,siamese cat,"(['persian cat', 'leopard', 'giant panda', 'raccoon', 'seal'], [95.16, 17.06, 6.12, -5.49, -8.13])"
D:\ZSL\CNN\Test_TRIAL_DATASET_1-CLASS_1\persian_cat\persian+cat_10562.jpg,persian_cat,siamese_cat,23,13,siamese cat,"(['persian cat', 'leopard', 'giant panda', 'raccoon', 'seal'], [95.16, 17.06, 6.12, -5.49, -8.13])"
D:\ZSL\CNN\Test_TRIAL_DATASET_1-CLASS_1\persian_cat\persian+cat_10563.jpg,persian_cat,siamese_cat,23,13,siamese cat,"(['persian cat', 'leopard', 'giant panda', 'raccoon', 'seal'], [95.16, 17.06, 6.12, -5.49, -8.13])"
D:\ZSL\CNN\Test_TRIAL_DATASET_1-CLASS_1\persian_cat\persian+cat_10564.jpg,persian_cat,siamese_cat,23,13,siamese cat,"(['persian cat', 'leopard', 'giant panda', 'raccoon', 'seal'], [95.16, 17.06, 6.12, -5.49, -8.13])"
D:\ZSL\CNN\Test_TRIAL_DATASET_1-CLASS_1\persian_cat\persian+cat_10565.jpg,persian_cat,siamese_cat,23,13,siamese cat,"(['persian cat', 'leopard', 'giant panda', 'raccoon', 'seal'], [95.16, 17.06, 6.12, -5.49, -8.13])"
D:\ZSL\CNN\Test_TRIAL_DATASET_1-CLASS_1\persian_cat\persian+cat_10566.jpg,persian_cat,siamese_cat,23,13,siamese cat,"(['persian cat', 'leopard', 'giant panda', 'raccoon', 'seal'], [95.16, 17.06, 6.12, -5.49, -8.13])"
D:\ZSL\CNN\Test_TRIAL_DATASET_1-CLASS_1\persian_cat\persian+cat_10567.jpg,persian_cat,bobcat,23,2,bobcat,"(['raccoon', 'persian cat', 'humpback whale', 'leopard', 'giant panda'], [59.41, 32.03, 16.81, 10.53, 3.26])"
D:\ZSL\CNN\Test_TRIAL_DATASET_1-CLASS_1\persian_cat\persian+cat_10568.jpg,persian_cat,siamese_cat,23,13,siamese cat,"(['persian cat', 'leopard', 'giant panda', 'raccoon', 'seal'], [95.16, 17.06, 6.12, -5.49, -8.13])"
D:\ZSL\CNN\Test_TRIAL_DATASET_1-CLASS_1\persian_cat\persian+cat_10569.jpg,persian_cat,siamese_cat,23,13,siamese cat,"(['persian cat', 'leopard', 'giant panda', 'raccoon', 'seal'], [95.16, 17.06, 6.12, -5.49, -8.13])"
D:\ZSL\CNN\Test_TRIAL_DATASET_1-CLASS_1\persian_cat\persian+cat_10570.jpg,persian_cat,siamese_cat,23,13,siamese cat,"(['persian cat', 'leopard', 'giant panda', 'raccoon', 'seal'], [95.16, 17.06, 6.12, -5.49, -8.13])"
D:\ZSL\CNN\Test_TRIAL_DATASET_1-CLASS_1\persian_cat\persian+cat_10571.jpg,persian_cat,bobcat,23,2,bobcat,"(['raccoon', 'persian cat', 'humpback whale', 'leopard', 'giant panda'], [59.41, 32.03, 16.81, 10.53, 3.26])"
D:\ZSL\CNN\Test_TRIAL_DATASET_1-CLASS_1\persian_cat\persian+cat_10572.jpg,persian_cat,siamese_cat,23,13,siamese cat,"(['persian cat', 'leopard', 'giant panda', 'raccoon', 'seal'], [95.16, 17.06, 6.12, -5.49, -8.13])"
D:\ZSL\CNN\Test_TRIAL_DATASET_1-CLASS_1\persian_cat\persian+cat_10573.jpg,persian_cat,siamese_cat,23,13,siamese cat,"(['persian cat', 'leopard', 'giant panda', 'raccoon', 'seal'], [95.16, 17.06, 6.12, -5.49, -8.13])"
D:\ZSL\CNN\Test_TRIAL_DATASET_1-CLASS_1\persian_cat\persian+cat_10574.jpg,persian_cat,siamese_cat,23,13,siamese cat,"(['persian cat', 'leopard', 'giant panda', 'raccoon', 'seal'], [95.16, 17.06, 6.12, -5.49, -8.13])"
D:\ZSL\CNN\Test_TRIAL_DATASET_1-CLASS_1\persian_cat\persian+cat_10575.jpg,persian_cat,rabbit,23,11,rabbit,"(['pig', 'rat', 'giant panda', 'raccoon', 'leopard'], [65.11, 46.21, 18.84, 14.3, -5.72])"
D:\ZSL\CNN\Test_TRIAL_DATASET_1-CLASS_1\persian_cat\persian+cat_10576.jpg,persian_cat,siamese_cat,23,13,siamese cat,"(['persian cat', 'leopard', 'giant panda', 'raccoon', 'seal'], [95.16, 17.06, 6.12, -5.49, -8.13])"
D:\ZSL\CNN\Test_TRIAL_DATASET_1-CLASS_1\persian_cat\persian+cat_10577.jpg,persian_cat,siamese_cat,23,13,siamese cat,"(['persian cat', 'leopard', 'giant panda', 'raccoon', 'seal'], [95.16, 17.06, 6.12, -5.49, -8.13])"
D:\ZSL\CNN\Test_TRIAL_DATASET_1-CLASS_1\persian_cat\persian+cat_10578.jpg,persian_cat,siamese_cat,23,13,siamese cat,"(['persian cat', 'leopard', 'giant panda', 'raccoon', 'seal'], [95.16, 17.06, 6.12, -5.49, -8.13])"
D:\ZSL\CNN\Test_TRIAL_DATASET_1-CLASS_1\persian_cat\persian+cat_10579.jpg,persian_cat,siamese_cat,23,13,siamese cat,"(['persian cat', 'leopard', 'giant panda', 'raccoon', 'seal'], [95.16, 17.06, 6.12, -5.49, -8.13])"
D:\ZSL\CNN\Test_TRIAL_DATASET_1-CLASS_1\persian_cat\persian+cat_10580.jpg,persian_cat,siamese_cat,23,13,siamese cat,"(['persian cat', 'leopard', 'giant panda', 'raccoon', 'seal'], [95.16, 17.06, 6.12, -5.49, -8.13])"
D:\ZSL\CNN\Test_TRIAL_DATASET_1-CLASS_1\persian_cat\persian+cat_10581.jpg,persian_cat,bear,23,0,bear,"(['giant panda', 'raccoon', 'seal', 'pig', 'humpback whale'], [49.72, 40.56, 19.3, 8.36, 0.21])"
D:\ZSL\CNN\Test_TRIAL_DATASET_1-CLASS_1\persian_cat\persian+cat_10582.jpg,persian_cat,siamese_cat,23,13,siamese cat,"(['persian cat', 'leopard', 'giant panda', 'raccoon', 'seal'], [95.16, 17.06, 6.12, -5.49, -8.13])"
D:\ZSL\CNN\Test_TRIAL_DATASET_1-CLASS_1\persian_cat\persian+cat_10583.jpg,persian_cat,siamese_cat,23,13,siamese cat,"(['persian cat', 'leopard', 'giant panda', 'raccoon', 'seal'], [95.16, 17.06, 6.12, -5.49, -8.13])"
D:\ZSL\CNN\Test_TRIAL_DATASET_1-CLASS_1\persian_cat\persian+cat_10584.jpg,persian_cat,siamese_cat,23,13,siamese cat,"(['persian cat', 'leopard', 'giant panda', 'raccoon', 'seal'], [95.16, 17.06, 6.12, -5.49, -8.13])"
D:\ZSL\CNN\Test_TRIAL_DATASET_1-CLASS_1\persian_cat\persian+cat_10585.jpg,persian_cat,rabbit,23,11,rabbit,"(['pig', 'rat', 'giant panda', 'raccoon', 'leopard'], [65.11, 46.21, 18.84, 14.3, -5.72])"
D:\ZSL\CNN\Test_TRIAL_DATASET_1-CLASS_1\persian_cat\persian+cat_10586.jpg,persian_cat,bobcat,23,2,bobcat,"(['raccoon', 'persian cat', 'humpback whale', 'leopard', 'giant panda'], [59.41, 32.03, 16.81, 10.53, 3.26])"
D:\ZSL\CNN\Test_TRIAL_DATASET_1-CLASS_1\persian_cat\persian+cat_10587.jpg,persian_cat,siamese_cat,23,13,siamese cat,"(['persian cat', 'leopard', 'giant panda', 'raccoon', 'seal'], [95.16, 17.06, 6.12, -5.49, -8.13])"
D:\ZSL\CNN\Test_TRIAL_DATASET_1-CLASS_1\persian_cat\persian+cat_10588.jpg,persian_cat,siamese_cat,23,13,siamese cat,"(['persian cat', 'leopard', 'giant panda', 'raccoon', 'seal'], [95.16, 17.06, 6.12, -5.49, -8.13])"
D:\ZSL\CNN\Test_TRIAL_DATASET_1-CLASS_1\persian_cat\persian+cat_10589.jpg,persian_cat,siamese_cat,23,13,siamese cat,"(['persian cat', 'leopard', 'giant panda', 'raccoon', 'seal'], [95.16, 17.06, 6.12, -5.49, -8.13])"
D:\ZSL\CNN\Test_TRIAL_DATASET_1-CLASS_1\persian_cat\persian+cat_10590.jpg,persian_cat,siamese_cat,23,13,siamese cat,"(['persian cat', 'leopard', 'giant panda', 'raccoon', 'seal'], [95.16, 17.06, 6.12, -5.49, -8.13])"
D:\ZSL\CNN\Test_TRIAL_DATASET_1-CLASS_1\persian_cat\persian+cat_10591.jpg,persian_cat,siamese_cat,23,13,siamese cat,"(['persian cat', 'leopard', 'giant panda', 'raccoon', 'seal'], [95.16, 17.06, 6.12, -5.49, -8.13])"
D:\ZSL\CNN\Test_TRIAL_DATASET_1-CLASS_1\persian_cat\persian+cat_10592.jpg,persian_cat,siamese_cat,23,13,siamese cat,"(['persian cat', 'leopard', 'giant panda', 'raccoon', 'seal'], [95.16, 17.06, 6.12, -5.49, -8.13])"
D:\ZSL\CNN\Test_TRIAL_DATASET_1-CLASS_1\persian_cat\persian+cat_10593.jpg,persian_cat,lion,23,7,lion,"(['leopard', 'pig', 'persian cat', 'seal', 'rat'], [88.04, 15.11, 8.32, 2.8, 0.79])"
D:\ZSL\CNN\Test_TRIAL_DATASET_1-CLASS_1\persian_cat\persian+cat_10594.jpg,persian_cat,lion,23,7,lion,"(['leopard', 'pig', 'persian cat', 'seal', 'rat'], [88.04, 15.11, 8.32, 2.8, 0.79])"
D:\ZSL\CNN\Test_TRIAL_DATASET_1-CLASS_1\persian_cat\persian+cat_10595.jpg,persian_cat,siamese_cat,23,13,siamese cat,"(['persian cat', 'leopard', 'giant panda', 'raccoon', 'seal'], [95.16, 17.06, 6.12, -5.49, -8.13])"
D:\ZSL\CNN\Test_TRIAL_DATASET_1-CLASS_1\persian_cat\persian+cat_10596.jpg,persian_cat,siamese_cat,23,13,siamese cat,"(['persian cat', 'leopard', 'giant panda', 'raccoon', 'seal'], [95.16, 17.06, 6.12, -5.49, -8.13])"
D:\ZSL\CNN\Test_TRIAL_DATASET_1-CLASS_1\persian_cat\persian+cat_10597.jpg,persian_cat,siamese_cat,23,13,siamese cat,"(['persian cat', 'leopard', 'giant panda', 'raccoon', 'seal'], [95.16, 17.06, 6.12, -5.49, -8.13])"
D:\ZSL\CNN\Test_TRIAL_DATASET_1-CLASS_1\persian_cat\persian+cat_10598.jpg,persian_cat,siamese_cat,23,13,siamese cat,"(['persian cat', 'leopard', 'giant panda', 'raccoon', 'seal'], [95.16, 17.06, 6.12, -5.49, -8.13])"
D:\ZSL\CNN\Test_TRIAL_DATASET_1-CLASS_1\persian_cat\persian+cat_10599.jpg,persian_cat,siamese_cat,23,13,siamese cat,"(['persian cat', 'leopard', 'giant panda', 'raccoon', 'seal'], [95.16, 17.06, 6.12, -5.49, -8.13])"
D:\ZSL\CNN\Test_TRIAL_DATASET_1-CLASS_1\persian_cat\persian+cat_10600.jpg,persian_cat,mouse,23,9,mouse,"(['rat', 'leopard', 'pig', 'raccoon', 'persian cat'], [84.74, 53.94, 16.24, -3.35, -10.14])"
D:\ZSL\CNN\Test_TRIAL_DATASET_1-CLASS_1\persian_cat\persian+cat_10601.jpg,persian_cat,siamese_cat,23,13,siamese cat,"(['persian cat', 'leopard', 'giant panda', 'raccoon', 'seal'], [95.16, 17.06, 6.12, -5.49, -8.13])"
D:\ZSL\CNN\Test_TRIAL_DATASET_1-CLASS_1\persian_cat\persian+cat_10602.jpg,persian_cat,siamese_cat,23,13,siamese cat,"(['persian cat', 'leopard', 'giant panda', 'raccoon', 'seal'], [95.16, 17.06, 6.12, -5.49, -8.13])"
D:\ZSL\CNN\Test_TRIAL_DATASET_1-CLASS_1\persian_cat\persian+cat_10603.jpg,persian_cat,siamese_cat,23,13,siamese cat,"(['persian cat', 'leopard', 'giant panda', 'raccoon', 'seal'], [95.16, 17.06, 6.12, -5.49, -8.13])"
D:\ZSL\CNN\Test_TRIAL_DATASET_1-CLASS_1\persian_cat\persian+cat_10604.jpg,persian_cat,siamese_cat,23,13,siamese cat,"(['persian cat', 'leopard', 'giant panda', 'raccoon', 'seal'], [95.16, 17.06, 6.12, -5.49, -8.13])"
D:\ZSL\CNN\Test_TRIAL_DATASET_1-CLASS_1\persian_cat\persian+cat_10605.jpg,persian_cat,siamese_cat,23,13,siamese cat,"(['persian cat', 'leopard', 'giant panda', 'raccoon', 'seal'], [95.16, 17.06, 6.12, -5.49, -8.13])"
D:\ZSL\CNN\Test_TRIAL_DATASET_1-CLASS_1\persian_cat\persian+cat_10606.jpg,persian_cat,siamese_cat,23,13,siamese cat,"(['persian cat', 'leopard', 'giant panda', 'raccoon', 'seal'], [95.16, 17.06, 6.12, -5.49, -8.13])"
D:\ZSL\CNN\Test_TRIAL_DATASET_1-CLASS_1\persian_cat\persian+cat_10607.jpg,persian_cat,siamese_cat,23,13,siamese cat,"(['persian cat', 'leopard', 'giant panda', 'raccoon', 'seal'], [95.16, 17.06, 6.12, -5.49, -8.13])"
D:\ZSL\CNN\Test_TRIAL_DATASET_1-CLASS_1\persian_cat\persian+cat_10608.jpg,persian_cat,mouse,23,9,mouse,"(['rat', 'leopard', 'pig', 'raccoon', 'persian cat'], [84.74, 53.94, 16.24, -3.35, -10.14])"
D:\ZSL\CNN\Test_TRIAL_DATASET_1-CLASS_1\persian_cat\persian+cat_10609.jpg,persian_cat,mouse,23,9,mouse,"(['rat', 'leopard', 'pig', 'raccoon', 'persian cat'], [84.74, 53.94, 16.24, -3.35, -10.14])"
D:\ZSL\CNN\Test_TRIAL_DATASET_1-CLASS_1\persian_cat\persian+cat_10610.jpg,persian_cat,siamese_cat,23,13,siamese cat,"(['persian cat', 'leopard', 'giant panda', 'raccoon', 'seal'], [95.16, 17.06, 6.12, -5.49, -8.13])"
D:\ZSL\CNN\Test_TRIAL_DATASET_1-CLASS_1\persian_cat\persian+cat_10611.jpg,persian_cat,siamese_cat,23,13,siamese cat,"(['persian cat', 'leopard', 'giant panda', 'raccoon', 'seal'], [95.16, 17.06, 6.12, -5.49, -8.13])"
D:\ZSL\CNN\Test_TRIAL_DATASET_1-CLASS_1\persian_cat\persian+cat_10612.jpg,persian_cat,siamese_cat,23,13,siamese cat,"(['persian cat', 'leopard', 'giant panda', 'raccoon', 'seal'], [95.16, 17.06, 6.12, -5.49, -8.13])"
D:\ZSL\CNN\Test_TRIAL_DATASET_1-CLASS_1\persian_cat\persian+cat_10613.jpg,persian_cat,siamese_cat,23,13,siamese cat,"(['persian cat', 'leopard', 'giant panda', 'raccoon', 'seal'], [95.16, 17.06, 6.12, -5.49, -8.13])"
D:\ZSL\CNN\Test_TRIAL_DATASET_1-CLASS_1\persian_cat\persian+cat_10614.jpg,persian_cat,siamese_cat,23,13,siamese cat,"(['persian cat', 'leopard', 'giant panda', 'raccoon', 'seal'], [95.16, 17.06, 6.12, -5.49, -8.13])"
D:\ZSL\CNN\Test_TRIAL_DATASET_1-CLASS_1\persian_cat\persian+cat_10615.jpg,persian_cat,siamese_cat,23,13,siamese cat,"(['persian cat', 'leopard', 'giant panda', 'raccoon', 'seal'], [95.16, 17.06, 6.12, -5.49, -8.13])"
D:\ZSL\CNN\Test_TRIAL_DATASET_1-CLASS_1\persian_cat\persian+cat_10616.jpg,persian_cat,bear,23,0,bear,"(['giant panda', 'raccoon', 'seal', 'pig', 'humpback whale'], [49.72, 40.56, 19.3, 8.36, 0.21])"
D:\ZSL\CNN\Test_TRIAL_DATASET_1-CLASS_1\persian_cat\persian+cat_10617.jpg,persian_cat,siamese_cat,23,13,siamese cat,"(['persian cat', 'leopard', 'giant panda', 'raccoon', 'seal'], [95.16, 17.06, 6.12, -5.49, -8.13])"
D:\ZSL\CNN\Test_TRIAL_DATASET_1-CLASS_1\persian_cat\persian+cat_10618.jpg,persian_cat,siamese_cat,23,13,siamese cat,"(['persian cat', 'leopard', 'giant panda', 'raccoon', 'seal'], [95.16, 17.06, 6.12, -5.49, -8.13])"
D:\ZSL\CNN\Test_TRIAL_DATASET_1-CLASS_1\persian_cat\persian+cat_10619.jpg,persian_cat,siamese_cat,23,13,siamese cat,"(['persian cat', 'leopard', 'giant panda', 'raccoon', 'seal'], [95.16, 17.06, 6.12, -5.49, -8.13])"
D:\ZSL\CNN\Test_TRIAL_DATASET_1-CLASS_1\persian_cat\persian+cat_10620.jpg,persian_cat,siamese_cat,23,13,siamese cat,"(['persian cat', 'leopard', 'giant panda', 'raccoon', 'seal'], [95.16, 17.06, 6.12, -5.49, -8.13])"
D:\ZSL\CNN\Test_TRIAL_DATASET_1-CLASS_1\persian_cat\persian+cat_10621.jpg,persian_cat,siamese_cat,23,13,siamese cat,"(['persian cat', 'leopard', 'giant panda', 'raccoon', 'seal'], [95.16, 17.06, 6.12, -5.49, -8.13])"
D:\ZSL\CNN\Test_TRIAL_DATASET_1-CLASS_1\persian_cat\persian+cat_10622.jpg,persian_cat,siamese_cat,23,13,siamese cat,"(['persian cat', 'leopard', 'giant panda', 'raccoon', 'seal'], [95.16, 17.06, 6.12, -5.49, -8.13])"
D:\ZSL\CNN\Test_TRIAL_DATASET_1-CLASS_1\persian_cat\persian+cat_10623.jpg,persian_cat,siamese_cat,23,13,siamese cat,"(['persian cat', 'leopard', 'giant panda', 'raccoon', 'seal'], [95.16, 17.06, 6.12, -5.49, -8.13])"
D:\ZSL\CNN\Test_TRIAL_DATASET_1-CLASS_1\persian_cat\persian+cat_10624.jpg,persian_cat,siamese_cat,23,13,siamese cat,"(['persian cat', 'leopard', 'giant panda', 'raccoon', 'seal'], [95.16, 17.06, 6.12, -5.49, -8.13])"
D:\ZSL\CNN\Test_TRIAL_DATASET_1-CLASS_1\persian_cat\persian+cat_10625.jpg,persian_cat,siamese_cat,23,13,siamese cat,"(['persian cat', 'leopard', 'giant panda', 'raccoon', 'seal'], [95.16, 17.06, 6.12, -5.49, -8.13])"
D:\ZSL\CNN\Test_TRIAL_DATASET_1-CLASS_1\persian_cat\persian+cat_10626.jpg,persian_cat,siamese_cat,23,13,siamese cat,"(['persian cat', 'leopard', 'giant panda', 'raccoon', 'seal'], [95.16, 17.06, 6.12, -5.49, -8.13])"
D:\ZSL\CNN\Test_TRIAL_DATASET_1-CLASS_1\persian_cat\persian+cat_10627.jpg,persian_cat,bobcat,23,2,bobcat,"(['raccoon', 'persian cat', 'humpback whale', 'leopard', 'giant panda'], [59.41, 32.03, 16.81, 10.53, 3.26])"
D:\ZSL\CNN\Test_TRIAL_DATASET_1-CLASS_1\persian_cat\persian+cat_10628.jpg,persian_cat,siamese_cat,23,13,siamese cat,"(['persian cat', 'leopard', 'giant panda', 'raccoon', 'seal'], [95.16, 17.06, 6.12, -5.49, -8.13])"
D:\ZSL\CNN\Test_TRIAL_DATASET_1-CLASS_1\persian_cat\persian+cat_10629.jpg,persian_cat,siamese_cat,23,13,siamese cat,"(['persian cat', 'leopard', 'giant panda', 'raccoon', 'seal'], [95.16, 17.06, 6.12, -5.49, -8.13])"
D:\ZSL\CNN\Test_TRIAL_DATASET_1-CLASS_1\persian_cat\persian+cat_10630.jpg,persian_cat,siamese_cat,23,13,siamese cat,"(['persian cat', 'leopard', 'giant panda', 'raccoon', 'seal'], [95.16, 17.06, 6.12, -5.49, -8.13])"
D:\ZSL\CNN\Test_TRIAL_DATASET_1-CLASS_1\persian_cat\persian+cat_10631.jpg,persian_cat,siamese_cat,23,13,siamese cat,"(['persian cat', 'leopard', 'giant panda', 'raccoon', 'seal'], [95.16, 17.06, 6.12, -5.49, -8.13])"
D:\ZSL\CNN\Test_TRIAL_DATASET_1-CLASS_1\persian_cat\persian+cat_10632.jpg,persian_cat,siamese_cat,23,13,siamese cat,"(['persian cat', 'leopard', 'giant panda', 'raccoon', 'seal'], [95.16, 17.06, 6.12, -5.49, -8.13])"
D:\ZSL\CNN\Test_TRIAL_DATASET_1-CLASS_1\persian_cat\persian+cat_10633.jpg,persian_cat,siamese_cat,23,13,siamese cat,"(['persian cat', 'leopard', 'giant panda', 'raccoon', 'seal'], [95.16, 17.06, 6.12, -5.49, -8.13])"
D:\ZSL\CNN\Test_TRIAL_DATASET_1-CLASS_1\persian_cat\persian+cat_10634.jpg,persian_cat,siamese_cat,23,13,siamese cat,"(['persian cat', 'leopard', 'giant panda', 'raccoon', 'seal'], [95.16, 17.06, 6.12, -5.49, -8.13])"
D:\ZSL\CNN\Test_TRIAL_DATASET_1-CLASS_1\persian_cat\persian+cat_10635.jpg,persian_cat,siamese_cat,23,13,siamese cat,"(['persian cat', 'leopard', 'giant panda', 'raccoon', 'seal'], [95.16, 17.06, 6.12, -5.49, -8.13])"
D:\ZSL\CNN\Test_TRIAL_DATASET_1-CLASS_1\persian_cat\persian+cat_10636.jpg,persian_cat,siamese_cat,23,13,siamese cat,"(['persian cat', 'leopard', 'giant panda', 'raccoon', 'seal'], [95.16, 17.06, 6.12, -5.49, -8.13])"
D:\ZSL\CNN\Test_TRIAL_DATASET_1-CLASS_1\persian_cat\persian+cat_10637.jpg,persian_cat,siamese_cat,23,13,siamese cat,"(['persian cat', 'leopard', 'giant panda', 'raccoon', 'seal'], [95.16, 17.06, 6.12, -5.49, -8.13])"
D:\ZSL\CNN\Test_TRIAL_DATASET_1-CLASS_1\persian_cat\persian+cat_10638.jpg,persian_cat,siamese_cat,23,13,siamese cat,"(['persian cat', 'leopard', 'giant panda', 'raccoon', 'seal'], [95.16, 17.06, 6.12, -5.49, -8.13])"
D:\ZSL\CNN\Test_TRIAL_DATASET_1-CLASS_1\persian_cat\persian+cat_10639.jpg,persian_cat,siamese_cat,23,13,siamese cat,"(['persian cat', 'leopard', 'giant panda', 'raccoon', 'seal'], [95.16, 17.06, 6.12, -5.49, -8.13])"
D:\ZSL\CNN\Test_TRIAL_DATASET_1-CLASS_1\persian_cat\persian+cat_10640.jpg,persian_cat,siamese_cat,23,13,siamese cat,"(['persian cat', 'leopard', 'giant panda', 'raccoon', 'seal'], [95.16, 17.06, 6.12, -5.49, -8.13])"
D:\ZSL\CNN\Test_TRIAL_DATASET_1-CLASS_1\persian_cat\persian+cat_10641.jpg,persian_cat,siamese_cat,23,13,siamese cat,"(['persian cat', 'leopard', 'giant panda', 'raccoon', 'seal'], [95.16, 17.06, 6.12, -5.49, -8.13])"
D:\ZSL\CNN\Test_TRIAL_DATASET_1-CLASS_1\persian_cat\persian+cat_10642.jpg,persian_cat,siamese_cat,23,13,siamese cat,"(['persian cat', 'leopard', 'giant panda', 'raccoon', 'seal'], [95.16, 17.06, 6.12, -5.49, -8.13])"
D:\ZSL\CNN\Test_TRIAL_DATASET_1-CLASS_1\persian_cat\persian+cat_10643.jpg,persian_cat,siamese_cat,23,13,siamese cat,"(['persian cat', 'leopard', 'giant panda', 'raccoon', 'seal'], [95.16, 17.06, 6.12, -5.49, -8.13])"
D:\ZSL\CNN\Test_TRIAL_DATASET_1-CLASS_1\persian_cat\persian+cat_10644.jpg,persian_cat,siamese_cat,23,13,siamese cat,"(['persian cat', 'leopard', 'giant panda', 'raccoon', 'seal'], [95.16, 17.06, 6.12, -5.49, -8.13])"
D:\ZSL\CNN\Test_TRIAL_DATASET_1-CLASS_1\persian_cat\persian+cat_10645.jpg,persian_cat,siamese_cat,23,13,siamese cat,"(['persian cat', 'leopard', 'giant panda', 'raccoon', 'seal'], [95.16, 17.06, 6.12, -5.49, -8.13])"
D:\ZSL\CNN\Test_TRIAL_DATASET_1-CLASS_1\persian_cat\persian+cat_10646.jpg,persian_cat,siamese_cat,23,13,siamese cat,"(['persian cat', 'leopard', 'giant panda', 'raccoon', 'seal'], [95.16, 17.06, 6.12, -5.49, -8.13])"
D:\ZSL\CNN\Test_TRIAL_DATASET_1-CLASS_1\persian_cat\persian+cat_10647.jpg,persian_cat,siamese_cat,23,13,siamese cat,"(['persian cat', 'leopard', 'giant panda', 'raccoon', 'seal'], [95.16, 17.06, 6.12, -5.49, -8.13])"
D:\ZSL\CNN\Test_TRIAL_DATASET_1-CLASS_1\persian_cat\persian+cat_10648.jpg,persian_cat,cow,23,3,cow,"(['pig', 'seal', 'humpback whale', 'raccoon', 'leopard'], [75.45, 24.43, 0.16, -1.32, -1.99])"
D:\ZSL\CNN\Test_TRIAL_DATASET_1-CLASS_1\persian_cat\persian+cat_10649.jpg,persian_cat,siamese_cat,23,13,siamese cat,"(['persian cat', 'leopard', 'giant panda', 'raccoon', 'seal'], [95.16, 17.06, 6.12, -5.49, -8.13])"
D:\ZSL\CNN\Test_TRIAL_DATASET_1-CLASS_1\persian_cat\persian+cat_10650.jpg,persian_cat,siamese_cat,23,13,siamese cat,"(['persian cat', 'leopard', 'giant panda', 'raccoon', 'seal'], [95.16, 17.06, 6.12, -5.49, -8.13])"
D:\ZSL\CNN\Test_TRIAL_DATASET_1-CLASS_1\persian_cat\persian+cat_10651.jpg,persian_cat,siamese_cat,23,13,siamese cat,"(['persian cat', 'leopard', 'giant panda', 'raccoon', 'seal'], [95.16, 17.06, 6.12, -5.49, -8.13])"
D:\ZSL\CNN\Test_TRIAL_DATASET_1-CLASS_1\persian_cat\persian+cat_10652.jpg,persian_cat,siamese_cat,23,13,siamese cat,"(['persian cat', 'leopard', 'giant panda', 'raccoon', 'seal'], [95.16, 17.06, 6.12, -5.49, -8.13])"
D:\ZSL\CNN\Test_TRIAL_DATASET_1-CLASS_1\persian_cat\persian+cat_10653.jpg,persian_cat,siamese_cat,23,13,siamese cat,"(['persian cat', 'leopard', 'giant panda', 'raccoon', 'seal'], [95.16, 17.06, 6.12, -5.49, -8.13])"
D:\ZSL\CNN\Test_TRIAL_DATASET_1-CLASS_1\persian_cat\persian+cat_10654.jpg,persian_cat,siamese_cat,23,13,siamese cat,"(['persian cat', 'leopard', 'giant panda', 'raccoon', 'seal'], [95.16, 17.06, 6.12, -5.49, -8.13])"
D:\ZSL\CNN\Test_TRIAL_DATASET_1-CLASS_1\persian_cat\persian+cat_10655.jpg,persian_cat,mouse,23,9,mouse,"(['rat', 'leopard', 'pig', 'raccoon', 'persian cat'], [84.74, 53.94, 16.24, -3.35, -10.14])"
D:\ZSL\CNN\Test_TRIAL_DATASET_1-CLASS_1\persian_cat\persian+cat_10656.jpg,persian_cat,siamese_cat,23,13,siamese cat,"(['persian cat', 'leopard', 'giant panda', 'raccoon', 'seal'], [95.16, 17.06, 6.12, -5.49, -8.13])"
D:\ZSL\CNN\Test_TRIAL_DATASET_1-CLASS_1\persian_cat\persian+cat_10657.jpg,persian_cat,siamese_cat,23,13,siamese cat,"(['persian cat', 'leopard', 'giant panda', 'raccoon', 'seal'], [95.16, 17.06, 6.12, -5.49, -8.13])"
D:\ZSL\CNN\Test_TRIAL_DATASET_1-CLASS_1\persian_cat\persian+cat_10658.jpg,persian_cat,siamese_cat,23,13,siamese cat,"(['persian cat', 'leopard', 'giant panda', 'raccoon', 'seal'], [95.16, 17.06, 6.12, -5.49, -8.13])"
D:\ZSL\CNN\Test_TRIAL_DATASET_1-CLASS_1\persian_cat\persian+cat_10659.jpg,persian_cat,siamese_cat,23,13,siamese cat,"(['persian cat', 'leopard', 'giant panda', 'raccoon', 'seal'], [95.16, 17.06, 6.12, -5.49, -8.13])"
D:\ZSL\CNN\Test_TRIAL_DATASET_1-CLASS_1\persian_cat\persian+cat_10660.jpg,persian_cat,siamese_cat,23,13,siamese cat,"(['persian cat', 'leopard', 'giant panda', 'raccoon', 'seal'], [95.16, 17.06, 6.12, -5.49, -8.13])"
D:\ZSL\CNN\Test_TRIAL_DATASET_1-CLASS_1\persian_cat\persian+cat_10661.jpg,persian_cat,siamese_cat,23,13,siamese cat,"(['persian cat', 'leopard', 'giant panda', 'raccoon', 'seal'], [95.16, 17.06, 6.12, -5.49, -8.13])"
D:\ZSL\CNN\Test_TRIAL_DATASET_1-CLASS_1\persian_cat\persian+cat_10662.jpg,persian_cat,siamese_cat,23,13,siamese cat,"(['persian cat', 'leopard', 'giant panda', 'raccoon', 'seal'], [95.16, 17.06, 6.12, -5.49, -8.13])"
D:\ZSL\CNN\Test_TRIAL_DATASET_1-CLASS_1\persian_cat\persian+cat_10663.jpg,persian_cat,siamese_cat,23,13,siamese cat,"(['persian cat', 'leopard', 'giant panda', 'raccoon', 'seal'], [95.16, 17.06, 6.12, -5.49, -8.13])"
D:\ZSL\CNN\Test_TRIAL_DATASET_1-CLASS_1\persian_cat\persian+cat_10664.jpg,persian_cat,siamese_cat,23,13,siamese cat,"(['persian cat', 'leopard', 'giant panda', 'raccoon', 'seal'], [95.16, 17.06, 6.12, -5.49, -8.13])"
D:\ZSL\CNN\Test_TRIAL_DATASET_1-CLASS_1\persian_cat\persian+cat_10665.jpg,persian_cat,siamese_cat,23,13,siamese cat,"(['persian cat', 'leopard', 'giant panda', 'raccoon', 'seal'], [95.16, 17.06, 6.12, -5.49, -8.13])"
D:\ZSL\CNN\Test_TRIAL_DATASET_1-CLASS_1\persian_cat\persian+cat_10666.jpg,persian_cat,siamese_cat,23,13,siamese cat,"(['persian cat', 'leopard', 'giant panda', 'raccoon', 'seal'], [95.16, 17.06, 6.12, -5.49, -8.13])"
D:\ZSL\CNN\Test_TRIAL_DATASET_1-CLASS_1\persian_cat\persian+cat_10667.jpg,persian_cat,siamese_cat,23,13,siamese cat,"(['persian cat', 'leopard', 'giant panda', 'raccoon', 'seal'], [95.16, 17.06, 6.12, -5.49, -8.13])"
D:\ZSL\CNN\Test_TRIAL_DATASET_1-CLASS_1\persian_cat\persian+cat_10668.jpg,persian_cat,siamese_cat,23,13,siamese cat,"(['persian cat', 'leopard', 'giant panda', 'raccoon', 'seal'], [95.16, 17.06, 6.12, -5.49, -8.13])"
D:\ZSL\CNN\Test_TRIAL_DATASET_1-CLASS_1\persian_cat\persian+cat_10669.jpg,persian_cat,siamese_cat,23,13,siamese cat,"(['persian cat', 'leopard', 'giant panda', 'raccoon', 'seal'], [95.16, 17.06, 6.12, -5.49, -8.13])"
D:\ZSL\CNN\Test_TRIAL_DATASET_1-CLASS_1\persian_cat\persian+cat_10670.jpg,persian_cat,siamese_cat,23,13,siamese cat,"(['persian cat', 'leopard', 'giant panda', 'raccoon', 'seal'], [95.16, 17.06, 6.12, -5.49, -8.13])"
D:\ZSL\CNN\Test_TRIAL_DATASET_1-CLASS_1\persian_cat\persian+cat_10671.jpg,persian_cat,siamese_cat,23,13,siamese cat,"(['persian cat', 'leopard', 'giant panda', 'raccoon', 'seal'], [95.16, 17.06, 6.12, -5.49, -8.13])"
D:\ZSL\CNN\Test_TRIAL_DATASET_1-CLASS_1\persian_cat\persian+cat_10672.jpg,persian_cat,siamese_cat,23,13,siamese cat,"(['persian cat', 'leopard', 'giant panda', 'raccoon', 'seal'], [95.16, 17.06, 6.12, -5.49, -8.13])"
D:\ZSL\CNN\Test_TRIAL_DATASET_1-CLASS_1\persian_cat\persian+cat_10673.jpg,persian_cat,siamese_cat,23,13,siamese cat,"(['persian cat', 'leopard', 'giant panda', 'raccoon', 'seal'], [95.16, 17.06, 6.12, -5.49, -8.13])"
D:\ZSL\CNN\Test_TRIAL_DATASET_1-CLASS_1\persian_cat\persian+cat_10674.jpg,persian_cat,siamese_cat,23,13,siamese cat,"(['persian cat', 'leopard', 'giant panda', 'raccoon', 'seal'], [95.16, 17.06, 6.12, -5.49, -8.13])"
D:\ZSL\CNN\Test_TRIAL_DATASET_1-CLASS_1\persian_cat\persian+cat_10675.jpg,persian_cat,siamese_cat,23,13,siamese cat,"(['persian cat', 'leopard', 'giant panda', 'raccoon', 'seal'], [95.16, 17.06, 6.12, -5.49, -8.13])"
D:\ZSL\CNN\Test_TRIAL_DATASET_1-CLASS_1\persian_cat\persian+cat_10676.jpg,persian_cat,siamese_cat,23,13,siamese cat,"(['persian cat', 'leopard', 'giant panda', 'raccoon', 'seal'], [95.16, 17.06, 6.12, -5.49, -8.13])"
D:\ZSL\CNN\Test_TRIAL_DATASET_1-CLASS_1\persian_cat\persian+cat_10677.jpg,persian_cat,siamese_cat,23,13,siamese cat,"(['persian cat', 'leopard', 'giant panda', 'raccoon', 'seal'], [95.16, 17.06, 6.12, -5.49, -8.13])"
D:\ZSL\CNN\Test_TRIAL_DATASET_1-CLASS_1\persian_cat\persian+cat_10678.jpg,persian_cat,siamese_cat,23,13,siamese cat,"(['persian cat', 'leopard', 'giant panda', 'raccoon', 'seal'], [95.16, 17.06, 6.12, -5.49, -8.13])"
D:\ZSL\CNN\Test_TRIAL_DATASET_1-CLASS_1\persian_cat\persian+cat_10679.jpg,persian_cat,mouse,23,9,mouse,"(['rat', 'leopard', 'pig', 'raccoon', 'persian cat'], [84.74, 53.94, 16.24, -3.35, -10.14])"
D:\ZSL\CNN\Test_TRIAL_DATASET_1-CLASS_1\persian_cat\persian+cat_10680.jpg,persian_cat,siamese_cat,23,13,siamese cat,"(['persian cat', 'leopard', 'giant panda', 'raccoon', 'seal'], [95.16, 17.06, 6.12, -5.49, -8.13])"
D:\ZSL\CNN\Test_TRIAL_DATASET_1-CLASS_1\persian_cat\persian+cat_10681.jpg,persian_cat,siamese_cat,23,13,siamese cat,"(['persian cat', 'leopard', 'giant panda', 'raccoon', 'seal'], [95.16, 17.06, 6.12, -5.49, -8.13])"
D:\ZSL\CNN\Test_TRIAL_DATASET_1-CLASS_1\persian_cat\persian+cat_10682.jpg,persian_cat,siamese_cat,23,13,siamese cat,"(['persian cat', 'leopard', 'giant panda', 'raccoon', 'seal'], [95.16, 17.06, 6.12, -5.49, -8.13])"
D:\ZSL\CNN\Test_TRIAL_DATASET_1-CLASS_1\persian_cat\persian+cat_10683.jpg,persian_cat,siamese_cat,23,13,siamese cat,"(['persian cat', 'leopard', 'giant panda', 'raccoon', 'seal'], [95.16, 17.06, 6.12, -5.49, -8.13])"
D:\ZSL\CNN\Test_TRIAL_DATASET_1-CLASS_1\persian_cat\persian+cat_10684.jpg,persian_cat,siamese_cat,23,13,siamese cat,"(['persian cat', 'leopard', 'giant panda', 'raccoon', 'seal'], [95.16, 17.06, 6.12, -5.49, -8.13])"
D:\ZSL\CNN\Test_TRIAL_DATASET_1-CLASS_1\persian_cat\persian+cat_10685.jpg,persian_cat,siamese_cat,23,13,siamese cat,"(['persian cat', 'leopard', 'giant panda', 'raccoon', 'seal'], [95.16, 17.06, 6.12, -5.49, -8.13])"
D:\ZSL\CNN\Test_TRIAL_DATASET_1-CLASS_1\persian_cat\persian+cat_10686.jpg,persian_cat,siamese_cat,23,13,siamese cat,"(['persian cat', 'leopard', 'giant panda', 'raccoon', 'seal'], [95.16, 17.06, 6.12, -5.49, -8.13])"
D:\ZSL\CNN\Test_TRIAL_DATASET_1-CLASS_1\persian_cat\persian+cat_10687.jpg,persian_cat,siamese_cat,23,13,siamese cat,"(['persian cat', 'leopard', 'giant panda', 'raccoon', 'seal'], [95.16, 17.06, 6.12, -5.49, -8.13])"
D:\ZSL\CNN\Test_TRIAL_DATASET_1-CLASS_1\persian_cat\persian+cat_10688.jpg,persian_cat,siamese_cat,23,13,siamese cat,"(['persian cat', 'leopard', 'giant panda', 'raccoon', 'seal'], [95.16, 17.06, 6.12, -5.49, -8.13])"
D:\ZSL\CNN\Test_TRIAL_DATASET_1-CLASS_1\persian_cat\persian+cat_10689.jpg,persian_cat,siamese_cat,23,13,siamese cat,"(['persian cat', 'leopard', 'giant panda', 'raccoon', 'seal'], [95.16, 17.06, 6.12, -5.49, -8.13])"
D:\ZSL\CNN\Test_TRIAL_DATASET_1-CLASS_1\persian_cat\persian+cat_10690.jpg,persian_cat,siamese_cat,23,13,siamese cat,"(['persian cat', 'leopard', 'giant panda', 'raccoon', 'seal'], [95.16, 17.06, 6.12, -5.49, -8.13])"
D:\ZSL\CNN\Test_TRIAL_DATASET_1-CLASS_1\persian_cat\persian+cat_10691.jpg,persian_cat,dolphin,23,4,dolphin,"(['humpback whale', 'seal', 'leopard', 'rat', 'chimpanzee'], [72.35, 51.32, 7.29, -5.12, -8.04])"
D:\ZSL\CNN\Test_TRIAL_DATASET_1-CLASS_1\persian_cat\persian+cat_10692.jpg,persian_cat,siamese_cat,23,13,siamese cat,"(['persian cat', 'leopard', 'giant panda', 'raccoon', 'seal'], [95.16, 17.06, 6.12, -5.49, -8.13])"
D:\ZSL\CNN\Test_TRIAL_DATASET_1-CLASS_1\persian_cat\persian+cat_10693.jpg,persian_cat,siamese_cat,23,13,siamese cat,"(['persian cat', 'leopard', 'giant panda', 'raccoon', 'seal'], [95.16, 17.06, 6.12, -5.49, -8.13])"
D:\ZSL\CNN\Test_TRIAL_DATASET_1-CLASS_1\persian_cat\persian+cat_10694.jpg,persian_cat,siamese_cat,23,13,siamese cat,"(['persian cat', 'leopard', 'giant panda', 'raccoon', 'seal'], [95.16, 17.06, 6.12, -5.49, -8.13])"
D:\ZSL\CNN\Test_TRIAL_DATASET_1-CLASS_1\persian_cat\persian+cat_10695.jpg,persian_cat,siamese_cat,23,13,siamese cat,"(['persian cat', 'leopard', 'giant panda', 'raccoon', 'seal'], [95.16, 17.06, 6.12, -5.49, -8.13])"
D:\ZSL\CNN\Test_TRIAL_DATASET_1-CLASS_1\persian_cat\persian+cat_10696.jpg,persian_cat,siamese_cat,23,13,siamese cat,"(['persian cat', 'leopard', 'giant panda', 'raccoon', 'seal'], [95.16, 17.06, 6.12, -5.49, -8.13])"
D:\ZSL\CNN\Test_TRIAL_DATASET_1-CLASS_1\persian_cat\persian+cat_10697.jpg,persian_cat,siamese_cat,23,13,siamese cat,"(['persian cat', 'leopard', 'giant panda', 'raccoon', 'seal'], [95.16, 17.06, 6.12, -5.49, -8.13])"
D:\ZSL\CNN\Test_TRIAL_DATASET_1-CLASS_1\persian_cat\persian+cat_10698.jpg,persian_cat,siamese_cat,23,13,siamese cat,"(['persian cat', 'leopard', 'giant panda', 'raccoon', 'seal'], [95.16, 17.06, 6.12, -5.49, -8.13])"
D:\ZSL\CNN\Test_TRIAL_DATASET_1-CLASS_1\persian_cat\persian+cat_10699.jpg,persian_cat,siamese_cat,23,13,siamese cat,"(['persian cat', 'leopard', 'giant panda', 'raccoon', 'seal'], [95.16, 17.06, 6.12, -5.49, -8.13])"
D:\ZSL\CNN\Test_TRIAL_DATASET_1-CLASS_1\persian_cat\persian+cat_10700.jpg,persian_cat,bobcat,23,2,bobcat,"(['raccoon', 'persian cat', 'humpback whale', 'leopard', 'giant panda'], [59.41, 32.03, 16.81, 10.53, 3.26])"
D:\ZSL\CNN\Test_TRIAL_DATASET_1-CLASS_1\persian_cat\persian+cat_10701.jpg,persian_cat,siamese_cat,23,13,siamese cat,"(['persian cat', 'leopard', 'giant panda', 'raccoon', 'seal'], [95.16, 17.06, 6.12, -5.49, -8.13])"
D:\ZSL\CNN\Test_TRIAL_DATASET_1-CLASS_1\persian_cat\persian+cat_10702.jpg,persian_cat,siamese_cat,23,13,siamese cat,"(['persian cat', 'leopard', 'giant panda', 'raccoon', 'seal'], [95.16, 17.06, 6.12, -5.49, -8.13])"
D:\ZSL\CNN\Test_TRIAL_DATASET_1-CLASS_1\persian_cat\persian+cat_10703.jpg,persian_cat,siamese_cat,23,13,siamese cat,"(['persian cat', 'leopard', 'giant panda', 'raccoon', 'seal'], [95.16, 17.06, 6.12, -5.49, -8.13])"
D:\ZSL\CNN\Test_TRIAL_DATASET_1-CLASS_1\persian_cat\persian+cat_10704.jpg,persian_cat,siamese_cat,23,13,siamese cat,"(['persian cat', 'leopard', 'giant panda', 'raccoon', 'seal'], [95.16, 17.06, 6.12, -5.49, -8.13])"
D:\ZSL\CNN\Test_TRIAL_DATASET_1-CLASS_1\persian_cat\persian+cat_10705.jpg,persian_cat,lion,23,7,lion,"(['leopard', 'pig', 'persian cat', 'seal', 'rat'], [88.04, 15.11, 8.32, 2.8, 0.79])"
D:\ZSL\CNN\Test_TRIAL_DATASET_1-CLASS_1\persian_cat\persian+cat_10706.jpg,persian_cat,siamese_cat,23,13,siamese cat,"(['persian cat', 'leopard', 'giant panda', 'raccoon', 'seal'], [95.16, 17.06, 6.12, -5.49, -8.13])"
D:\ZSL\CNN\Test_TRIAL_DATASET_1-CLASS_1\persian_cat\persian+cat_10707.jpg,persian_cat,siamese_cat,23,13,siamese cat,"(['persian cat', 'leopard', 'giant panda', 'raccoon', 'seal'], [95.16, 17.06, 6.12, -5.49, -8.13])"
D:\ZSL\CNN\Test_TRIAL_DATASET_1-CLASS_1\persian_cat\persian+cat_10708.jpg,persian_cat,siamese_cat,23,13,siamese cat,"(['persian cat', 'leopard', 'giant panda', 'raccoon', 'seal'], [95.16, 17.06, 6.12, -5.49, -8.13])"
D:\ZSL\CNN\Test_TRIAL_DATASET_1-CLASS_1\persian_cat\persian+cat_10709.jpg,persian_cat,siamese_cat,23,13,siamese cat,"(['persian cat', 'leopard', 'giant panda', 'raccoon', 'seal'], [95.16, 17.06, 6.12, -5.49, -8.13])"
D:\ZSL\CNN\Test_TRIAL_DATASET_1-CLASS_1\persian_cat\persian+cat_10710.jpg,persian_cat,siamese_cat,23,13,siamese cat,"(['persian cat', 'leopard', 'giant panda', 'raccoon', 'seal'], [95.16, 17.06, 6.12, -5.49, -8.13])"
D:\ZSL\CNN\Test_TRIAL_DATASET_1-CLASS_1\persian_cat\persian+cat_10711.jpg,persian_cat,siamese_cat,23,13,siamese cat,"(['persian cat', 'leopard', 'giant panda', 'raccoon', 'seal'], [95.16, 17.06, 6.12, -5.49, -8.13])"
D:\ZSL\CNN\Test_TRIAL_DATASET_1-CLASS_1\persian_cat\persian+cat_10712.jpg,persian_cat,siamese_cat,23,13,siamese cat,"(['persian cat', 'leopard', 'giant panda', 'raccoon', 'seal'], [95.16, 17.06, 6.12, -5.49, -8.13])"
D:\ZSL\CNN\Test_TRIAL_DATASET_1-CLASS_1\persian_cat\persian+cat_10713.jpg,persian_cat,siamese_cat,23,13,siamese cat,"(['persian cat', 'leopard', 'giant panda', 'raccoon', 'seal'], [95.16, 17.06, 6.12, -5.49, -8.13])"
D:\ZSL\CNN\Test_TRIAL_DATASET_1-CLASS_1\persian_cat\persian+cat_10714.jpg,persian_cat,siamese_cat,23,13,siamese cat,"(['persian cat', 'leopard', 'giant panda', 'raccoon', 'seal'], [95.16, 17.06, 6.12, -5.49, -8.13])"
D:\ZSL\CNN\Test_TRIAL_DATASET_1-CLASS_1\persian_cat\persian+cat_10715.jpg,persian_cat,siamese_cat,23,13,siamese cat,"(['persian cat', 'leopard', 'giant panda', 'raccoon', 'seal'], [95.16, 17.06, 6.12, -5.49, -8.13])"
D:\ZSL\CNN\Test_TRIAL_DATASET_1-CLASS_1\persian_cat\persian+cat_10716.jpg,persian_cat,siamese_cat,23,13,siamese cat,"(['persian cat', 'leopard', 'giant panda', 'raccoon', 'seal'], [95.16, 17.06, 6.12, -5.49, -8.13])"
D:\ZSL\CNN\Test_TRIAL_DATASET_1-CLASS_1\persian_cat\persian+cat_10717.jpg,persian_cat,siamese_cat,23,13,siamese cat,"(['persian cat', 'leopard', 'giant panda', 'raccoon', 'seal'], [95.16, 17.06, 6.12, -5.49, -8.13])"
D:\ZSL\CNN\Test_TRIAL_DATASET_1-CLASS_1\persian_cat\persian+cat_10718.jpg,persian_cat,siamese_cat,23,13,siamese cat,"(['persian cat', 'leopard', 'giant panda', 'raccoon', 'seal'], [95.16, 17.06, 6.12, -5.49, -8.13])"
D:\ZSL\CNN\Test_TRIAL_DATASET_1-CLASS_1\persian_cat\persian+cat_10719.jpg,persian_cat,skunk,23,14,skunk,"(['rat', 'raccoon', 'seal', 'pig', 'giant panda'], [62.36, 41.18, 24.96, 18.58, -0.51])"
D:\ZSL\CNN\Test_TRIAL_DATASET_1-CLASS_1\persian_cat\persian+cat_10720.jpg,persian_cat,siamese_cat,23,13,siamese cat,"(['persian cat', 'leopard', 'giant panda', 'raccoon', 'seal'], [95.16, 17.06, 6.12, -5.49, -8.13])"
D:\ZSL\CNN\Test_TRIAL_DATASET_1-CLASS_1\persian_cat\persian+cat_10721.jpg,persian_cat,siamese_cat,23,13,siamese cat,"(['persian cat', 'leopard', 'giant panda', 'raccoon', 'seal'], [95.16, 17.06, 6.12, -5.49, -8.13])"
D:\ZSL\CNN\Test_TRIAL_DATASET_1-CLASS_1\persian_cat\persian+cat_10722.jpg,persian_cat,rabbit,23,11,rabbit,"(['pig', 'rat', 'giant panda', 'raccoon', 'leopard'], [65.11, 46.21, 18.84, 14.3, -5.72])"
D:\ZSL\CNN\Test_TRIAL_DATASET_1-CLASS_1\persian_cat\persian+cat_10723.jpg,persian_cat,siamese_cat,23,13,siamese cat,"(['persian cat', 'leopard', 'giant panda', 'raccoon', 'seal'], [95.16, 17.06, 6.12, -5.49, -8.13])"
D:\ZSL\CNN\Test_TRIAL_DATASET_1-CLASS_1\persian_cat\persian+cat_10724.jpg,persian_cat,siamese_cat,23,13,siamese cat,"(['persian cat', 'leopard', 'giant panda', 'raccoon', 'seal'], [95.16, 17.06, 6.12, -5.49, -8.13])"
D:\ZSL\CNN\Test_TRIAL_DATASET_1-CLASS_1\persian_cat\persian+cat_10725.jpg,persian_cat,siamese_cat,23,13,siamese cat,"(['persian cat', 'leopard', 'giant panda', 'raccoon', 'seal'], [95.16, 17.06, 6.12, -5.49, -8.13])"
D:\ZSL\CNN\Test_TRIAL_DATASET_1-CLASS_1\persian_cat\persian+cat_10726.jpg,persian_cat,siamese_cat,23,13,siamese cat,"(['persian cat', 'leopard', 'giant panda', 'raccoon', 'seal'], [95.16, 17.06, 6.12, -5.49, -8.13])"
D:\ZSL\CNN\Test_TRIAL_DATASET_1-CLASS_1\persian_cat\persian+cat_10727.jpg,persian_cat,siamese_cat,23,13,siamese cat,"(['persian cat', 'leopard', 'giant panda', 'raccoon', 'seal'], [95.16, 17.06, 6.12, -5.49, -8.13])"
D:\ZSL\CNN\Test_TRIAL_DATASET_1-CLASS_1\persian_cat\persian+cat_10728.jpg,persian_cat,siamese_cat,23,13,siamese cat,"(['persian cat', 'leopard', 'giant panda', 'raccoon', 'seal'], [95.16, 17.06, 6.12, -5.49, -8.13])"
D:\ZSL\CNN\Test_TRIAL_DATASET_1-CLASS_1\persian_cat\persian+cat_10729.jpg,persian_cat,siamese_cat,23,13,siamese cat,"(['persian cat', 'leopard', 'giant panda', 'raccoon', 'seal'], [95.16, 17.06, 6.12, -5.49, -8.13])"
D:\ZSL\CNN\Test_TRIAL_DATASET_1-CLASS_1\persian_cat\persian+cat_10730.jpg,persian_cat,siamese_cat,23,13,siamese cat,"(['persian cat', 'leopard', 'giant panda', 'raccoon', 'seal'], [95.16, 17.06, 6.12, -5.49, -8.13])"
D:\ZSL\CNN\Test_TRIAL_DATASET_1-CLASS_1\persian_cat\persian+cat_10731.jpg,persian_cat,skunk,23,14,skunk,"(['rat', 'raccoon', 'seal', 'pig', 'giant panda'], [62.36, 41.18, 24.96, 18.58, -0.51])"
D:\ZSL\CNN\Test_TRIAL_DATASET_1-CLASS_1\persian_cat\persian+cat_10732.jpg,persian_cat,siamese_cat,23,13,siamese cat,"(['persian cat', 'leopard', 'giant panda', 'raccoon', 'seal'], [95.16, 17.06, 6.12, -5.49, -8.13])"
D:\ZSL\CNN\Test_TRIAL_DATASET_1-CLASS_1\persian_cat\persian+cat_10733.jpg,persian_cat,siamese_cat,23,13,siamese cat,"(['persian cat', 'leopard', 'giant panda', 'raccoon', 'seal'], [95.16, 17.06, 6.12, -5.49, -8.13])"
D:\ZSL\CNN\Test_TRIAL_DATASET_1-CLASS_1\persian_cat\persian+cat_10734.jpg,persian_cat,siamese_cat,23,13,siamese cat,"(['persian cat', 'leopard', 'giant panda', 'raccoon', 'seal'], [95.16, 17.06, 6.12, -5.49, -8.13])"
D:\ZSL\CNN\Test_TRIAL_DATASET_1-CLASS_1\persian_cat\persian+cat_10735.jpg,persian_cat,siamese_cat,23,13,siamese cat,"(['persian cat', 'leopard', 'giant panda', 'raccoon', 'seal'], [95.16, 17.06, 6.12, -5.49, -8.13])"
D:\ZSL\CNN\Test_TRIAL_DATASET_1-CLASS_1\persian_cat\persian+cat_10736.jpg,persian_cat,siamese_cat,23,13,siamese cat,"(['persian cat', 'leopard', 'giant panda', 'raccoon', 'seal'], [95.16, 17.06, 6.12, -5.49, -8.13])"
D:\ZSL\CNN\Test_TRIAL_DATASET_1-CLASS_1\persian_cat\persian+cat_10737.jpg,persian_cat,mouse,23,9,mouse,"(['rat', 'leopard', 'pig', 'raccoon', 'persian cat'], [84.74, 53.94, 16.24, -3.35, -10.14])"
D:\ZSL\CNN\Test_TRIAL_DATASET_1-CLASS_1\persian_cat\persian+cat_10738.jpg,persian_cat,siamese_cat,23,13,siamese cat,"(['persian cat', 'leopard', 'giant panda', 'raccoon', 'seal'], [95.16, 17.06, 6.12, -5.49, -8.13])"
D:\ZSL\CNN\Test_TRIAL_DATASET_1-CLASS_1\persian_cat\persian+cat_10739.jpg,persian_cat,siamese_cat,23,13,siamese cat,"(['persian cat', 'leopard', 'giant panda', 'raccoon', 'seal'], [95.16, 17.06, 6.12, -5.49, -8.13])"
D:\ZSL\CNN\Test_TRIAL_DATASET_1-CLASS_1\persian_cat\persian+cat_10740.jpg,persian_cat,siamese_cat,23,13,siamese cat,"(['persian cat', 'leopard', 'giant panda', 'raccoon', 'seal'], [95.16, 17.06, 6.12, -5.49, -8.13])"
D:\ZSL\CNN\Test_TRIAL_DATASET_1-CLASS_1\persian_cat\persian+cat_10741.jpg,persian_cat,siamese_cat,23,13,siamese cat,"(['persian cat', 'leopard', 'giant panda', 'raccoon', 'seal'], [95.16, 17.06, 6.12, -5.49, -8.13])"
D:\ZSL\CNN\Test_TRIAL_DATASET_1-CLASS_1\persian_cat\persian+cat_10742.jpg,persian_cat,siamese_cat,23,13,siamese cat,"(['persian cat', 'leopard', 'giant panda', 'raccoon', 'seal'], [95.16, 17.06, 6.12, -5.49, -8.13])"
D:\ZSL\CNN\Test_TRIAL_DATASET_1-CLASS_1\persian_cat\persian+cat_10743.jpg,persian_cat,siamese_cat,23,13,siamese cat,"(['persian cat', 'leopard', 'giant panda', 'raccoon', 'seal'], [95.16, 17.06, 6.12, -5.49, -8.13])"
D:\ZSL\CNN\Test_TRIAL_DATASET_1-CLASS_1\persian_cat\persian+cat_10744.jpg,persian_cat,siamese_cat,23,13,siamese cat,"(['persian cat', 'leopard', 'giant panda', 'raccoon', 'seal'], [95.16, 17.06, 6.12, -5.49, -8.13])"
D:\ZSL\CNN\Test_TRIAL_DATASET_1-CLASS_1\persian_cat\persian+cat_10745.jpg,persian_cat,siamese_cat,23,13,siamese cat,"(['persian cat', 'leopard', 'giant panda', 'raccoon', 'seal'], [95.16, 17.06, 6.12, -5.49, -8.13])"
D:\ZSL\CNN\Test_TRIAL_DATASET_1-CLASS_1\persian_cat\persian+cat_10746.jpg,persian_cat,siamese_cat,23,13,siamese cat,"(['persian cat', 'leopard', 'giant panda', 'raccoon', 'seal'], [95.16, 17.06, 6.12, -5.49, -8.13])"
D:\ZSL\CNN\Test_TRIAL_DATASET_1-CLASS_1\persian_cat\persian+cat_10747.jpg,persian_cat,siamese_cat,23,13,siamese cat,"(['persian cat', 'leopard', 'giant panda', 'raccoon', 'seal'], [95.16, 17.06, 6.12, -5.49, -8.13])"
